feeder,topology_case,episode_id,start_index,mlp_cost,gnn_cost,gnn_architecture,difference_gnn_minus_mlp,improvement_percent,winner
IEEE33,TP1,0,32064,364.340747685379,349.1925947195673,gcn,-15.148152965811676,4.157688389796202,gcn
IEEE33,TP1,1,32160,295.8449610146694,280.68828075196865,gcn,-15.156680262700775,5.123183511633052,gcn
IEEE33,TP1,2,32256,517.521914879484,510.2001098455209,gcn,-7.32180503396313,1.4147816398592836,gcn
IEEE33,TP1,3,32352,595.2067568070696,576.4240250794703,gcn,-18.782731727599298,3.155665071471548,gcn
IEEE33,TP1,4,32448,774.6194901318789,782.4042757935454,gcn,7.784785661666433,-1.0049818989632024,mlp
IEEE33,TP1,5,32544,1382.1506774261852,1378.6740813605963,gcn,-3.476596065588865,0.25153524303608604,gcn
IEEE33,TP1,6,32640,1233.113618883736,1231.462046712587,gcn,-1.651572171149155,0.13393511723957963,gcn
IEEE33,TP1,7,32736,689.4335281518479,692.9172224866987,gcn,3.4836943348508385,-0.5052980733602433,mlp
IEEE33,TP1,8,32832,434.4920579399133,418.5594593660514,gcn,-15.932598573861924,3.6669481714819447,gcn
IEEE33,TP1,9,32928,699.8631086647497,682.0168589268006,gcn,-17.84624973794905,2.549962916604854,gcn
IEEE33,TP1,10,33024,827.8270836739681,820.7442953787036,gcn,-7.08278829526455,0.8555878920789258,gcn
IEEE33,TP1,11,33120,880.2672990949274,881.0359087691808,gcn,0.7686096742534119,-0.08731548644868217,mlp
IEEE33,TP1,12,33216,580.873518601754,563.643600276404,gcn,-17.229918325350013,2.966208266271959,gcn
IEEE33,TP1,13,33312,785.0616220992166,779.2673569834841,gcn,-5.7942651157325145,0.738065006953076,gcn
IEEE33,TP1,14,33408,378.5364358533547,369.45021335132645,gcn,-9.08622250202825,2.400356119363965,gcn
IEEE33,TP1,15,33504,332.89506021988456,335.6581804231775,gcn,2.7631202032929423,-0.8300273970625579,mlp
IEEE33,TP1,16,33600,570.2667550767693,566.4650758278099,gcn,-3.801679248959431,0.6666492856396037,gcn
IEEE33,TP1,17,33696,721.2547896275559,721.2514274877275,gcn,-0.0033621398283685267,0.0004661514733378312,gcn
IEEE33,TP1,18,33792,890.0341198945185,886.3844413527207,gcn,-3.6496785417978117,0.4100605201776253,gcn
IEEE33,TP1,19,33888,464.5849235773823,457.795756810181,gcn,-6.789166767201323,1.4613403110293792,gcn
IEEE33,TP1,20,33984,435.9289705069918,431.9563541051339,gcn,-3.972616401857863,0.9112990121389849,gcn
IEEE33,TP1,21,34080,305.42989158500774,301.73543725898634,gcn,-3.6944543260214004,1.2095916044265609,gcn
IEEE33,TP1,22,34176,243.37179144093227,238.6056050909758,gcn,-4.766186349956456,1.9583972003235375,gcn
IEEE33,TP1,23,34272,612.7506823198634,617.9498831644439,gcn,5.1992008445805595,-0.8485018449749376,mlp
IEEE33,TP1,24,34368,698.080198844531,700.8537364666381,gcn,2.773537622107142,-0.3973093101190849,mlp
IEEE33,TP1,25,34464,898.4770656290189,895.5138106179162,gcn,-2.9632550111026603,0.3298086422526658,gcn
IEEE33,TP1,26,34560,527.9963392369149,519.3057020335831,gcn,-8.69063720333179,1.6459654276944242,gcn
IEEE33,TP1,27,34656,417.4378028732945,413.8178582424735,gcn,-3.61994463082101,0.8671817947259024,gcn
IEEE33,TP1,28,34752,346.81286396179894,350.44894153523734,gcn,3.636077573438399,-1.048426385313928,mlp
IEEE33,TP1,29,34848,379.5817623933504,379.2630946083286,gcn,-0.31866778502183024,0.08395234349842218,gcn
IEEE33,TP1,30,34944,485.4322607444149,493.1267079991944,gcn,7.694447254779504,-1.5850712606080193,mlp
IEEE33,TP1,0,32064,364.340747685379,363.50085302986326,gat,-0.8398946555157067,0.23052449138655917,gat
IEEE33,TP1,1,32160,295.8449610146694,295.2049630357208,gat,-0.6399979789485997,0.21632884222654225,gat
IEEE33,TP1,2,32256,517.521914879484,512.1511074902774,gat,-5.370807389206675,1.0377932286128175,gat
IEEE33,TP1,3,32352,595.2067568070696,594.6980093124897,gat,-0.5087474945798931,0.08547407917696045,gat
IEEE33,TP1,4,32448,774.6194901318789,773.4710806286183,gat,-1.1484095032606092,0.1482546615326052,gat
IEEE33,TP1,5,32544,1382.1506774261852,1372.9523261828429,gat,-9.198351243342358,0.6655100195350158,gat
IEEE33,TP1,6,32640,1233.113618883736,1226.3108798214175,gat,-6.802739062318551,0.5516717160643042,gat
IEEE33,TP1,7,32736,689.4335281518479,696.6091754221507,gat,7.175647270302761,-1.0408033519255135,mlp
IEEE33,TP1,8,32832,434.4920579399133,442.58314624402874,gat,8.09108830411543,-1.862194752759868,mlp
IEEE33,TP1,9,32928,699.8631086647497,695.9653578080209,gat,-3.8977508567287487,0.5569304637538567,gat
IEEE33,TP1,10,33024,827.8270836739681,820.0960994721303,gat,-7.730984201837828,0.9338887739124277,gat
IEEE33,TP1,11,33120,880.2672990949274,879.1422373532687,gat,-1.1250617416586692,0.1278091033048069,gat
IEEE33,TP1,12,33216,580.873518601754,582.8692958651585,gat,1.995777263404534,-0.34358207070769153,mlp
IEEE33,TP1,13,33312,785.0616220992166,784.881302326305,gat,-0.18031977291161638,0.02296886866402284,gat
IEEE33,TP1,14,33408,378.5364358533547,376.6654384135641,gat,-1.8709974397905853,0.49427142609738395,gat
IEEE33,TP1,15,33504,332.89506021988456,341.2520361219136,gat,8.356975902029035,-2.510393484514029,mlp
IEEE33,TP1,16,33600,570.2667550767693,564.0292395193295,gat,-6.237515557439792,1.093789091142109,gat
IEEE33,TP1,17,33696,721.2547896275559,722.905651741834,gat,1.6508621142781976,-0.22888750799570784,mlp
IEEE33,TP1,18,33792,890.0341198945185,889.5100396605714,gat,-0.5240802339471884,0.05888316214318831,gat
IEEE33,TP1,19,33888,464.5849235773823,461.899940593612,gat,-2.6849829837703396,0.57793157881567,gat
IEEE33,TP1,20,33984,435.9289705069918,431.9076352669067,gat,-4.0213352400850795,0.9224748782830854,gat
IEEE33,TP1,21,34080,305.42989158500774,301.77126222650094,gat,-3.6586293585068006,1.1978622457417614,gat
IEEE33,TP1,22,34176,243.37179144093227,240.15632436062523,gat,-3.215467080307036,1.3212160132730288,gat
IEEE33,TP1,23,34272,612.7506823198634,617.8357741248368,gat,5.085091804973445,-0.8298794194273886,mlp
IEEE33,TP1,24,34368,698.080198844531,699.5676155543651,gat,1.4874167098341786,-0.21307246822015077,mlp
IEEE33,TP1,25,34464,898.4770656290189,895.5754521154244,gat,-2.901613513594498,0.3229479777052622,gat
IEEE33,TP1,26,34560,527.9963392369149,522.3881040228558,gat,-5.60823521405905,1.0621731245645254,gat
IEEE33,TP1,27,34656,417.4378028732945,413.7459112216877,gat,-3.691891651606795,0.8844171817202191,gat
IEEE33,TP1,28,34752,346.81286396179894,347.537125124449,gat,0.7242611626500661,-0.20883341937680913,mlp
IEEE33,TP1,29,34848,379.5817623933504,378.1635175685148,gat,-1.4182448248355968,0.37363355285913546,gat
IEEE33,TP1,30,34944,485.4322607444149,479.0045353548062,gat,-6.4277253896087245,1.3241240661985973,gat
IEEE33,TP1,0,32064,364.340747685379,354.90948288449573,tagconv,-9.431264800883241,2.588583588522322,tagconv
IEEE33,TP1,1,32160,295.8449610146694,287.4460882118347,tagconv,-8.398872802834717,2.8389440110890583,tagconv
IEEE33,TP1,2,32256,517.521914879484,510.023574974066,tagconv,-7.4983399054180495,1.448893213954852,tagconv
IEEE33,TP1,3,32352,595.2067568070696,585.3335171947534,tagconv,-9.873239612316183,1.6587915878643993,tagconv
IEEE33,TP1,4,32448,774.6194901318789,768.7104929491302,tagconv,-5.908997182748749,0.7628257819516964,tagconv
IEEE33,TP1,5,32544,1382.1506774261852,1378.1156213778006,tagconv,-4.035056048384604,0.2919403878525465,tagconv
IEEE33,TP1,6,32640,1233.113618883736,1228.0686877381245,tagconv,-5.044931145611599,0.4091213549468761,tagconv
IEEE33,TP1,7,32736,689.4335281518479,689.5861683990491,tagconv,0.1526402472012478,-0.02213995127426248,mlp
IEEE33,TP1,8,32832,434.4920579399133,432.14325073246897,tagconv,-2.348807207444338,0.540586913965907,tagconv
IEEE33,TP1,9,32928,699.8631086647497,684.8153882699222,tagconv,-15.04772039482748,2.1500948126179455,tagconv
IEEE33,TP1,10,33024,827.8270836739681,810.2085213211559,tagconv,-17.618562352812205,2.128290158691052,tagconv
IEEE33,TP1,11,33120,880.2672990949274,870.7196048929778,tagconv,-9.547694201949525,1.084635793214887,tagconv
IEEE33,TP1,12,33216,580.873518601754,570.3572425519584,tagconv,-10.516276049795579,1.81042442339423,tagconv
IEEE33,TP1,13,33312,785.0616220992166,778.6197238629175,tagconv,-6.441898236299153,0.8205595656394246,tagconv
IEEE33,TP1,14,33408,378.5364358533547,370.2788671245592,tagconv,-8.25756872879549,2.1814462087856925,tagconv
IEEE33,TP1,15,33504,332.89506021988456,331.14736695103176,tagconv,-1.7476932688527995,0.5249982585197899,tagconv
IEEE33,TP1,16,33600,570.2667550767693,562.8458569310104,tagconv,-7.420898145758883,1.3013029568521635,tagconv
IEEE33,TP1,17,33696,721.2547896275559,717.8687307950971,tagconv,-3.3860588324587297,0.4694677777054673,tagconv
IEEE33,TP1,18,33792,890.0341198945185,887.239779014692,tagconv,-2.7943408798265637,0.313958849145888,tagconv
IEEE33,TP1,19,33888,464.5849235773823,459.18392534323726,tagconv,-5.4009982341450495,1.1625427257855145,tagconv
IEEE33,TP1,20,33984,435.9289705069918,430.44172243787216,tagconv,-5.48724806911963,1.2587481999046497,tagconv
IEEE33,TP1,21,34080,305.42989158500774,300.9241230796385,tagconv,-4.505768505369247,1.475221852709591,tagconv
IEEE33,TP1,22,34176,243.37179144093227,238.7398680441493,tagconv,-4.63192339678298,1.9032293633369481,tagconv
IEEE33,TP1,23,34272,612.7506823198634,611.8788992291057,tagconv,-0.8717830907576172,0.14227370379369658,tagconv
IEEE33,TP1,24,34368,698.080198844531,692.4810845899427,tagconv,-5.599114254588244,0.8020732093326743,tagconv
IEEE33,TP1,25,34464,898.4770656290189,895.07720502582,tagconv,-3.3998606031988174,0.37840260294441613,tagconv
IEEE33,TP1,26,34560,527.9963392369149,519.9710088668832,tagconv,-8.025330370031725,1.519959471997535,tagconv
IEEE33,TP1,27,34656,417.4378028732945,412.50114637542293,tagconv,-4.9366564978715815,1.1826088734397664,tagconv
IEEE33,TP1,28,34752,346.81286396179894,344.772026866907,tagconv,-2.040837094891913,0.58845484321963,tagconv
IEEE33,TP1,29,34848,379.5817623933504,377.7014903354643,tagconv,-1.8802720578860885,0.49535363501938035,tagconv
IEEE33,TP1,30,34944,485.4322607444149,473.03015489718194,tagconv,-12.402105847232974,2.554858185200594,tagconv
IEEE33,TP2,0,32064,362.1727272392863,347.75228814380154,gcn,-14.420439095484767,3.9816468803177525,gcn
IEEE33,TP2,1,32160,294.51664395566917,280.0047279409362,gcn,-14.511916014732947,4.927367030882401,gcn
IEEE33,TP2,2,32256,512.9328164796277,507.21008178134633,gcn,-5.722734698281386,1.1156889390618034,gcn
IEEE33,TP2,3,32352,590.1244418458333,571.6655373382933,gcn,-18.458904507539955,3.127968136653157,gcn
IEEE33,TP2,4,32448,768.7549035527642,776.9586289050754,gcn,8.203725352311267,-1.067144458448088,mlp
IEEE33,TP2,5,32544,1372.4166435861553,1369.7206637350635,gcn,-2.6959798510918063,0.1964403349151429,gcn
IEEE33,TP2,6,32640,1224.4875324668758,1223.892830868439,gcn,-0.5947015984368136,0.04856738698177812,gcn
IEEE33,TP2,7,32736,685.6007194186808,689.7134486611253,gcn,4.112729242444516,-0.5998723638930381,mlp
IEEE33,TP2,8,32832,432.5843834489271,416.96936500158364,gcn,-15.61501844734346,3.609704613663438,gcn
IEEE33,TP2,9,32928,694.648194750164,676.7058845263105,gcn,-17.942310223853497,2.582934838016328,gcn
IEEE33,TP2,10,33024,819.5541182289995,814.7303633491196,gcn,-4.823754879879971,0.5885828370070028,gcn
IEEE33,TP2,11,33120,873.5853386488369,875.971984581521,gcn,2.3866459326841323,-0.2732012348530856,mlp
IEEE33,TP2,12,33216,575.3096053678003,559.7092103978865,gcn,-15.600394969913737,2.711652095559968,gcn
IEEE33,TP2,13,33312,780.1189707395115,775.1610020577755,gcn,-4.95796868173602,0.6355400737192851,gcn
IEEE33,TP2,14,33408,376.0047595554128,367.71255243632527,gcn,-8.29220711908755,2.2053463176615735,gcn
IEEE33,TP2,15,33504,331.1791578266107,334.9916880714705,gcn,3.812530244859772,-1.1511987257530945,mlp
IEEE33,TP2,16,33600,565.8295356226881,563.5094024058684,gcn,-2.320133216819727,0.4100410230912478,gcn
IEEE33,TP2,17,33696,715.6283062035872,717.4409201823759,gcn,1.8126139787887041,-0.2532898661324107,mlp
IEEE33,TP2,18,33792,884.0556747847864,881.9500277862211,gcn,-2.105646998565362,0.2381803611042889,gcn
IEEE33,TP2,19,33888,460.38032974147524,455.22896763717154,gcn,-5.151362104303701,1.1189361863475853,gcn
IEEE33,TP2,20,33984,431.90975049443387,429.5569004937326,gcn,-2.3528500007012667,0.544755009121191,gcn
IEEE33,TP2,21,34080,303.950731877509,300.7411433847307,gcn,-3.2095884927782663,1.0559568233156018,gcn
IEEE33,TP2,22,34176,242.57554144967423,238.0173244037002,gcn,-4.5582170459740325,1.8790917743533924,gcn
IEEE33,TP2,23,34272,608.3048078162295,613.5786106434596,gcn,5.273802827230043,-0.8669671453300879,mlp
IEEE33,TP2,24,34368,693.4862826991927,696.7039179978925,gcn,3.217635298699861,-0.46397966030072807,mlp
IEEE33,TP2,25,34464,892.6992897942869,889.9939380200348,gcn,-2.705351774252108,0.3030529770977557,gcn
IEEE33,TP2,26,34560,522.4197053815109,516.2258807419196,gcn,-6.193824639591298,1.185603179931372,gcn
IEEE33,TP2,27,34656,413.06576725356757,410.46311538711603,gcn,-2.602651866451538,0.6300817140467259,gcn
IEEE33,TP2,28,34752,345.6680889882791,348.61176421605774,gcn,2.9436752277786127,-0.8515901008954363,mlp
IEEE33,TP2,29,34848,377.6500504630889,377.86014700758807,gcn,0.2100965444991516,-0.055632600668667515,mlp
IEEE33,TP2,30,34944,479.68585504444746,489.7904554293577,gcn,10.104600384910214,-2.106503720851624,mlp
IEEE33,TP2,0,32064,362.1727272392863,361.75750309030536,gat,-0.41522414898093984,0.1146480995811158,gat
IEEE33,TP2,1,32160,294.51664395566917,293.6292019590174,gat,-0.8874419966517735,0.3013215092812723,gat
IEEE33,TP2,2,32256,512.9328164796277,509.5465715986656,gat,-3.386244880962124,0.6601731790534826,gat
IEEE33,TP2,3,32352,590.1244418458333,590.0913486711743,gat,-0.0330931746590295,0.005607829859667956,gat
IEEE33,TP2,4,32448,768.7549035527642,768.2025920356127,gat,-0.5523115171514519,0.07184494233454258,gat
IEEE33,TP2,5,32544,1372.4166435861553,1364.5349780443673,gat,-7.881665541787925,0.5742910200500744,gat
IEEE33,TP2,6,32640,1224.4875324668758,1218.5210500165022,gat,-5.966482450373633,0.4872636341468862,gat
IEEE33,TP2,7,32736,685.6007194186808,693.1564926124632,gat,7.555773193782443,-1.1020661122101745,mlp
IEEE33,TP2,8,32832,432.5843834489271,439.3230927515279,gat,6.738709302600796,-1.5577791433139887,mlp
IEEE33,TP2,9,32928,694.648194750164,692.1438598579965,gat,-2.504334892167435,0.36051844820069534,gat
IEEE33,TP2,10,33024,819.5541182289995,815.9890094647404,gat,-3.5651087642590937,0.43500589954487084,gat
IEEE33,TP2,11,33120,873.5853386488369,873.7603571948479,gat,0.17501854601096056,-0.020034510455688218,mlp
IEEE33,TP2,12,33216,575.3096053678003,578.8296861212151,gat,3.5200807534148453,-0.6118585055023422,mlp
IEEE33,TP2,13,33312,780.1189707395115,779.9065227857174,gat,-0.21244795379413972,0.02723276343257623,gat
IEEE33,TP2,14,33408,376.0047595554128,375.0909800614609,gat,-0.9137794939518926,0.24302338487213393,gat
IEEE33,TP2,15,33504,331.1791578266107,340.09617550246946,gat,8.917017675858744,-2.6925056921991635,mlp
IEEE33,TP2,16,33600,565.8295356226881,561.277651634977,gat,-4.551883987711108,0.8044620687221317,gat
IEEE33,TP2,17,33696,715.6283062035872,718.5316099156512,gat,2.90330371206403,-0.40569995441712964,mlp
IEEE33,TP2,18,33792,884.0556747847864,884.1296821403284,gat,0.074007355541994,-0.008371345567122825,mlp
IEEE33,TP2,19,33888,460.38032974147524,458.06380580826993,gat,-2.3165239332053034,0.5031761314620323,gat
IEEE33,TP2,20,33984,431.90975049443387,428.2109807788983,gat,-3.6987697155355477,0.8563755996018466,gat
IEEE33,TP2,21,34080,303.950731877509,300.4162781779339,gat,-3.5344536995750673,1.1628376999596892,gat
IEEE33,TP2,22,34176,242.57554144967423,239.761931170655,gat,-2.8136102790192297,1.159890342696794,gat
IEEE33,TP2,23,34272,608.3048078162295,614.0027342107358,gat,5.697926394506226,-0.9366893572584724,mlp
IEEE33,TP2,24,34368,693.4862826991927,695.0591063709948,gat,1.572823671802098,-0.22679953606008493,mlp
IEEE33,TP2,25,34464,892.6992897942869,890.2013433425573,gat,-2.4979464517296037,0.27981947339794894,gat
IEEE33,TP2,26,34560,522.4197053815109,519.0676775891073,gat,-3.3520277924035327,0.6416350221620422,gat
IEEE33,TP2,27,34656,413.06576725356757,409.5447457665177,gat,-3.521021487049893,0.8524118351566163,gat
IEEE33,TP2,28,34752,345.6680889882791,346.1632952625664,gat,0.49520627428728403,-0.14326062777061133,mlp
IEEE33,TP2,29,34848,377.6500504630889,376.90915263494344,gat,-0.7408978281454779,0.19618634427215373,gat
IEEE33,TP2,30,34944,479.68585504444746,472.64004730612965,gat,-7.045807738317819,1.4688379205313358,gat
IEEE33,TP2,0,32064,362.1727272392863,353.24034197312676,tagconv,-8.932385266159542,2.4663329384981396,tagconv
IEEE33,TP2,1,32160,294.51664395566917,286.0456757120781,tagconv,-8.470968243591074,2.876227343153526,tagconv
IEEE33,TP2,2,32256,512.9328164796277,507.33008190014834,tagconv,-5.602734579479375,1.0922940391944878,tagconv
IEEE33,TP2,3,32352,590.1244418458333,581.3253540646723,tagconv,-8.799087781161006,1.4910563191788146,tagconv
IEEE33,TP2,4,32448,768.7549035527642,763.725085897112,tagconv,-5.029817655652209,0.6542810500989518,tagconv
IEEE33,TP2,5,32544,1372.4166435861553,1369.520315353526,tagconv,-2.89632823262923,0.2110385535008567,tagconv
IEEE33,TP2,6,32640,1224.4875324668758,1219.886298908451,tagconv,-4.601233558424838,0.37576810187320614,tagconv
IEEE33,TP2,7,32736,685.6007194186808,686.733656735027,tagconv,1.132937316346215,-0.16524739316301038,mlp
IEEE33,TP2,8,32832,432.5843834489271,430.2294209090417,tagconv,-2.3549625398853777,0.5443937945955498,tagconv
IEEE33,TP2,9,32928,694.648194750164,681.7497262096607,tagconv,-12.898468540503245,1.8568346737217516,tagconv
IEEE33,TP2,10,33024,819.5541182289995,804.6661030779583,tagconv,-14.888015151041259,1.8165993947066292,tagconv
IEEE33,TP2,11,33120,873.5853386488369,866.7527075991206,tagconv,-6.8326310497162694,0.782136643946453,tagconv
IEEE33,TP2,12,33216,575.3096053678003,566.8016682056605,tagconv,-8.507937162139797,1.4788449702140123,tagconv
IEEE33,TP2,13,33312,780.1189707395115,774.3297996668151,tagconv,-5.7891710726963765,0.7420882313897006,tagconv
IEEE33,TP2,14,33408,376.0047595554128,368.26774687761286,tagconv,-7.737012677799953,2.0576900906648574,tagconv
IEEE33,TP2,15,33504,331.1791578266107,330.5940730103386,tagconv,-0.585084816272115,0.17666716109545663,tagconv
IEEE33,TP2,16,33600,565.8295356226881,559.7757367215945,tagconv,-6.053798901093614,1.0698980028378133,tagconv
IEEE33,TP2,17,33696,715.6283062035872,714.5881760665276,tagconv,-1.0401301370595775,0.14534502451104467,tagconv
IEEE33,TP2,18,33792,884.0556747847864,881.7754774542005,tagconv,-2.2801973305859065,0.2579246302718429,tagconv
IEEE33,TP2,19,33888,460.38032974147524,456.856248521602,tagconv,-3.52408121987321,0.7654717181014541,tagconv
IEEE33,TP2,20,33984,431.90975049443387,427.9719421162854,tagconv,-3.9378083781484747,0.9117201854416626,tagconv
IEEE33,TP2,21,34080,303.950731877509,299.79553543308805,tagconv,-4.1551964444209375,1.3670624902773605,tagconv
IEEE33,TP2,22,34176,242.57554144967423,237.79492426506772,tagconv,-4.780617184606513,1.9707746115031635,tagconv
IEEE33,TP2,23,34272,608.3048078162295,608.1952151151341,tagconv,-0.10959270109538011,0.018016083333092504,tagconv
IEEE33,TP2,24,34368,693.4862826991927,688.2944666692628,tagconv,-5.191816029929896,0.7486544664909982,tagconv
IEEE33,TP2,25,34464,892.6992897942869,889.4478482646203,tagconv,-3.251441529666522,0.36422584478764203,tagconv
IEEE33,TP2,26,34560,522.4197053815109,516.4162805927098,tagconv,-6.003424788801112,1.1491574163376843,tagconv
IEEE33,TP2,27,34656,413.06576725356757,409.99393683496356,tagconv,-3.0718304186040086,0.7436661815449627,tagconv
IEEE33,TP2,28,34752,345.6680889882791,343.205818776202,tagconv,-2.462270212077101,0.7123221062389103,tagconv
IEEE33,TP2,29,34848,377.6500504630889,376.2588733666426,tagconv,-1.391177096446313,0.3683773098243727,tagconv
IEEE33,TP2,30,34944,479.68585504444746,471.30440817627226,tagconv,-8.381446868175203,1.7472783030882957,tagconv
IEEE33,TP3,0,32064,363.94628037226107,353.73786141880663,gcn,-10.20841895345444,2.804924656191787,gcn
IEEE33,TP3,1,32160,295.80167209736436,285.6516939791225,gcn,-10.149978118241847,3.4313457548343202,gcn
IEEE33,TP3,2,32256,516.4948415200823,513.4693650264359,gcn,-3.0254764936464653,0.5857709023273622,gcn
IEEE33,TP3,3,32352,594.0919013162202,578.8537337349504,gcn,-15.23816758126975,2.56495123860624,gcn
IEEE33,TP3,4,32448,773.2023156014038,781.1914785708117,gcn,7.989162969407857,-1.0332564722331197,mlp
IEEE33,TP3,5,32544,1379.8877701018475,1376.6181319353138,gcn,-3.2696381665336958,0.23694957208674794,gcn
IEEE33,TP3,6,32640,1230.906081775797,1229.6099818442651,gcn,-1.2960999315318986,0.10529641137706039,gcn
IEEE33,TP3,7,32736,688.3679462683364,691.5925258051607,gcn,3.224579536824308,-0.4684383626961209,mlp
IEEE33,TP3,8,32832,433.8864201751607,422.0303640703407,gcn,-11.856056104820027,2.7325252770145965,gcn
IEEE33,TP3,9,32928,699.3969497378445,684.2552225864301,gcn,-15.14172715141433,2.1649690003780995,gcn
IEEE33,TP3,10,33024,826.8183496153939,821.2430918743439,gcn,-5.575257741049995,0.6743026135841572,gcn
IEEE33,TP3,11,33120,878.8467920915697,881.8145802730754,gcn,2.967788181505739,-0.3376911889776251,mlp
IEEE33,TP3,12,33216,579.8254511041496,568.2097002252176,gcn,-11.615750878931976,2.00331856023435,gcn
IEEE33,TP3,13,33312,783.8673925852742,778.8373387741259,gcn,-5.030053811148264,0.6416970343106934,gcn
IEEE33,TP3,14,33408,377.7866911375924,372.8585026665842,gcn,-4.928188471008241,1.3044896992449535,gcn
IEEE33,TP3,15,33504,332.5212518841395,341.6119443169984,gcn,9.09069243285893,-2.733868100564713,mlp
IEEE33,TP3,16,33600,569.2842800280491,567.8529359307155,gcn,-1.4313440973336355,0.2514287057536723,gcn
IEEE33,TP3,17,33696,719.7912376752647,720.4494705706206,gcn,0.6582328953559227,-0.09144775052858949,mlp
IEEE33,TP3,18,33792,888.8077212609923,883.5969393669617,gcn,-5.210781894030561,0.5862664971719401,gcn
IEEE33,TP3,19,33888,463.7444406901646,461.66463225233696,gcn,-2.079808437827637,0.44848158928490356,gcn
IEEE33,TP3,20,33984,435.0319821730506,435.4105068926936,gcn,0.3785247196429964,-0.0870107797022665,mlp
IEEE33,TP3,21,34080,305.05295694037574,302.69896184909726,gcn,-2.3539950912784775,0.7716676851418224,gcn
IEEE33,TP3,22,34176,243.39006892284155,239.683101922043,gcn,-3.7069670007985565,1.523055980551829,gcn
IEEE33,TP3,23,34272,611.780117545214,617.3413380166257,gcn,5.56122047141173,-0.9090227537511831,mlp
IEEE33,TP3,24,34368,697.1624873841562,700.8151918603802,gcn,3.6527044762240166,-0.5239387577965413,mlp
IEEE33,TP3,25,34464,897.4886128182908,892.342753674848,gcn,-5.145859143442749,0.5733620538408548,gcn
IEEE33,TP3,26,34560,527.0077599267433,522.9796148268034,gcn,-4.028145099939934,0.764342654176452,gcn
IEEE33,TP3,27,34656,416.310684414033,416.88906959236164,gcn,0.5783851783286309,-0.1389311396469974,mlp
IEEE33,TP3,28,34752,346.41770954673535,349.5617136004267,gcn,3.144004053691333,-0.907576017925023,mlp
IEEE33,TP3,29,34848,379.134052565148,379.02375228434283,gcn,-0.11030028080517695,0.029092686362226367,gcn
IEEE33,TP3,30,34944,483.9431050549702,493.14368509564457,gcn,9.200580040674367,-1.901169774829066,mlp
IEEE33,TP3,0,32064,363.94628037226107,363.573792334085,gat,-0.3724880381760727,0.10234698313033305,gat
IEEE33,TP3,1,32160,295.80167209736436,295.05540667128224,gat,-0.7462654260821182,0.252285736179504,gat
IEEE33,TP3,2,32256,516.4948415200823,512.5968739307017,gat,-3.8979675893806416,0.7546963253124922,gat
IEEE33,TP3,3,32352,594.0919013162202,593.3030907286845,gat,-0.7888105875356359,0.13277585265646835,gat
IEEE33,TP3,4,32448,773.2023156014038,770.6090168926879,gat,-2.5932987087159063,0.335397173079961,gat
IEEE33,TP3,5,32544,1379.8877701018475,1370.723062615887,gat,-9.164707485960434,0.6641632518624323,gat
IEEE33,TP3,6,32640,1230.906081775797,1225.6534922752192,gat,-5.252589500577869,0.42672544870361606,gat
IEEE33,TP3,7,32736,688.3679462683364,694.4972584878687,gat,6.12931221953238,-0.8904122065473223,mlp
IEEE33,TP3,8,32832,433.8864201751607,440.4179884811969,gat,6.531568306036206,-1.5053636164504527,mlp
IEEE33,TP3,9,32928,699.3969497378445,693.8806199434044,gat,-5.516329794440026,0.7887266017542278,gat
IEEE33,TP3,10,33024,826.8183496153939,821.4918231429662,gat,-5.326526472427759,0.6442196735117776,gat
IEEE33,TP3,11,33120,878.8467920915697,877.522734200411,gat,-1.3240578911586454,0.15065855653947563,gat
IEEE33,TP3,12,33216,579.8254511041496,580.1931470663839,gat,0.36769596223427925,-0.06341494005378402,mlp
IEEE33,TP3,13,33312,783.8673925852742,783.9998108636931,gat,0.13241827841898157,-0.016892943841209245,mlp
IEEE33,TP3,14,33408,377.7866911375924,374.3293733566879,gat,-3.457317780904532,0.9151507615299646,gat
IEEE33,TP3,15,33504,332.5212518841395,339.36238304222485,gat,6.841131158085375,-2.0573515585310718,mlp
IEEE33,TP3,16,33600,569.2842800280491,566.2080080946399,gat,-3.0762719334092026,0.5403753522330939,gat
IEEE33,TP3,17,33696,719.7912376752647,722.7958892282468,gat,3.004651552982068,-0.4174337496363943,mlp
IEEE33,TP3,18,33792,888.8077212609923,888.2399652597982,gat,-0.5677560011940841,0.06387838309826817,gat
IEEE33,TP3,19,33888,463.7444406901646,461.0862217151223,gat,-2.6582189750423026,0.5732077286115227,gat
IEEE33,TP3,20,33984,435.0319821730506,430.37549134679756,gat,-4.656490826253048,1.070378964551795,gat
IEEE33,TP3,21,34080,305.05295694037574,301.20627635127875,gat,-3.846680589096991,1.260987806077502,gat
IEEE33,TP3,22,34176,243.39006892284155,239.81344814980412,gat,-3.5766207730374333,1.4695015243909881,gat
IEEE33,TP3,23,34272,611.780117545214,617.0240954059028,gat,5.243977860688801,-0.8571670948919391,mlp
IEEE33,TP3,24,34368,697.1624873841562,698.0262714618889,gat,0.8637840777327028,-0.12389996498143961,mlp
IEEE33,TP3,25,34464,897.4886128182908,894.7417655536791,gat,-2.746847264611688,0.3060592887062987,gat
IEEE33,TP3,26,34560,527.0077599267433,520.5523306173505,gat,-6.455429309392798,1.2249211112736051,gat
IEEE33,TP3,27,34656,416.310684414033,411.4036705562475,gat,-4.9070138577855005,1.1786903486976887,gat
IEEE33,TP3,28,34752,346.41770954673535,346.6442168719177,gat,0.22650732518235372,-0.06538560787747358,mlp
IEEE33,TP3,29,34848,379.134052565148,377.28880006298095,gat,-1.8452525021670567,0.48670186433596074,gat
IEEE33,TP3,30,34944,483.9431050549702,475.71168395809946,gat,-8.231421096870747,1.7009067824069433,gat
IEEE33,TP3,0,32064,363.94628037226107,359.20309617644307,tagconv,-4.743184195818003,1.3032649189233243,tagconv
IEEE33,TP3,1,32160,295.80167209736436,291.2814764008444,tagconv,-4.520195696519977,1.528117019917364,tagconv
IEEE33,TP3,2,32256,516.4948415200823,514.2412258698944,tagconv,-2.253615650187953,0.43632878182391843,tagconv
IEEE33,TP3,3,32352,594.0919013162202,590.340282096928,tagconv,-3.751619219292138,0.6314880258391614,tagconv
IEEE33,TP3,4,32448,773.2023156014038,768.6486615510145,tagconv,-4.553654050389355,0.5889343524336811,tagconv
IEEE33,TP3,5,32544,1379.8877701018475,1376.0046979005003,tagconv,-3.883072201347204,0.2814049291168513,tagconv
IEEE33,TP3,6,32640,1230.906081775797,1227.4823823337094,tagconv,-3.4236994420875817,0.2781446523644028,tagconv
IEEE33,TP3,7,32736,688.3679462683364,691.2721398892077,tagconv,2.904193620871297,-0.42189553372074035,mlp
IEEE33,TP3,8,32832,433.8864201751607,434.14380934294286,tagconv,0.2573891677821507,-0.059321784645447594,mlp
IEEE33,TP3,9,32928,699.3969497378445,689.9936644678161,tagconv,-9.403285270028391,1.3444847412550245,tagconv
IEEE33,TP3,10,33024,826.8183496153939,812.5870895277097,tagconv,-14.231260087684177,1.7212075777350668,tagconv
IEEE33,TP3,11,33120,878.8467920915697,873.1188594395626,tagconv,-5.727932652007098,0.6517555395946973,tagconv
IEEE33,TP3,12,33216,579.8254511041496,573.902855308136,tagconv,-5.922595796013525,1.02144460625784,tagconv
IEEE33,TP3,13,33312,783.8673925852742,776.6180938474168,tagconv,-7.249298737857316,0.9248118758899249,tagconv
IEEE33,TP3,14,33408,377.7866911375924,374.9618806249326,tagconv,-2.8248105126598375,0.7477263172383759,tagconv
IEEE33,TP3,15,33504,332.5212518841395,334.5567333540696,tagconv,2.0354814699301187,-0.6121357532478382,mlp
IEEE33,TP3,16,33600,569.2842800280491,566.0003030023456,tagconv,-3.283977025703507,0.576860654845713,tagconv
IEEE33,TP3,17,33696,719.7912376752647,718.1708255197067,tagconv,-1.6204121555580286,0.22512251757767032,tagconv
IEEE33,TP3,18,33792,888.8077212609923,886.6702256698677,tagconv,-2.137495591124548,0.24049021402424192,tagconv
IEEE33,TP3,19,33888,463.7444406901646,463.343288419458,tagconv,-0.4011522707065751,0.08650287432223724,tagconv
IEEE33,TP3,20,33984,435.0319821730506,434.5753775722253,tagconv,-0.4566046008253011,0.10495885809233886,tagconv
IEEE33,TP3,21,34080,305.05295694037574,304.9137032293493,tagconv,-0.13925371102641293,0.04564902842545822,tagconv
IEEE33,TP3,22,34176,243.39006892284155,242.5129295792681,tagconv,-0.8771393435734467,0.36038419622269535,tagconv
IEEE33,TP3,23,34272,611.780117545214,609.6276488426653,tagconv,-2.152468702548731,0.3518369820819898,tagconv
IEEE33,TP3,24,34368,697.1624873841562,692.8893884910152,tagconv,-4.273098893140968,0.6129272544732274,tagconv
IEEE33,TP3,25,34464,897.4886128182908,894.202857536523,tagconv,-3.2857552817678197,0.36610551207439856,tagconv
IEEE33,TP3,26,34560,527.0077599267433,525.0711132674306,tagconv,-1.9366466593127143,0.36747972355889363,tagconv
IEEE33,TP3,27,34656,416.310684414033,417.47957856332124,tagconv,1.168894149288235,-0.2807744775836058,mlp
IEEE33,TP3,28,34752,346.41770954673535,343.5296848097776,tagconv,-2.888024736957732,0.8336827642953131,tagconv
IEEE33,TP3,29,34848,379.134052565148,375.77125066318507,tagconv,-3.362801901962939,0.8869691021449719,tagconv
IEEE33,TP3,30,34944,483.9431050549702,477.9162771005478,tagconv,-6.0268279544224015,1.2453587811190792,tagconv
IEEE33,TP4,0,32064,361.4169009421717,346.9193669493902,gcn,-14.497533992781484,4.011304937590938,gcn
IEEE33,TP4,1,32160,293.9280552953134,280.114135092681,gcn,-13.813920202632403,4.699762392111013,gcn
IEEE33,TP4,2,32256,511.56297750729544,506.68006087207374,gcn,-4.882916635221704,0.9545093859244473,gcn
IEEE33,TP4,3,32352,587.0801075063102,570.4720498113402,gcn,-16.608057694970057,2.828925300418486,gcn
IEEE33,TP4,4,32448,765.9520289332105,773.7938091294715,gcn,7.84178019626097,-1.023795211716158,mlp
IEEE33,TP4,5,32544,1368.0950461004284,1365.4957039915873,gcn,-2.5993421088410287,0.18999718742130564,gcn
IEEE33,TP4,6,32640,1220.2807847588997,1220.2318882888253,gcn,-0.04889647007439635,0.004006985169733472,gcn
IEEE33,TP4,7,32736,683.8333023565332,688.2055717285833,gcn,4.372269372050141,-0.6393764908762153,mlp
IEEE33,TP4,8,32832,431.5753437801016,417.254525114411,gcn,-14.320818665690581,3.318266178103862,gcn
IEEE33,TP4,9,32928,691.4961867448284,675.6196814650265,gcn,-15.876505279801904,2.2959642560777493,gcn
IEEE33,TP4,10,33024,815.3174883747633,810.9483879765577,gcn,-4.36910039820566,0.5358771841034506,gcn
IEEE33,TP4,11,33120,870.7744282356163,873.9323627415257,gcn,3.157934505909452,-0.3626581584748801,mlp
IEEE33,TP4,12,33216,573.2938662082543,560.3298829875058,gcn,-12.963983220748446,2.2613155285424176,gcn
IEEE33,TP4,13,33312,777.2155177579649,774.4741071878183,gcn,-2.741410570146627,0.3527220581049101,gcn
IEEE33,TP4,14,33408,374.9797429162265,367.27967390140947,gcn,-7.700069014817018,2.0534626630583817,gcn
IEEE33,TP4,15,33504,330.77679974214055,337.23469864164537,gcn,6.457898899504812,-1.9523433640264716,mlp
IEEE33,TP4,16,33600,563.1917009405076,563.8195106171037,gcn,0.6278096765960299,-0.11147353122349155,mlp
IEEE33,TP4,17,33696,712.5762584326353,716.4123627427008,gcn,3.8361043100654797,-0.5383429864058729,mlp
IEEE33,TP4,18,33792,880.9446410035571,879.6672475591635,gcn,-1.2773934443936241,0.14500269198963958,gcn
IEEE33,TP4,19,33888,458.51693177089186,454.59928793159446,gcn,-3.917643839297398,0.854416395086351,gcn
IEEE33,TP4,20,33984,430.13880693681745,428.5264735303892,gcn,-1.612333406428263,0.3748402563140732,gcn
IEEE33,TP4,21,34080,303.38498269316614,299.59319270893724,gcn,-3.791789984228899,1.2498278426865295,gcn
IEEE33,TP4,22,34176,242.05993062835975,237.7142429176334,gcn,-4.345687710726338,1.795294123833479,gcn
IEEE33,TP4,23,34272,606.3031684454795,612.0465626587969,gcn,5.743394213317401,-0.9472809169120916,mlp
IEEE33,TP4,24,34368,691.3600629375456,695.4908801890019,gcn,4.130817251456278,-0.5974914480747838,mlp
IEEE33,TP4,25,34464,890.0139273567174,887.5652782519451,gcn,-2.4486491047723575,0.2751248075459542,gcn
IEEE33,TP4,26,34560,520.096169179361,515.5482073410797,gcn,-4.547961838281367,0.8744463250820351,gcn
IEEE33,TP4,27,34656,411.46586669619245,410.40686228724763,gcn,-1.0590044089448156,0.2573735744954844,gcn
IEEE33,TP4,28,34752,345.202533530871,347.7616720869584,gcn,2.5591385560874187,-0.7413440828233546,mlp
IEEE33,TP4,29,34848,376.66611603732144,377.19501940619983,gcn,0.5289033688783888,-0.14041702886435986,mlp
IEEE33,TP4,30,34944,477.0597132103626,488.8527871542868,gcn,11.793073943924185,-2.472033084613865,mlp
IEEE33,TP4,0,32064,361.4169009421717,360.77741838599167,gat,-0.6394825561800417,0.17693764583587132,gat
IEEE33,TP4,1,32160,293.9280552953134,292.9345047271153,gat,-0.9935505681980885,0.33802508821413974,gat
IEEE33,TP4,2,32256,511.56297750729544,509.45800881896935,gat,-2.104968688326096,0.4114779178475786,gat
IEEE33,TP4,3,32352,587.0801075063102,588.5875482360669,gat,1.507440729756695,-0.2567691717847027,mlp
IEEE33,TP4,4,32448,765.9520289332105,765.0917612061875,gat,-0.8602677270230288,0.11231352545944394,gat
IEEE33,TP4,5,32544,1368.0950461004284,1360.0931550109865,gat,-8.00189108944187,0.5848929218953163,gat
IEEE33,TP4,6,32640,1220.2807847588997,1214.9138559502007,gat,-5.366928808698958,0.4398109743045199,gat
IEEE33,TP4,7,32736,683.8333023565332,691.835449424217,gat,8.002147067683836,-1.170189729003827,mlp
IEEE33,TP4,8,32832,431.5753437801016,438.21077300853557,gat,6.6354292284339635,-1.5374903418520776,mlp
IEEE33,TP4,9,32928,691.4961867448284,690.5923883315116,gat,-0.9037984133167356,0.13070186512109425,gat
IEEE33,TP4,10,33024,815.3174883747633,814.8355492887049,gat,-0.48193908605844626,0.05911060328402049,gat
IEEE33,TP4,11,33120,870.7744282356163,870.8469082909845,gat,0.07248005536825985,-0.00832363158793267,mlp
IEEE33,TP4,12,33216,573.2938662082543,577.420795139043,gat,4.126928930788722,-0.7198627395203243,mlp
IEEE33,TP4,13,33312,777.2155177579649,776.9986882901759,gat,-0.2168294677890117,0.02789824222945266,gat
IEEE33,TP4,14,33408,374.9797429162265,374.0520544448961,gat,-0.9276884713303843,0.24739695646376222,gat
IEEE33,TP4,15,33504,330.77679974214055,339.8912006142776,gat,9.114400872137026,-2.7554534898584855,mlp
IEEE33,TP4,16,33600,563.1917009405076,561.6752653828216,gat,-1.516435557686009,0.2692574402558884,gat
IEEE33,TP4,17,33696,712.5762584326353,716.4552531707442,gat,3.8789947381088723,-0.5443620513881575,mlp
IEEE33,TP4,18,33792,880.9446410035571,881.3962143197764,gat,0.4515733162193101,-0.051260124098704486,mlp
IEEE33,TP4,19,33888,458.51693177089186,456.73521107932964,gat,-1.7817206915622137,0.38858340185624596,gat
IEEE33,TP4,20,33984,430.13880693681745,426.913928657624,gat,-3.224878279193433,0.7497296749760901,gat
IEEE33,TP4,21,34080,303.38498269316614,299.4425581654337,gat,-3.9424245277324417,1.2994791280488935,gat
IEEE33,TP4,22,34176,242.05993062835975,238.87546705323655,gat,-3.1844635751232033,1.3155682424830504,gat
IEEE33,TP4,23,34272,606.3031684454795,612.1693165637971,gat,5.8661481183175965,-0.9675272081058071,mlp
IEEE33,TP4,24,34368,691.3600629375456,692.7286463549116,gat,1.368583417365926,-0.19795523211897728,mlp
IEEE33,TP4,25,34464,890.0139273567174,887.4122142719148,gat,-2.601713084802668,0.2923227384238339,gat
IEEE33,TP4,26,34560,520.096169179361,517.6667928601847,gat,-2.429376319176299,0.46710136762005283,gat
IEEE33,TP4,27,34656,411.46586669619245,408.90816866525967,gat,-2.5576980309327837,0.6216063683409421,gat
IEEE33,TP4,28,34752,345.202533530871,345.4649566826306,gat,0.26242315175960584,-0.07602005381462176,mlp
IEEE33,TP4,29,34848,376.66611603732144,375.9215818950586,gat,-0.7445341422628644,0.1976642205292215,gat
IEEE33,TP4,30,34944,477.0597132103626,471.9422702561524,gat,-5.117442954210162,1.072704907268829,gat
IEEE33,TP4,0,32064,361.4169009421717,357.40891747829545,tagconv,-4.007983463876258,1.1089640394314466,tagconv
IEEE33,TP4,1,32160,293.9280552953134,289.44088998422,tagconv,-4.487165311093406,1.5266202835197518,tagconv
IEEE33,TP4,2,32256,511.56297750729544,509.78107318230246,tagconv,-1.7819043249929791,0.34832550503863763,tagconv
IEEE33,TP4,3,32352,587.0801075063102,586.0252921387593,tagconv,-1.0548153675509866,0.1796714543831906,tagconv
IEEE33,TP4,4,32448,765.9520289332105,764.8415701794567,tagconv,-1.1104587537538464,0.144977584993208,tagconv
IEEE33,TP4,5,32544,1368.0950461004284,1365.5946012609713,tagconv,-2.5004448394570318,0.1827683571097063,tagconv
IEEE33,TP4,6,32640,1220.2807847588997,1217.6165956810044,tagconv,-2.664189077895344,0.21832590590383905,tagconv
IEEE33,TP4,7,32736,683.8333023565332,687.9553848033851,tagconv,4.122082446851891,-0.6027905386659194,mlp
IEEE33,TP4,8,32832,431.5753437801016,432.81184529783826,tagconv,1.2365015177366558,-0.28650884151683237,mlp
IEEE33,TP4,9,32928,691.4961867448284,685.1261942325723,tagconv,-6.36999251225609,0.9211898249565771,tagconv
IEEE33,TP4,10,33024,815.3174883747633,806.0699207463396,tagconv,-9.24756762842378,1.1342290286030399,tagconv
IEEE33,TP4,11,33120,870.7744282356163,865.9542651219468,tagconv,-4.820163113669423,0.5535489970044426,tagconv
IEEE33,TP4,12,33216,573.2938662082543,571.079663226028,tagconv,-2.214202982226311,0.38622478151928835,tagconv
IEEE33,TP4,13,33312,777.2155177579649,770.9485182255172,tagconv,-6.266999532447699,0.8063399905506421,tagconv
IEEE33,TP4,14,33408,374.9797429162265,372.9653265052022,tagconv,-2.0144164110242855,0.5372067289177065,tagconv
IEEE33,TP4,15,33504,330.77679974214055,333.4511515994399,tagconv,2.6743518572993707,-0.8085064791074166,mlp
IEEE33,TP4,16,33600,563.1917009405076,562.5798576017208,tagconv,-0.6118433387867981,0.10863855730917983,tagconv
IEEE33,TP4,17,33696,712.5762584326353,711.7510664693959,tagconv,-0.8251919632393765,0.11580402146072728,tagconv
IEEE33,TP4,18,33792,880.9446410035571,878.8562684192302,tagconv,-2.088372584326862,0.2370605923600175,tagconv
IEEE33,TP4,19,33888,458.51693177089186,459.97467583239614,tagconv,1.457744061504286,-0.3179258955332712,mlp
IEEE33,TP4,20,33984,430.13880693681745,431.3812759888082,tagconv,1.2424690519907813,-0.28885304742412743,mlp
IEEE33,TP4,21,34080,303.38498269316614,303.30233653287513,tagconv,-0.0826461602910058,0.027241348453490025,tagconv
IEEE33,TP4,22,34176,242.05993062835975,240.3724861385427,tagconv,-1.6874444898170395,0.6971184720398075,tagconv
IEEE33,TP4,23,34272,606.3031684454795,604.8567808238276,tagconv,-1.4463876216518656,0.238558479804799,tagconv
IEEE33,TP4,24,34368,691.3600629375456,687.2621221927185,tagconv,-4.097940744827156,0.5927361102426516,tagconv
IEEE33,TP4,25,34464,890.0139273567174,886.7383345755626,tagconv,-3.2755927811548418,0.36803837338626105,tagconv
IEEE33,TP4,26,34560,520.096169179361,520.9200577590419,tagconv,0.8238885796808972,-0.15841081486542732,mlp
IEEE33,TP4,27,34656,411.46586669619245,413.97733497709095,tagconv,2.511468280898498,-0.6103709892302808,mlp
IEEE33,TP4,28,34752,345.202533530871,342.10885225687645,tagconv,-3.093681273994548,0.8961930963689999,tagconv
IEEE33,TP4,29,34848,376.66611603732144,373.76128693302843,tagconv,-2.9048291042930146,0.7711946948807027,tagconv
IEEE33,TP4,30,34944,477.0597132103626,474.16493958663733,tagconv,-2.894773623725257,0.6067948190898249,tagconv
IEEE33,TP5,0,32064,363.820076125711,353.0410882025206,gcn,-10.778987923190414,2.9627248825779318,gcn
IEEE33,TP5,1,32160,295.65236287340775,284.84639909387244,gcn,-10.805963779535318,3.654956001201387,gcn
IEEE33,TP5,2,32256,516.3355166297141,510.81514241139257,gcn,-5.520374218321535,1.0691447790294906,gcn
IEEE33,TP5,3,32352,593.5580631252009,578.9681449812656,gcn,-14.589918143935279,2.4580439640759773,gcn
IEEE33,TP5,4,32448,773.5467362574645,782.1512348058283,gcn,8.604498548363722,-1.112343720819453,mlp
IEEE33,TP5,5,32544,1380.9118538457178,1375.9016597660686,gcn,-5.010194079649182,0.3628178051840335,gcn
IEEE33,TP5,6,32640,1232.0276852822672,1228.6654612589537,gcn,-3.3622240233135017,0.27290166150310086,gcn
IEEE33,TP5,7,32736,688.8639966306984,690.2458715203032,gcn,1.3818748896048874,-0.20060199057633635,mlp
IEEE33,TP5,8,32832,434.0910172674624,421.99392419289234,gcn,-12.097093074570068,2.786764202290904,gcn
IEEE33,TP5,9,32928,696.8050006294475,683.4973044119826,gcn,-13.307696217464922,1.909816405657771,gcn
IEEE33,TP5,10,33024,823.306539181301,819.626021327463,gcn,-3.680517853837955,0.4470410082613792,gcn
IEEE33,TP5,11,33120,879.030759698161,880.2824808090212,gcn,1.2517211108602169,-0.14239787368647136,mlp
IEEE33,TP5,12,33216,579.5601161221804,568.9462433902023,gcn,-10.613872731978063,1.8313670034775982,gcn
IEEE33,TP5,13,33312,784.3272106444457,779.4570408607727,gcn,-4.870169783672964,0.6209359713111787,gcn
IEEE33,TP5,14,33408,377.87307200958975,367.9277003197646,gcn,-9.945371689825151,2.6319344844908015,gcn
IEEE33,TP5,15,33504,332.59264007503134,336.09671541065376,gcn,3.5040753356224172,-1.0535637032833662,mlp
IEEE33,TP5,16,33600,569.476455733548,564.6290845626767,gcn,-4.847371170871384,0.8511978189910308,gcn
IEEE33,TP5,17,33696,719.8575031673422,723.6398271180357,gcn,3.782323950693467,-0.5254267593310348,mlp
IEEE33,TP5,18,33792,888.9401188501884,885.0897449333846,gcn,-3.8503739168037328,0.4331421020556538,gcn
IEEE33,TP5,19,33888,463.4067662081099,457.7804686610331,gcn,-5.626297547076774,1.2141163999642763,gcn
IEEE33,TP5,20,33984,434.62255120818804,433.11664299644536,gcn,-1.5059082117426783,0.3464864415241387,gcn
IEEE33,TP5,21,34080,305.0445403105382,303.6889647769987,gcn,-1.3555755335394792,0.44438609921013195,gcn
IEEE33,TP5,22,34176,243.17312502060574,241.75151344473878,gcn,-1.4216115758669616,0.5846088360901307,gcn
IEEE33,TP5,23,34272,611.9718284349884,615.7095326531847,gcn,3.7377042181963134,-0.6107640980394216,mlp
IEEE33,TP5,24,34368,697.0578463425268,699.5596892779955,gcn,2.501842935468744,-0.3589146795486131,mlp
IEEE33,TP5,25,34464,897.7690157952937,893.8499967183024,gcn,-3.9190190769913897,0.43652866250008693,gcn
IEEE33,TP5,26,34560,526.6383462003746,519.6617749602332,gcn,-6.976571240141425,1.3247366604571156,gcn
IEEE33,TP5,27,34656,416.5784551742029,413.9335456867996,gcn,-2.644909487403254,0.6349126928077012,gcn
IEEE33,TP5,28,34752,346.5279443568831,350.15130207677976,gcn,3.62335771989666,-1.0456177572118186,mlp
IEEE33,TP5,29,34848,379.4185812606739,378.04797777187486,gcn,-1.37060348879902,0.36123784034113166,gcn
IEEE33,TP5,30,34944,484.41213347992743,491.457283001937,gcn,7.045149522009581,-1.4543709860028744,mlp
IEEE33,TP5,0,32064,363.820076125711,367.34724039899726,gat,3.527164273286246,-0.9694803846029383,mlp
IEEE33,TP5,1,32160,295.65236287340775,298.08602813388444,gat,2.433665260476687,-0.8231509590602298,mlp
IEEE33,TP5,2,32256,516.3355166297141,517.0608241188189,gat,0.7253074891048072,-0.14047212824698166,mlp
IEEE33,TP5,3,32352,593.5580631252009,598.6325098266065,gat,5.074446701405577,-0.8549200182182025,mlp
IEEE33,TP5,4,32448,773.5467362574645,775.6478503910944,gat,2.101114133629835,-0.27162083881257665,mlp
IEEE33,TP5,5,32544,1380.9118538457178,1372.6361645114164,gat,-8.275689334301433,0.5992916427833078,gat
IEEE33,TP5,6,32640,1232.0276852822672,1224.3994954531997,gat,-7.6281898290674235,0.6191573387670867,gat
IEEE33,TP5,7,32736,688.8639966306984,697.2559874944794,gat,8.391990863781075,-1.2182362418165456,mlp
IEEE33,TP5,8,32832,434.0910172674624,443.1000764281759,gat,9.009059160713491,-2.0753848392035756,mlp
IEEE33,TP5,9,32928,696.8050006294475,694.3855430548195,gat,-2.419457574627927,0.34722161471894564,gat
IEEE33,TP5,10,33024,823.306539181301,817.7464706255886,gat,-5.560068555712405,0.6753339480628148,gat
IEEE33,TP5,11,33120,879.030759698161,880.9565918770408,gat,1.925832178879773,-0.2190858690247722,mlp
IEEE33,TP5,12,33216,579.5601161221804,586.0807820313183,gat,6.520665909137961,-1.1251060464214728,mlp
IEEE33,TP5,13,33312,784.3272106444457,782.9901284075426,gat,-1.337082236903143,0.1704750541300899,gat
IEEE33,TP5,14,33408,377.87307200958975,380.9984468550154,gat,3.125374845425654,-0.8270964715226751,mlp
IEEE33,TP5,15,33504,332.59264007503134,339.4611083135858,gat,6.868468238554442,-2.0651293537358337,mlp
IEEE33,TP5,16,33600,569.476455733548,570.0213678538257,gat,0.5449121202776723,-0.09568650552475709,mlp
IEEE33,TP5,17,33696,719.8575031673422,725.333923940113,gat,5.47642077277078,-0.7607645608574979,mlp
IEEE33,TP5,18,33792,888.9401188501884,887.4530999223947,gat,-1.487018927793656,0.16727998841103728,gat
IEEE33,TP5,19,33888,463.4067662081099,465.0384903382913,gat,1.6317241301813965,-0.35211486952018534,mlp
IEEE33,TP5,20,33984,434.62255120818804,434.2556277073286,gat,-0.3669235008594569,0.08442348420243323,gat
IEEE33,TP5,21,34080,305.0445403105382,306.93431576933153,gat,1.8897754587933377,-0.6195080419631601,mlp
IEEE33,TP5,22,34176,243.17312502060574,243.44341919456954,gat,0.27029417396380495,-0.11115297956585501,mlp
IEEE33,TP5,23,34272,611.9718284349884,614.8173023944524,gat,2.845473959464016,-0.46496812880109545,mlp
IEEE33,TP5,24,34368,697.0578463425268,698.8767413293657,gat,1.8188949868389273,-0.2609388871214487,mlp
IEEE33,TP5,25,34464,897.7690157952937,893.2229510850635,gat,-4.546064710230212,0.5063735359816417,gat
IEEE33,TP5,26,34560,526.6383462003746,528.6326223858176,gat,1.9942761854430273,-0.3786803980058543,mlp
IEEE33,TP5,27,34656,416.5784551742029,416.28693761422136,gat,-0.2915175599815143,0.06997902948668068,gat
IEEE33,TP5,28,34752,346.5279443568831,346.36084318605225,gat,-0.16710117083084697,0.04822155717945575,gat
IEEE33,TP5,29,34848,379.4185812606739,377.9122329805336,gat,-1.506348280140287,0.39701489450917876,gat
IEEE33,TP5,30,34944,484.41213347992743,478.5484422301009,gat,-5.863691249826559,1.2104757177948624,gat
IEEE33,TP5,0,32064,363.820076125711,356.61698139994513,tagconv,-7.2030947257658795,1.9798508104530739,tagconv
IEEE33,TP5,1,32160,295.65236287340775,289.06341489881675,tagconv,-6.588947974591008,2.228613331736591,tagconv
IEEE33,TP5,2,32256,516.3355166297141,509.3737684036189,tagconv,-6.96174822609521,1.348299313503892,tagconv
IEEE33,TP5,3,32352,593.5580631252009,584.6717722277964,tagconv,-8.886290897404479,1.4971224298792936,tagconv
IEEE33,TP5,4,32448,773.5467362574645,776.6362975074563,tagconv,3.089561249991789,-0.39940201479480747,mlp
IEEE33,TP5,5,32544,1380.9118538457178,1373.8613992504131,tagconv,-7.0504545953047,0.5105651440147904,tagconv
IEEE33,TP5,6,32640,1232.0276852822672,1225.2391054737607,tagconv,-6.7885798085064835,0.5510087061843231,tagconv
IEEE33,TP5,7,32736,688.8639966306984,693.3729375065426,tagconv,4.508940875844246,-0.654547326888605,mlp
IEEE33,TP5,8,32832,434.0910172674624,431.8853068495618,tagconv,-2.2057104179006046,0.5081216450377665,tagconv
IEEE33,TP5,9,32928,696.8050006294475,678.2447479770268,tagconv,-18.560252652420672,2.663622194969119,tagconv
IEEE33,TP5,10,33024,823.306539181301,804.1335928982277,tagconv,-19.172946283073315,2.3287737155760917,tagconv
IEEE33,TP5,11,33120,879.030759698161,875.9477655590313,tagconv,-3.0829941391297098,0.3507265365990536,tagconv
IEEE33,TP5,12,33216,579.5601161221804,568.5112013490849,tagconv,-11.048914773095476,1.9064311821564668,tagconv
IEEE33,TP5,13,33312,784.3272106444457,786.2042072408561,tagconv,1.8769965964104358,-0.23931295139794956,mlp
IEEE33,TP5,14,33408,377.87307200958975,370.9358419068864,tagconv,-6.9372301027033245,1.8358625201340808,tagconv
IEEE33,TP5,15,33504,332.59264007503134,333.78415329718547,tagconv,1.1915132221541285,-0.35825002678511725,mlp
IEEE33,TP5,16,33600,569.476455733548,564.7407836396235,tagconv,-4.735672093924563,0.8315834739514383,tagconv
IEEE33,TP5,17,33696,719.8575031673422,716.3074389663624,tagconv,-3.5500642009798185,0.4931620751828922,tagconv
IEEE33,TP5,18,33792,888.9401188501884,885.687817085682,tagconv,-3.252301764506342,0.3658628624741423,tagconv
IEEE33,TP5,19,33888,463.4067662081099,456.48948200555986,tagconv,-6.917284202550036,1.4927024607671728,tagconv
IEEE33,TP5,20,33984,434.62255120818804,428.0308836758038,tagconv,-6.5916675323842355,1.5166418571839748,tagconv
IEEE33,TP5,21,34080,305.0445403105382,297.17716617855973,tagconv,-7.867374131978465,2.579090294148325,tagconv
IEEE33,TP5,22,34176,243.17312502060574,235.26011735023346,tagconv,-7.913007670372281,3.254063404293446,tagconv
IEEE33,TP5,23,34272,611.9718284349884,615.6789157974562,tagconv,3.707087362467746,-0.60576111353818,mlp
IEEE33,TP5,24,34368,697.0578463425268,695.2468373441151,tagconv,-1.811008998411694,0.25980756230119006,tagconv
IEEE33,TP5,25,34464,897.7690157952937,893.2228970278508,tagconv,-4.546118767442977,0.5063795572646013,tagconv
IEEE33,TP5,26,34560,526.6383462003746,519.5138039066546,tagconv,-7.124542293719969,1.3528339410000414,tagconv
IEEE33,TP5,27,34656,416.5784551742029,408.93781505750434,tagconv,-7.640640116698535,1.8341419297604833,tagconv
IEEE33,TP5,28,34752,346.5279443568831,345.22090592368414,tagconv,-1.3070384331989544,0.37718125031003513,tagconv
IEEE33,TP5,29,34848,379.4185812606739,377.8973132180434,tagconv,-1.5212680426304814,0.40094716436286415,tagconv
IEEE33,TP5,30,34944,484.41213347992743,473.8801563990673,tagconv,-10.531977080860145,2.174176977195093,tagconv
IEEE33,TP6,0,32064,364.73613766055377,354.5833479417049,gcn,-10.152789718848851,2.783598516990842,gcn
IEEE33,TP6,1,32160,296.2759021140517,285.8125742973217,gcn,-10.463327816729986,3.5316162205801396,gcn
IEEE33,TP6,2,32256,518.0494653283174,513.7663385872457,gcn,-4.283126741071669,0.8267794926411531,gcn
IEEE33,TP6,3,32352,594.9317698231815,581.166157120642,gcn,-13.765612702539556,2.3138136843206083,gcn
IEEE33,TP6,4,32448,774.8465700945707,785.0868259462815,gcn,10.240255851710799,-1.321584975263034,mlp
IEEE33,TP6,5,32544,1385.550425355467,1380.5433427501712,gcn,-5.007082605295864,0.36137859103982317,gcn
IEEE33,TP6,6,32640,1235.1479827170742,1231.6070401562001,gcn,-3.5409425608741003,0.28668164547253255,gcn
IEEE33,TP6,7,32736,690.936520902047,692.5745838655321,gcn,1.6380629634850266,-0.23707864817255073,mlp
IEEE33,TP6,8,32832,435.093658469466,420.9351701388341,gcn,-14.158488330631883,3.254124268424725,gcn
IEEE33,TP6,9,32928,699.9746999484131,684.0013614565282,gcn,-15.973338491884874,2.2819879765743076,gcn
IEEE33,TP6,10,33024,827.8550252306399,821.2888041641063,gcn,-6.566221066533558,0.7931607426921414,gcn
IEEE33,TP6,11,33120,881.3513160735379,881.9426189405012,gcn,0.5913028669633604,-0.06709048437093654,mlp
IEEE33,TP6,12,33216,581.1337543577492,567.4212173493787,gcn,-13.712537008370532,2.35961805789877,gcn
IEEE33,TP6,13,33312,785.8092478033345,780.9968139402232,gcn,-4.812433863111323,0.6124175652760626,gcn
IEEE33,TP6,14,33408,379.10265924692067,370.5907178227025,gcn,-8.51194142421815,2.2452866569511647,gcn
IEEE33,TP6,15,33504,333.9313885424265,337.2924143480541,gcn,3.3610258056276052,-1.0065019105565698,mlp
IEEE33,TP6,16,33600,569.8639056858834,566.090961639785,gcn,-3.7729440460984733,0.6620780871456299,gcn
IEEE33,TP6,17,33696,721.1274551881997,723.1037747012551,gcn,1.9763195130553868,-0.2740596684867042,mlp
IEEE33,TP6,18,33792,891.4117429006907,886.1189416998441,gcn,-5.292801200846611,0.5937549334523704,gcn
IEEE33,TP6,19,33888,463.9679950386196,461.1958976153899,gcn,-2.7720974232296953,0.5974760011192048,gcn
IEEE33,TP6,20,33984,435.5253288015206,434.4697207753906,gcn,-1.0556080261299599,0.2423758060259742,gcn
IEEE33,TP6,21,34080,305.972806204104,303.31513060870594,gcn,-2.657675595398075,0.8685986275607873,gcn
IEEE33,TP6,22,34176,243.63456144334847,241.26189843490738,gcn,-2.3726630084410942,0.9738614235947808,gcn
IEEE33,TP6,23,34272,612.8994927485552,618.5466494068559,gcn,5.647156658300673,-0.9213838035622988,mlp
IEEE33,TP6,24,34368,698.9823204463997,701.1148175715683,gcn,2.132497125168584,-0.3050859889856271,mlp
IEEE33,TP6,25,34464,900.4805571818343,895.4095789304897,gcn,-5.070978251344627,0.5631413372449576,gcn
IEEE33,TP6,26,34560,527.8275319560903,522.2889757436486,gcn,-5.5385562124416765,1.0493117310338458,gcn
IEEE33,TP6,27,34656,417.8389225192088,416.3906041128028,gcn,-1.4483184064059742,0.3466212285044825,gcn
IEEE33,TP6,28,34752,347.269090594207,351.45495673540216,gcn,4.185866141195163,-1.2053667471622047,mlp
IEEE33,TP6,29,34848,380.3969915228943,379.2138168569025,gcn,-1.183174665991828,0.31103680953286883,gcn
IEEE33,TP6,30,34944,486.58009807624074,493.2018920156308,gcn,6.621793939390045,-1.3608846653552396,mlp
IEEE33,TP6,0,32064,364.73613766055377,366.57888931450844,gat,1.8427516539546787,-0.505228701980076,mlp
IEEE33,TP6,1,32160,296.2759021140517,296.2060976337404,gat,-0.06980448031129072,0.02356063379208594,gat
IEEE33,TP6,2,32256,518.0494653283174,515.7080821382484,gat,-2.3413831900689956,0.45196131774503967,gat
IEEE33,TP6,3,32352,594.9317698231815,594.8858389098369,gat,-0.04593091334459132,0.007720366548628316,gat
IEEE33,TP6,4,32448,774.8465700945707,776.5002593994271,gat,1.6536893048564707,-0.213421517069455,mlp
IEEE33,TP6,5,32544,1385.550425355467,1376.2264816391182,gat,-9.323943716348822,0.6729414928335601,gat
IEEE33,TP6,6,32640,1235.1479827170742,1228.1410866719732,gat,-7.00689604510103,0.5672920284164885,gat
IEEE33,TP6,7,32736,690.936520902047,698.2485362064808,gat,7.312015304433771,-1.0582759896506302,mlp
IEEE33,TP6,8,32832,435.093658469466,443.77102271293023,gat,8.67736424346424,-1.9943669769834624,mlp
IEEE33,TP6,9,32928,699.9746999484131,692.0817760665019,gat,-7.8929238819112015,1.1276013093748811,gat
IEEE33,TP6,10,33024,827.8550252306399,813.1649592867562,gat,-14.69006594388361,1.7744732466642898,gat
IEEE33,TP6,11,33120,881.3513160735379,880.9577930105437,gat,-0.39352306299417705,0.04464996600303964,gat
IEEE33,TP6,12,33216,581.1337543577492,584.4917862408998,gat,3.358031883150602,-0.5778414793444228,mlp
IEEE33,TP6,13,33312,785.8092478033345,785.0082910398284,gat,-0.8009567635061785,0.10192763265960379,gat
IEEE33,TP6,14,33408,379.10265924692067,380.383373208263,gat,1.2807139613423146,-0.33782774404337484,mlp
IEEE33,TP6,15,33504,333.9313885424265,338.20234912874747,gat,4.270960586320996,-1.2789934498111322,mlp
IEEE33,TP6,16,33600,569.8639056858834,565.6602121906794,gat,-4.203693495203993,0.7376662135048653,gat
IEEE33,TP6,17,33696,721.1274551881997,722.7496460320796,gat,1.622190843879821,-0.22495202924377103,mlp
IEEE33,TP6,18,33792,891.4117429006907,889.3884959613315,gat,-2.0232469393591828,0.22697108889046644,gat
IEEE33,TP6,19,33888,463.9679950386196,463.5521943878746,gat,-0.4158006507450409,0.08961839074922197,gat
IEEE33,TP6,20,33984,435.5253288015206,431.8652242220485,gat,-3.6601045794720903,0.8403884544542962,gat
IEEE33,TP6,21,34080,305.972806204104,306.7364326030805,gat,0.7636263989764984,-0.24957329000901776,mlp
IEEE33,TP6,22,34176,243.63456144334847,242.78831932840248,gat,-0.8462421149459942,0.34734075080836513,gat
IEEE33,TP6,23,34272,612.8994927485552,615.404924024375,gat,2.505431275819774,-0.4087833821797008,mlp
IEEE33,TP6,24,34368,698.9823204463997,699.0477061809094,gat,0.06538573450961849,-0.00935441893120564,mlp
IEEE33,TP6,25,34464,900.4805571818343,895.7674439703127,gat,-4.713113211521659,0.5233997751458322,gat
IEEE33,TP6,26,34560,527.8275319560903,526.0926902694229,gat,-1.734841686667437,0.32867586126821396,gat
IEEE33,TP6,27,34656,417.8389225192088,414.9570541992644,gat,-2.881868319944374,0.689707962716635,gat
IEEE33,TP6,28,34752,347.269090594207,346.9110371913955,gat,-0.35805340281149256,0.10310546274038748,gat
IEEE33,TP6,29,34848,380.3969915228943,378.3708508831177,gat,-2.0261406397765995,0.5326384500742445,gat
IEEE33,TP6,30,34944,486.58009807624074,480.2647307392001,gat,-6.315367337040641,1.2979090928727433,gat
IEEE33,TP6,0,32064,364.73613766055377,355.2138539970794,tagconv,-9.522283663474354,2.610732165052531,tagconv
IEEE33,TP6,1,32160,296.2759021140517,287.78682964731235,tagconv,-8.489072466739344,2.8652591743595357,tagconv
IEEE33,TP6,2,32256,518.0494653283174,506.25192055920434,tagconv,-11.797544769113074,2.277300829108336,tagconv
IEEE33,TP6,3,32352,594.9317698231815,579.2848569535191,tagconv,-15.646912869662401,2.630034848250378,tagconv
IEEE33,TP6,4,32448,774.8465700945707,775.5255412397449,tagconv,0.6789711451742733,-0.08762652780296934,mlp
IEEE33,TP6,5,32544,1385.550425355467,1377.23365053374,tagconv,-8.316774821726995,0.6002506057903524,tagconv
IEEE33,TP6,6,32640,1235.1479827170742,1225.3495753391571,tagconv,-9.798407377917101,0.793298253733338,tagconv
IEEE33,TP6,7,32736,690.936520902047,691.3357115224604,tagconv,0.3991906204133784,-0.057775296041989214,mlp
IEEE33,TP6,8,32832,435.093658469466,429.2778047162519,tagconv,-5.815853753214071,1.336690075804039,tagconv
IEEE33,TP6,9,32928,699.9746999484131,676.7083553590595,tagconv,-23.266344589353594,3.3238836476615914,tagconv
IEEE33,TP6,10,33024,827.8550252306399,801.0063436898719,tagconv,-26.848681540767984,3.2431622352341174,tagconv
IEEE33,TP6,11,33120,881.3513160735379,871.2414122289892,tagconv,-10.109903844548626,1.1470912518277876,tagconv
IEEE33,TP6,12,33216,581.1337543577492,564.3415671092431,tagconv,-16.79218724850614,2.8895563409604965,tagconv
IEEE33,TP6,13,33312,785.8092478033345,785.0193467071462,tagconv,-0.7899010961883732,0.10052071776916308,tagconv
IEEE33,TP6,14,33408,379.10265924692067,370.5821451584572,tagconv,-8.520514088463472,2.247547961122006,tagconv
IEEE33,TP6,15,33504,333.9313885424265,332.2446229357378,tagconv,-1.6867656066886525,0.5051234069523076,tagconv
IEEE33,TP6,16,33600,569.8639056858834,561.8042868388083,tagconv,-8.059618847075171,1.4143059012264834,tagconv
IEEE33,TP6,17,33696,721.1274551881997,713.8676019193422,tagconv,-7.259853268857569,1.0067364952791726,tagconv
IEEE33,TP6,18,33792,891.4117429006907,887.2168896976547,tagconv,-4.194853203036018,0.47058536489386965,tagconv
IEEE33,TP6,19,33888,463.9679950386196,453.39446456257497,tagconv,-10.573530476044652,2.2789353121575844,tagconv
IEEE33,TP6,20,33984,435.5253288015206,424.7037820118932,tagconv,-10.821546789627348,2.4847112381284693,tagconv
IEEE33,TP6,21,34080,305.972806204104,298.00395067386944,tagconv,-7.968855530234578,2.604432605987483,tagconv
IEEE33,TP6,22,34176,243.63456144334847,236.00310440292478,tagconv,-7.631457040423697,3.1323376269824568,tagconv
IEEE33,TP6,23,34272,612.8994927485552,614.3957814953889,tagconv,1.4962887468336703,-0.24413280881071467,mlp
IEEE33,TP6,24,34368,698.9823204463997,695.706504507693,tagconv,-3.275815938706728,0.4686550493315272,tagconv
IEEE33,TP6,25,34464,900.4805571818343,896.2959394601759,tagconv,-4.184617721658469,0.4647093919223253,tagconv
IEEE33,TP6,26,34560,527.8275319560903,514.5411833734591,tagconv,-13.286348582631149,2.51717611875851,tagconv
IEEE33,TP6,27,34656,417.8389225192088,406.8783598370524,tagconv,-10.960562682156365,2.6231550225320355,tagconv
IEEE33,TP6,28,34752,347.269090594207,343.912252522782,tagconv,-3.3568380714249884,0.9666388867725465,tagconv
IEEE33,TP6,29,34848,380.3969915228943,378.30656169064724,tagconv,-2.0904298322470822,0.5495390023664971,tagconv
IEEE33,TP6,30,34944,486.58009807624074,473.7626064955957,tagconv,-12.817491580645026,2.6341997199064835,tagconv
IEEE33,TP7,0,32064,363.01329242004357,348.3874460774246,gcn,-14.625846342618956,4.029011236782854,gcn
IEEE33,TP7,1,32160,295.11143341079725,280.4149805251888,gcn,-14.696452885608437,4.979967301080764,gcn
IEEE33,TP7,2,32256,514.9891948258886,507.79015443414374,gcn,-7.199040391744859,1.397901249982296,gcn
IEEE33,TP7,3,32352,592.5010787016599,573.9995944600939,gcn,-18.501484241566004,3.122607689104646,gcn
IEEE33,TP7,4,32448,771.5605255264658,781.6442271140244,gcn,10.083701587558608,-1.3069229508181623,mlp
IEEE33,TP7,5,32544,1376.8680580890361,1373.782197222051,gcn,-3.0858608669850582,0.22412175581064347,gcn
IEEE33,TP7,6,32640,1228.2219391723434,1227.0099438331188,gcn,-1.2119953392245861,0.09867885441301498,gcn
IEEE33,TP7,7,32736,687.1867925940987,691.2588960488051,gcn,4.072103454706394,-0.5925759194722572,mlp
IEEE33,TP7,8,32832,433.4799711629562,419.8166489540688,gcn,-13.663322208887394,3.1520077322675197,gcn
IEEE33,TP7,9,32928,697.5887082081441,679.8797899198545,gcn,-17.708918288289624,2.5385901577704004,gcn
IEEE33,TP7,10,33024,823.9031238387043,816.8859672331233,gcn,-7.017156605581022,0.851696807858538,gcn
IEEE33,TP7,11,33120,876.8452312693086,879.6247126965359,gcn,2.7794814272273243,-0.3169865476948294,mlp
IEEE33,TP7,12,33216,577.8413428821415,562.5495777094288,gcn,-15.291765172712644,2.6463605211148082,gcn
IEEE33,TP7,13,33312,782.5848423461233,778.8839327776165,gcn,-3.7009095685068587,0.47290841430200004,gcn
IEEE33,TP7,14,33408,376.9820207610637,368.62044899185594,gcn,-8.361571769207785,2.218029324668367,gcn
IEEE33,TP7,15,33504,331.9364078891606,337.5923161425544,gcn,5.655908253393818,-1.7039131951088733,mlp
IEEE33,TP7,16,33600,568.1914811309166,564.1760394620445,gcn,-4.015441668872086,0.7067057149255095,gcn
IEEE33,TP7,17,33696,718.1251663196027,719.6883432103301,gcn,1.5631768907273909,-0.21767471243748288,mlp
IEEE33,TP7,18,33792,886.9653693736153,885.0665730794391,gcn,-1.8987962941762362,0.21407783885826195,gcn
IEEE33,TP7,19,33888,462.47227868159825,452.98239474214034,gcn,-9.489883939457911,2.051989789855379,gcn
IEEE33,TP7,20,33984,433.5869774023602,428.7222628283319,gcn,-4.864714574028312,1.1219697148592986,gcn
IEEE33,TP7,21,34080,304.4223794845564,304.0659559183019,gcn,-0.3564235662545343,0.11708191981746728,gcn
IEEE33,TP7,22,34176,243.01319262928914,240.65048268590672,gcn,-2.362709943382413,0.9722558342693233,gcn
IEEE33,TP7,23,34272,610.5244140047611,614.6672567227837,gcn,4.142842718022621,-0.6785711796269484,mlp
IEEE33,TP7,24,34368,695.9218463545118,698.776151825476,gcn,2.8543054709641638,-0.41014741610944383,mlp
IEEE33,TP7,25,34464,895.4003340658743,893.0213084615712,gcn,-2.3790256043031377,0.2656940715557197,gcn
IEEE33,TP7,26,34560,525.1968026855856,516.432167453771,gcn,-8.764635231814623,1.668828748955972,gcn
IEEE33,TP7,27,34656,414.8415908894887,410.79144309657187,gcn,-4.050147792916846,0.9763118939527403,gcn
IEEE33,TP7,28,34752,346.0911854026978,349.4648215971899,gcn,3.3736361944920645,-0.9747824668133737,mlp
IEEE33,TP7,29,34848,378.4687984307514,378.14465469512373,gcn,-0.32414373562767196,0.08564609208782126,gcn
IEEE33,TP7,30,34944,482.1699279919694,492.87916792599714,gcn,10.709239934027721,-2.2210509847901765,mlp
IEEE33,TP7,0,32064,363.01329242004357,364.1151919121897,gat,1.1018994921461172,-0.30354246391371986,mlp
IEEE33,TP7,1,32160,295.11143341079725,295.56899185649837,gat,0.4575584457011246,-0.15504599073401534,mlp
IEEE33,TP7,2,32256,514.9891948258886,512.7464772353586,gat,-2.242717590529992,0.43548828073727386,gat
IEEE33,TP7,3,32352,592.5010787016599,593.5565701561046,gat,1.0554914544446774,-0.1781416933041814,mlp
IEEE33,TP7,4,32448,771.5605255264658,771.5745073938712,gat,0.013981867405391313,-0.0018121543213801589,mlp
IEEE33,TP7,5,32544,1376.8680580890361,1368.5250792143186,gat,-8.342978874717573,0.6059388788709971,gat
IEEE33,TP7,6,32640,1228.2219391723434,1222.270759439473,gat,-5.951179732870287,0.48453618544548904,gat
IEEE33,TP7,7,32736,687.1867925940987,695.4548054506864,gat,8.268012856587688,-1.203168184501381,mlp
IEEE33,TP7,8,32832,433.4799711629562,439.97155601657624,gat,6.491584853620054,-1.4975512792907568,mlp
IEEE33,TP7,9,32928,697.5887082081441,694.4203621167062,gat,-3.168346091437911,0.4541854038286054,gat
IEEE33,TP7,10,33024,823.9031238387043,820.1291759950005,gat,-3.7739478437038088,0.4580572320347987,gat
IEEE33,TP7,11,33120,876.8452312693086,877.7159336645474,gat,0.8707023952388226,-0.09929943896466271,mlp
IEEE33,TP7,12,33216,577.8413428821415,580.3517653196565,gat,2.5104224375149897,-0.43444839460492257,mlp
IEEE33,TP7,13,33312,782.5848423461233,782.6808015421585,gat,0.09595919603520997,-0.012261826557684454,mlp
IEEE33,TP7,14,33408,376.9820207610637,377.62577436728407,gat,0.6437536062203435,-0.17076506856234483,mlp
IEEE33,TP7,15,33504,331.9364078891606,339.8461256015633,gat,7.90971771240271,-2.382901521017816,mlp
IEEE33,TP7,16,33600,568.1914811309166,566.4749577340117,gat,-1.716523396904904,0.30210298005319813,gat
IEEE33,TP7,17,33696,718.1251663196027,723.2977451193309,gat,5.172578799728171,-0.7202893092074296,mlp
IEEE33,TP7,18,33792,886.9653693736153,886.1802778574205,gat,-0.7850915161948251,0.08851433700836205,gat
IEEE33,TP7,19,33888,462.47227868159825,460.8063287946977,gat,-1.6659498869005347,0.36022697223058936,gat
IEEE33,TP7,20,33984,433.5869774023602,430.55518392458794,gat,-3.0317934777722826,0.699235363556327,gat
IEEE33,TP7,21,34080,304.4223794845564,302.22402217628246,gat,-2.1983573082739554,0.7221405049116896,gat
IEEE33,TP7,22,34176,243.01319262928914,240.74908235098962,gat,-2.264110278299512,0.9316820431857618,gat
IEEE33,TP7,23,34272,610.5244140047611,615.6403587520261,gat,5.115944747265075,-0.8379590774604436,mlp
IEEE33,TP7,24,34368,695.9218463545118,697.9566504074156,gat,2.034804052903837,-0.29238973651464895,mlp
IEEE33,TP7,25,34464,895.4003340658743,891.8725479321865,gat,-3.527786133687755,0.39398981656267923,gat
IEEE33,TP7,26,34560,525.1968026855856,523.4266398599317,gat,-1.7701628256538697,0.33704752515669745,gat
IEEE33,TP7,27,34656,414.8415908894887,411.3275644308421,gat,-3.51402645864664,0.84707670007532,gat
IEEE33,TP7,28,34752,346.0911854026978,346.79808218127613,gat,0.7068967785783116,-0.20425159853632066,mlp
IEEE33,TP7,29,34848,378.4687984307514,377.3517370535665,gat,-1.117061377184882,0.29515283210044363,gat
IEEE33,TP7,30,34944,482.1699279919694,476.9312374542811,gat,-5.238690537688342,1.086482219972788,gat
IEEE33,TP7,0,32064,363.01329242004357,355.87830060195193,tagconv,-7.134991818091635,1.965490511525324,tagconv
IEEE33,TP7,1,32160,295.11143341079725,288.9401447224953,tagconv,-6.171288688301956,2.0911723469932384,tagconv
IEEE33,TP7,2,32256,514.9891948258886,509.21437292080344,tagconv,-5.774821905085162,1.1213481686810063,tagconv
IEEE33,TP7,3,32352,592.5010787016599,587.5796323601963,tagconv,-4.921446341463593,0.8306223428736865,tagconv
IEEE33,TP7,4,32448,771.5605255264658,765.7685815998884,tagconv,-5.791943926577346,0.7506791411633297,tagconv
IEEE33,TP7,5,32544,1376.8680580890361,1373.3050645852845,tagconv,-3.5629935037516134,0.2587752314260754,tagconv
IEEE33,TP7,6,32640,1228.2219391723434,1225.8470364991254,tagconv,-2.3749026732180027,0.19336103659069698,tagconv
IEEE33,TP7,7,32736,687.1867925940987,688.5813208482217,tagconv,1.3945282541229744,-0.20293292437398192,mlp
IEEE33,TP7,8,32832,433.4799711629562,432.09212342289703,tagconv,-1.3878477400591578,0.3201642134320043,tagconv
IEEE33,TP7,9,32928,697.5887082081441,687.8110660596188,tagconv,-9.777642148525274,1.401634234252521,tagconv
IEEE33,TP7,10,33024,823.9031238387043,807.4265971144982,tagconv,-16.47652672420611,1.9998136003465041,tagconv
IEEE33,TP7,11,33120,876.8452312693086,870.7951860490685,tagconv,-6.050045220240008,0.689978687741969,tagconv
IEEE33,TP7,12,33216,577.8413428821415,571.7488001177857,tagconv,-6.092542764355812,1.0543625580626668,tagconv
IEEE33,TP7,13,33312,782.5848423461233,778.0422744153016,tagconv,-4.542567930821747,0.5804569274819471,tagconv
IEEE33,TP7,14,33408,376.9820207610637,370.85117584854305,tagconv,-6.130844912520672,1.6262963682309093,tagconv
IEEE33,TP7,15,33504,331.9364078891606,333.4599423036056,tagconv,1.5235344144450096,-0.4589838228754179,mlp
IEEE33,TP7,16,33600,568.1914811309166,560.1856031850169,tagconv,-8.00587794589967,1.4090105557311305,tagconv
IEEE33,TP7,17,33696,718.1251663196027,717.0173882933533,tagconv,-1.1077780262494343,0.15425974164459458,tagconv
IEEE33,TP7,18,33792,886.9653693736153,882.7544101410225,tagconv,-4.210959232592813,0.47476027565390055,tagconv
IEEE33,TP7,19,33888,462.47227868159825,458.17014713406985,tagconv,-4.302131547528404,0.9302463619641783,tagconv
IEEE33,TP7,20,33984,433.5869774023602,429.8257516965993,tagconv,-3.7612257057609213,0.8674674060311035,tagconv
IEEE33,TP7,21,34080,304.4223794845564,300.3487158266114,tagconv,-4.073663657945019,1.3381616899659243,tagconv
IEEE33,TP7,22,34176,243.01319262928914,237.8221748174087,tagconv,-5.191017811880442,2.136105351201742,tagconv
IEEE33,TP7,23,34272,610.5244140047611,610.811542682419,tagconv,0.2871286776579609,-0.04702984370019342,mlp
IEEE33,TP7,24,34368,695.9218463545118,691.7318876568015,tagconv,-4.189958697710267,0.6020731666434634,tagconv
IEEE33,TP7,25,34464,895.4003340658743,891.3305990241597,tagconv,-4.06973504171458,0.45451569391699276,tagconv
IEEE33,TP7,26,34560,525.1968026855856,519.9859483245269,tagconv,-5.210854361058637,0.9921717600741312,tagconv
IEEE33,TP7,27,34656,414.8415908894887,411.60980173078815,tagconv,-3.2317891587005647,0.7790417426013327,tagconv
IEEE33,TP7,28,34752,346.0911854026978,344.79182281814036,tagconv,-1.299362584557457,0.37543937533270916,tagconv
IEEE33,TP7,29,34848,378.4687984307514,377.5573679001538,tagconv,-0.9114305305976131,0.24082052057572137,tagconv
IEEE33,TP7,30,34944,482.1699279919694,473.65910285140126,tagconv,-8.510825140568159,1.765109071818744,tagconv
IEEE69,TP1,0,32064,1100.4928718023327,1114.500670821634,gcn,14.007799019301274,-1.2728659474513446,mlp
IEEE69,TP1,1,32160,878.4707834761763,905.1106853254255,gcn,26.639901849249213,-3.0325313431407563,mlp
IEEE69,TP1,2,32256,1464.3388569449069,1458.8103785503636,gcn,-5.528478394543299,0.377540920144503,gcn
IEEE69,TP1,3,32352,1678.0699858703701,1671.9104933393526,gcn,-6.159492531017577,0.36705814315740903,gcn
IEEE69,TP1,4,32448,2076.21355717945,2064.06258068633,gcn,-12.150976493120197,0.585246948759326,gcn
IEEE69,TP1,5,32544,2786.869213968174,2780.404983729471,gcn,-6.464230238702839,0.2319531252598157,gcn
IEEE69,TP1,6,32640,2522.6935540795726,2514.771405631,gcn,-7.922148448572443,0.3140353070534923,gcn
IEEE69,TP1,7,32736,1848.8481986998677,1838.9073893193088,gcn,-9.940809380558903,0.5376758020236275,gcn
IEEE69,TP1,8,32832,1273.8382236717844,1273.5714207414069,gcn,-0.26680293037748015,0.02094480487549134,gcn
IEEE69,TP1,9,32928,1986.3566931329503,1980.3653232667377,gcn,-5.991369866212608,0.3016260819079182,gcn
IEEE69,TP1,10,33024,2285.5734926704977,2281.3878192634106,gcn,-4.185673407087052,0.18313449208743007,gcn
IEEE69,TP1,11,33120,2282.1548275547784,2282.6672662949436,gcn,0.5124387401651802,-0.022454161916535445,mlp
IEEE69,TP1,12,33216,1674.7575968632448,1669.5327865184518,gcn,-5.224810344793013,0.3119741241704995,gcn
IEEE69,TP1,13,33312,1904.9326220489713,1883.1050303904956,gcn,-21.82759165847574,1.14584586382891,gcn
IEEE69,TP1,14,33408,1059.2355595826086,1072.4085115009536,gcn,13.172951918345007,-1.2436281806415,mlp
IEEE69,TP1,15,33504,1123.1422163242353,1121.6386017249695,gcn,-1.503614599265802,0.1338757084732117,gcn
IEEE69,TP1,16,33600,1639.8884555749848,1629.7935616665766,gcn,-10.094893908408267,0.6155841803806559,gcn
IEEE69,TP1,17,33696,1919.0985853755358,1907.04563662107,gcn,-12.052948754465888,0.6280526100282298,gcn
IEEE69,TP1,18,33792,1983.626938430478,1970.9290241354718,gcn,-12.697914295006285,0.6401362095361219,gcn
IEEE69,TP1,19,33888,1308.802159521754,1301.2255110102558,gcn,-7.576648511498206,0.5788994506447612,gcn
IEEE69,TP1,20,33984,1273.4964766494675,1269.4607687537289,gcn,-4.035707895738597,0.3168998084986012,gcn
IEEE69,TP1,21,34080,924.5147176239758,923.9211280011071,gcn,-0.5935896228686488,0.06420553524493237,gcn
IEEE69,TP1,22,34176,728.619433962252,733.7972513775491,gcn,5.177817415297113,-0.7106339982094636,mlp
IEEE69,TP1,23,34272,1662.3512141054628,1650.6552790409835,gcn,-11.695935064479272,0.7035778579903187,gcn
IEEE69,TP1,24,34368,1774.092041934181,1772.8126015088199,gcn,-1.2794404253611447,0.07211804095385328,gcn
IEEE69,TP1,25,34464,1986.75790008068,1973.3029593769086,gcn,-13.454940703771399,0.6772310155769361,gcn
IEEE69,TP1,26,34560,1538.4673699104542,1528.9446652154413,gcn,-9.522704695012862,0.618973458992967,gcn
IEEE69,TP1,27,34656,1192.7356832275264,1184.9137473129379,gcn,-7.821935914588494,0.6557979294643422,gcn
IEEE69,TP1,28,34752,940.1292167869228,933.958035443817,gcn,-6.171181343105786,0.6564184191825265,gcn
IEEE69,TP1,29,34848,960.8503299692007,951.5671649354189,gcn,-9.28316503378187,0.9661405886262675,gcn
IEEE69,TP1,30,34944,1427.9657887675694,1417.7879983319508,gcn,-10.17779043561859,0.7127474982718395,gcn
IEEE69,TP1,0,32064,1100.4928718023327,1114.080090065758,gat,13.587218263425257,-1.234648457211066,mlp
IEEE69,TP1,1,32160,878.4707834761763,888.1997196040951,gat,9.728936127918814,-1.1074854520967297,mlp
IEEE69,TP1,2,32256,1464.3388569449069,1447.4301205362108,gat,-16.908736408696086,1.1547010672088072,gat
IEEE69,TP1,3,32352,1678.0699858703701,1659.721773493424,gat,-18.348212376946094,1.093411629517309,gat
IEEE69,TP1,4,32448,2076.21355717945,2052.584699707754,gat,-23.628857471695937,1.138074519838696,gat
IEEE69,TP1,5,32544,2786.869213968174,2786.2137796762668,gat,-0.6554342919071132,0.023518659886225944,gat
IEEE69,TP1,6,32640,2522.6935540795726,2515.445873571652,gat,-7.24768050792045,0.2872992835851928,gat
IEEE69,TP1,7,32736,1848.8481986998677,1836.5764139232022,gat,-12.271784776665527,0.663752967133548,gat
IEEE69,TP1,8,32832,1273.8382236717844,1250.1062214666024,gat,-23.73200220518197,1.8630310948572015,gat
IEEE69,TP1,9,32928,1986.3566931329503,1964.1263094540884,gat,-22.230383678861926,1.1191536623666214,gat
IEEE69,TP1,10,33024,2285.5734926704977,2268.943764823044,gat,-16.629727847453523,0.7275954109890863,gat
IEEE69,TP1,11,33120,2282.1548275547784,2280.2588522043493,gat,-1.8959753504291257,0.08307829633367049,gat
IEEE69,TP1,12,33216,1674.7575968632448,1667.0781785804866,gat,-7.679418282758206,0.4585390922926073,gat
IEEE69,TP1,13,33312,1904.9326220489713,1870.7532522682511,gat,-34.17936978072021,1.7942561004575803,gat
IEEE69,TP1,14,33408,1059.2355595826086,1062.244191768122,gat,3.0086321855133065,-0.28403806483789656,mlp
IEEE69,TP1,15,33504,1123.1422163242353,1117.7618743381274,gat,-5.380341986107851,0.4790436961506416,gat
IEEE69,TP1,16,33600,1639.8884555749848,1618.6570145308206,gat,-21.231441044164285,1.2946881217430135,gat
IEEE69,TP1,17,33696,1919.0985853755358,1891.8964952102008,gat,-27.202090165334994,1.417440999260181,gat
IEEE69,TP1,18,33792,1983.626938430478,1962.8274847428286,gat,-20.799453687649475,1.0485567263019124,gat
IEEE69,TP1,19,33888,1308.802159521754,1293.1089639952681,gat,-15.693195526485852,1.199050246999918,gat
IEEE69,TP1,20,33984,1273.4964766494675,1266.9209694234357,gat,-6.575507226031732,0.5163349366565742,gat
IEEE69,TP1,21,34080,924.5147176239758,918.9685264307691,gat,-5.54619119320671,0.599902963952867,gat
IEEE69,TP1,22,34176,728.619433962252,707.1814698933318,gat,-21.43796406892011,2.942271790959498,gat
IEEE69,TP1,23,34272,1662.3512141054628,1640.458354077592,gat,-21.89286002787071,1.3169816247074841,gat
IEEE69,TP1,24,34368,1774.092041934181,1766.587156614178,gat,-7.504885320003041,0.4230268296463884,gat
IEEE69,TP1,25,34464,1986.75790008068,1963.8693291836507,gat,-22.88857089702924,1.152056367617804,gat
IEEE69,TP1,26,34560,1538.4673699104542,1514.9352166039716,gat,-23.53215330648254,1.5295841671216088,gat
IEEE69,TP1,27,34656,1192.7356832275264,1178.8079391343217,gat,-13.927744093204637,1.1677142127178046,gat
IEEE69,TP1,28,34752,940.1292167869228,930.1861964674432,gat,-9.943020319479615,1.0576227333367907,gat
IEEE69,TP1,29,34848,960.8503299692007,947.2546624129801,gat,-13.595667556220633,1.414962053107317,gat
IEEE69,TP1,30,34944,1427.9657887675694,1408.4552005861697,gat,-19.510588181399726,1.3663204213203648,gat
IEEE69,TP1,0,32064,1100.4928718023327,1110.1737717474714,tagconv,9.680899945138663,-0.8796876557031909,mlp
IEEE69,TP1,1,32160,878.4707834761763,889.0308782182373,tagconv,10.560094742060983,-1.2020997101661,mlp
IEEE69,TP1,2,32256,1464.3388569449069,1455.7261496052295,tagconv,-8.6127073396774,0.5881635455366078,tagconv
IEEE69,TP1,3,32352,1678.0699858703701,1669.532434252066,tagconv,-8.537551618304178,0.5087720828208472,tagconv
IEEE69,TP1,4,32448,2076.21355717945,2061.738378606831,tagconv,-14.47517857261937,0.6971912172794015,tagconv
IEEE69,TP1,5,32544,2786.869213968174,2781.7204284553645,tagconv,-5.148785512809354,0.18475160179756298,tagconv
IEEE69,TP1,6,32640,2522.6935540795726,2519.087872777256,tagconv,-3.6056813023164977,0.14292981787207457,tagconv
IEEE69,TP1,7,32736,1848.8481986998677,1835.4469029730396,tagconv,-13.401295726828039,0.7248456491047773,tagconv
IEEE69,TP1,8,32832,1273.8382236717844,1256.192420583143,tagconv,-17.645803088641287,1.3852467888565954,tagconv
IEEE69,TP1,9,32928,1986.3566931329503,1977.2712929621305,tagconv,-9.085400170819867,0.4573901657355437,tagconv
IEEE69,TP1,10,33024,2285.5734926704977,2279.4668834825857,tagconv,-6.1066091879119995,0.267180609483572,tagconv
IEEE69,TP1,11,33120,2282.1548275547784,2280.5369250660046,tagconv,-1.6179024887737796,0.07089363391296663,tagconv
IEEE69,TP1,12,33216,1674.7575968632448,1671.8015339690212,tagconv,-2.956062894223578,0.1765069105976989,tagconv
IEEE69,TP1,13,33312,1904.9326220489713,1885.5125589406841,tagconv,-19.420063108287195,1.0194619423021225,tagconv
IEEE69,TP1,14,33408,1059.2355595826086,1060.0936594105476,tagconv,0.858099827938986,-0.0810112368467992,mlp
IEEE69,TP1,15,33504,1123.1422163242353,1121.7731375061328,tagconv,-1.36907881810248,0.12189719148685675,tagconv
IEEE69,TP1,16,33600,1639.8884555749848,1629.5968954605323,tagconv,-10.291560114452523,0.6275768378919437,tagconv
IEEE69,TP1,17,33696,1919.0985853755358,1905.2294220979345,tagconv,-13.869163277601274,0.7226915481722013,tagconv
IEEE69,TP1,18,33792,1983.626938430478,1970.9298533530657,tagconv,-12.69708507741234,0.6400944064340426,tagconv
IEEE69,TP1,19,33888,1308.802159521754,1301.1344540181176,tagconv,-7.667705503636398,0.585856727684361,tagconv
IEEE69,TP1,20,33984,1273.4964766494675,1271.672075449729,tagconv,-1.8244011997385314,0.1432592263261284,tagconv
IEEE69,TP1,21,34080,924.5147176239758,921.6781486294843,tagconv,-2.836568994491472,0.3068170728294645,tagconv
IEEE69,TP1,22,34176,728.619433962252,714.1789984157111,tagconv,-14.440435546540812,1.9818899789720592,tagconv
IEEE69,TP1,23,34272,1662.3512141054628,1652.2788665810785,tagconv,-10.072347524384213,0.6059097162451499,tagconv
IEEE69,TP1,24,34368,1774.092041934181,1771.9707307829124,tagconv,-2.1213111512686282,0.11957165136459866,tagconv
IEEE69,TP1,25,34464,1986.75790008068,1977.9592237723173,tagconv,-8.798676308362701,0.4428660536850211,tagconv
IEEE69,TP1,26,34560,1538.4673699104542,1527.862456036418,tagconv,-10.604913874036129,0.6893167889971812,tagconv
IEEE69,TP1,27,34656,1192.7356832275264,1187.4554247558215,tagconv,-5.280258471704883,0.4427014757717801,tagconv
IEEE69,TP1,28,34752,940.1292167869228,939.1439104386386,tagconv,-0.9853063482842117,0.1048054172437796,tagconv
IEEE69,TP1,29,34848,960.8503299692007,954.2472770853929,tagconv,-6.603052883807891,0.6872093059508598,tagconv
IEEE69,TP1,30,34944,1427.9657887675694,1420.9969974179114,tagconv,-6.968791349657977,0.48802229048305934,tagconv
IEEE69,TP2,0,32064,1100.5428910455018,1114.4702980991635,gcn,13.927407053661682,-1.2655033408494258,mlp
IEEE69,TP2,1,32160,878.5111081077281,905.8526931862319,gcn,27.34158507850384,-3.112264014213359,mlp
IEEE69,TP2,2,32256,1464.405533894071,1459.4049156077756,gcn,-5.000618286295321,0.3414776966185,gcn
IEEE69,TP2,3,32352,1678.146386750814,1672.7546735006533,gcn,-5.391713250160592,0.3212898047946756,gcn
IEEE69,TP2,4,32448,2076.2973652476626,2064.8435500531127,gcn,-11.453815194549861,0.5516461845138275,gcn
IEEE69,TP2,5,32544,2787.0843153727424,2781.83983322798,gcn,-5.2444821447625145,0.18817091811092632,gcn
IEEE69,TP2,6,32640,2522.8930993208933,2515.9513441689487,gcn,-6.941755151944562,0.2751505861985642,gcn
IEEE69,TP2,7,32736,1848.9840187425737,1839.7790562994257,gcn,-9.204962443147906,0.49783894018769637,gcn
IEEE69,TP2,8,32832,1274.2284584317956,1275.7127132635262,gcn,1.4842548317305955,-0.116482630874316,mlp
IEEE69,TP2,9,32928,1986.503791745815,1981.2431264444429,gcn,-5.260665301372228,0.26482030002816936,gcn
IEEE69,TP2,10,33024,2285.7387485054896,2282.3492196207108,gcn,-3.3895288847788834,0.1482903016364008,gcn
IEEE69,TP2,11,33120,2282.2905671786034,2284.4266125256013,gcn,2.1360453469978893,-0.09359217348203369,mlp
IEEE69,TP2,12,33216,1674.8176672954587,1670.4097101471705,gcn,-4.407957148288233,0.26319027046128085,gcn
IEEE69,TP2,13,33312,1905.0487684058292,1884.220175493755,gcn,-20.8285929120741,1.0933364676802344,gcn
IEEE69,TP2,14,33408,1059.31327406561,1072.7843428370654,gcn,13.47106877145552,-1.2716794079011204,mlp
IEEE69,TP2,15,33504,1123.1861242362331,1122.2554098517712,gcn,-0.9307143844619077,0.08286377158503394,gcn
IEEE69,TP2,16,33600,1639.9752210597208,1630.6672891455246,gcn,-9.30793191419616,0.5675653994443619,gcn
IEEE69,TP2,17,33696,1919.1857080935285,1907.9537453513728,gcn,-11.231962742155702,0.5852462684975522,gcn
IEEE69,TP2,18,33792,1983.7208365252638,1972.0978861419624,gcn,-11.622950383301486,0.5859166355111006,gcn
IEEE69,TP2,19,33888,1308.8567936716709,1301.8086684261923,gcn,-7.048125245478559,0.5384947596678475,gcn
IEEE69,TP2,20,33984,1273.555143358272,1270.0264314180279,gcn,-3.528711940244193,0.27707570878629073,gcn
IEEE69,TP2,21,34080,924.5689771296771,924.4830578111322,gcn,-0.0859193185449385,0.009292905199098816,gcn
IEEE69,TP2,22,34176,728.6589318325344,734.4573759123667,gcn,5.798444079832279,-0.7957692998080094,mlp
IEEE69,TP2,23,34272,1662.4427816126583,1651.7499524327038,gcn,-10.692829179954515,0.6431998320917788,gcn
IEEE69,TP2,24,34368,1774.186960358904,1773.563469292584,gcn,-0.6234910663199571,0.035142354230460006,gcn
IEEE69,TP2,25,34464,1986.8724280973636,1974.1611894278751,gcn,-12.711238669488466,0.6397611889788413,gcn
IEEE69,TP2,26,34560,1538.5274895525247,1529.703845436089,gcn,-8.823644116435617,0.5735122821238601,gcn
IEEE69,TP2,27,34656,1192.7878932000024,1185.4303344798066,gcn,-7.3575587201958115,0.6168371394562875,gcn
IEEE69,TP2,28,34752,940.1961318472742,934.4253074488865,gcn,-5.770824398387617,0.6137894214741391,gcn
IEEE69,TP2,29,34848,960.9105131819864,952.3530600030568,gcn,-8.557453178929563,0.8905567231845731,gcn
IEEE69,TP2,30,34944,1428.083792360039,1418.4935745230641,gcn,-9.590217836974944,0.6715444771714852,gcn
IEEE69,TP2,0,32064,1100.5428910455018,1111.7164430069058,gat,11.173551961403973,-1.01527637426191,mlp
IEEE69,TP2,1,32160,878.5111081077281,886.0207880298348,gat,7.50967992210667,-0.8548190060205579,mlp
IEEE69,TP2,2,32256,1464.405533894071,1448.371437845987,gat,-16.03409604808394,1.0949218421380111,gat
IEEE69,TP2,3,32352,1678.146386750814,1660.5990569263856,gat,-17.54732982442829,1.0456376132003002,gat
IEEE69,TP2,4,32448,2076.2973652476626,2053.558749380733,gat,-22.73861586692965,1.0951521803919144,gat
IEEE69,TP2,5,32544,2787.0843153727424,2786.664233425141,gat,-0.42008194760137485,0.015072452070585938,gat
IEEE69,TP2,6,32640,2522.8930993208933,2515.892000044411,gat,-7.001099276482364,0.2775028112910097,gat
IEEE69,TP2,7,32736,1848.9840187425737,1837.1200613304154,gat,-11.863957412158243,0.6416473745525657,gat
IEEE69,TP2,8,32832,1274.2284584317956,1250.945361846884,gat,-23.28309658491162,1.8272309357747616,gat
IEEE69,TP2,9,32928,1986.503791745815,1964.3194189131875,gat,-22.18437283262756,1.1167546180785837,gat
IEEE69,TP2,10,33024,2285.7387485054896,2269.7704294440805,gat,-15.968319061409147,0.6986064821209289,gat
IEEE69,TP2,11,33120,2282.2905671786034,2280.6224973042467,gat,-1.6680698743566609,0.07308753312768365,gat
IEEE69,TP2,12,33216,1674.8176672954587,1667.7855880516302,gat,-7.032079243828548,0.4198713317363162,gat
IEEE69,TP2,13,33312,1905.0487684058292,1871.8074066552997,gat,-33.24136175052945,1.7449087026966914,gat
IEEE69,TP2,14,33408,1059.31327406561,1060.5803786323174,gat,1.2671045667075305,-0.11961566023282465,mlp
IEEE69,TP2,15,33504,1123.1861242362331,1117.9217622022475,gat,-5.2643620339856625,0.468698991234906,gat
IEEE69,TP2,16,33600,1639.9752210597208,1620.1226020079846,gat,-19.852619051736156,1.2105438421751136,gat
IEEE69,TP2,17,33696,1919.1857080935285,1891.9894594806694,gat,-27.196248612859108,1.4170722769645459,gat
IEEE69,TP2,18,33792,1983.7208365252638,1964.3011376888526,gat,-19.41969883641127,0.9789532115026484,gat
IEEE69,TP2,19,33888,1308.8567936716709,1293.8997923503573,gat,-14.957001321313555,1.1427530799114718,gat
IEEE69,TP2,20,33984,1273.555143358272,1267.3130758146588,gat,-6.242067543613302,0.4901293498099678,gat
IEEE69,TP2,21,34080,924.5689771296771,917.5840161539901,gat,-6.984960975687045,0.7554829491869655,gat
IEEE69,TP2,22,34176,728.6589318325344,705.6353372150137,gat,-23.023594617520757,3.1597217314852326,gat
IEEE69,TP2,23,34272,1662.4427816126583,1640.852555707895,gat,-21.59022590476343,1.2987049024219501,gat
IEEE69,TP2,24,34368,1774.186960358904,1766.5169733782413,gat,-7.669986980662543,0.43230996236783104,gat
IEEE69,TP2,25,34464,1986.8724280973636,1965.143948730066,gat,-21.728479367297496,1.0936021387193322,gat
IEEE69,TP2,26,34560,1538.5274895525247,1515.7350257757719,gat,-22.79246377675281,1.4814466385246012,gat
IEEE69,TP2,27,34656,1192.7878932000024,1179.5677545865678,gat,-13.220138613434528,1.1083394364414314,gat
IEEE69,TP2,28,34752,940.1961318472742,930.651804331423,gat,-9.544327515851137,1.0151421807169827,gat
IEEE69,TP2,29,34848,960.9105131819864,947.4457906584539,gat,-13.464722523532487,1.401246249137708,gat
IEEE69,TP2,30,34944,1428.083792360039,1408.9043102448356,gat,-19.179482115203427,1.3430221824384394,gat
IEEE69,TP2,0,32064,1100.5428910455018,1109.426732076888,tagconv,8.883841031386055,-0.8072235170177255,mlp
IEEE69,TP2,1,32160,878.5111081077281,887.5175084667304,tagconv,9.006400359002328,-1.0251891269083317,mlp
IEEE69,TP2,2,32256,1464.405533894071,1456.184027413428,tagconv,-8.221506480642802,0.5614227951447711,tagconv
IEEE69,TP2,3,32352,1678.146386750814,1669.8010840197046,tagconv,-8.345302731109314,0.49729289393324533,tagconv
IEEE69,TP2,4,32448,2076.2973652476626,2063.0722592118327,tagconv,-13.225106035829867,0.6369562595987962,tagconv
IEEE69,TP2,5,32544,2787.0843153727424,2782.920993385829,tagconv,-4.163321986913161,0.14937911867070164,tagconv
IEEE69,TP2,6,32640,2522.8930993208933,2520.2016588987376,tagconv,-2.691440422155665,0.10668071599546335,tagconv
IEEE69,TP2,7,32736,1848.9840187425737,1836.5351724018585,tagconv,-12.448846340715136,0.6732803644880143,tagconv
IEEE69,TP2,8,32832,1274.2284584317956,1257.7923106945848,tagconv,-16.43614773721083,1.2898901785193957,tagconv
IEEE69,TP2,9,32928,1986.503791745815,1977.6330256036806,tagconv,-8.870766142134471,0.4465516843709875,tagconv
IEEE69,TP2,10,33024,2285.7387485054896,2280.0532808705975,tagconv,-5.68546763489212,0.24873654693081235,tagconv
IEEE69,TP2,11,33120,2282.2905671786034,2281.987332162262,tagconv,-0.30323501634120476,0.013286433406070101,tagconv
IEEE69,TP2,12,33216,1674.8176672954587,1673.111270283978,tagconv,-1.7063970114807034,0.10188553923223415,tagconv
IEEE69,TP2,13,33312,1905.0487684058292,1887.0312392331482,tagconv,-18.017529172680952,0.9457778441944175,tagconv
IEEE69,TP2,14,33408,1059.31327406561,1059.8112232547471,tagconv,0.4979491891372163,-0.047006792166976584,mlp
IEEE69,TP2,15,33504,1123.1861242362331,1120.8488698684457,tagconv,-2.337254367787409,0.20809145673667778,tagconv
IEEE69,TP2,16,33600,1639.9752210597208,1630.0313139805976,tagconv,-9.943907079123164,0.6063449588401464,tagconv
IEEE69,TP2,17,33696,1919.1857080935285,1906.027325650032,tagconv,-13.15838244349652,0.6856231988392479,tagconv
IEEE69,TP2,18,33792,1983.7208365252638,1971.9338283695095,tagconv,-11.787008155754393,0.5941868401403101,tagconv
IEEE69,TP2,19,33888,1308.8567936716709,1301.4838907760807,tagconv,-7.372902895590187,0.5633086011577592,tagconv
IEEE69,TP2,20,33984,1273.555143358272,1272.1255398850124,tagconv,-1.4296034732597036,0.11225297001980955,tagconv
IEEE69,TP2,21,34080,924.5689771296771,920.7886201863747,tagconv,-3.7803569433024222,0.40887776215880983,tagconv
IEEE69,TP2,22,34176,728.6589318325344,712.813206804773,tagconv,-15.845725027761432,2.17464225517834,tagconv
IEEE69,TP2,23,34272,1662.4427816126583,1653.3327115378586,tagconv,-9.11007007479975,0.5479930001538156,tagconv
IEEE69,TP2,24,34368,1774.186960358904,1773.1894390825644,tagconv,-0.997521276339512,0.056224135258987666,tagconv
IEEE69,TP2,25,34464,1986.8724280973636,1978.2099940786522,tagconv,-8.662434018711338,0.43598340266901364,tagconv
IEEE69,TP2,26,34560,1538.5274895525247,1527.8198217642505,tagconv,-10.707667788274193,0.695968571311552,tagconv
IEEE69,TP2,27,34656,1192.7878932000024,1188.0478840586793,tagconv,-4.740009141323071,0.39738910566962665,tagconv
IEEE69,TP2,28,34752,940.1961318472742,939.5946790783282,tagconv,-0.6014527689459328,0.06397098951728436,tagconv
IEEE69,TP2,29,34848,960.9105131819864,954.5134942547402,tagconv,-6.397018927246222,0.6657247308142099,tagconv
IEEE69,TP2,30,34944,1428.083792360039,1422.1520033791674,tagconv,-5.9317889808717155,0.41536701225835576,tagconv
IEEE69,TP3,0,32064,1100.491543334664,1114.4995074190895,gcn,14.007964084425566,-1.2728824832201084,mlp
IEEE69,TP3,1,32160,878.4692505669909,905.1094658506522,gcn,26.64021528366129,-3.0325723144511754,mlp
IEEE69,TP3,2,32256,1464.337266256983,1458.8089317523638,gcn,-5.528334504619124,0.37753150397860136,gcn
IEEE69,TP3,3,32352,1678.0686369273706,1671.9085564508223,gcn,-6.1600804765482735,0.3670934752602072,gcn
IEEE69,TP3,4,32448,2076.2120868383813,2064.060286124457,gcn,-12.151800713924331,0.585287061517346,gcn
IEEE69,TP3,5,32544,2786.8659636587886,2780.40195090564,gcn,-6.464012753148381,0.23194559183829502,gcn
IEEE69,TP3,6,32640,2522.690477101482,2514.768120490119,gcn,-7.922356611362829,0.3140439417072462,gcn
IEEE69,TP3,7,32736,1848.8469390963744,1838.9055081448425,gcn,-9.941430951531856,0.5377097877226515,gcn
IEEE69,TP3,8,32832,1273.825152026119,1273.568085253651,gcn,-0.25706677246807885,0.020180695290809257,gcn
IEEE69,TP3,9,32928,1986.3544275818556,1980.3630021310255,gcn,-5.991425450830093,0.3016292242529911,gcn
IEEE69,TP3,10,33024,2285.570940622564,2281.38523837892,gcn,-4.1857022436443,0.1831359582522589,gcn
IEEE69,TP3,11,33120,2282.1525103073286,2282.6646705442367,gcn,0.5121602369081302,-0.022441981182018355,mlp
IEEE69,TP3,12,33216,1674.756065771052,1669.5310953463093,gcn,-5.224970424742651,0.31198396778680076,gcn
IEEE69,TP3,13,33312,1904.9311554220883,1883.1030102385857,gcn,-21.828145183502556,1.1458758035098622,gcn
IEEE69,TP3,14,33408,1059.2342648925428,1072.4076059975093,gcn,13.17334110496654,-1.243666442975478,mlp
IEEE69,TP3,15,33504,1123.1414769949768,1121.6375830814352,gcn,-1.5038939135415603,0.13390066561919756,gcn
IEEE69,TP3,16,33600,1639.8868353100368,1629.7919708100897,gcn,-10.094864499947107,0.6155829952765353,gcn
IEEE69,TP3,17,33696,1919.097147428748,1907.0435681123154,gcn,-12.05357931643266,0.6280859378370882,gcn
IEEE69,TP3,18,33792,1983.625292822195,1970.9270054686087,gcn,-12.698287353586238,0.6401555474985803,gcn
IEEE69,TP3,19,33888,1308.8009683687499,1301.2241462399868,gcn,-7.5768221287630695,0.5789132428750104,gcn
IEEE69,TP3,20,33984,1273.4951815921213,1269.4592328294254,gcn,-4.035948762695853,0.31691904461311876,gcn
IEEE69,TP3,21,34080,924.5136843084653,923.9204135684955,gcn,-0.5932707399697392,0.06417111504558257,gcn
IEEE69,TP3,22,34176,728.6182638355214,733.796299603966,gcn,5.178035768444602,-0.7106651075676981,mlp
IEEE69,TP3,23,34272,1662.3497214905794,1650.6534701918217,gcn,-11.696251298757716,0.7035975130594082,gcn
IEEE69,TP3,24,34368,1774.0901822868734,1772.8107533865143,gcn,-1.2794289003591075,0.072117466920981,gcn
IEEE69,TP3,25,34464,1986.7555715436174,1973.3010460794087,gcn,-13.4545254642087,0.6772109089270179,gcn
IEEE69,TP3,26,34560,1538.4658956426476,1528.9429848366315,gcn,-9.52291080601617,0.6189874493147774,gcn
IEEE69,TP3,27,34656,1192.734588575029,1184.9124467396098,gcn,-7.822141835419188,0.6558157959319662,gcn
IEEE69,TP3,28,34752,940.1283739931532,933.957096230716,gcn,-6.171277762437171,0.656429263614813,gcn
IEEE69,TP3,29,34848,960.8495118222019,951.5661734206711,gcn,-9.283338401530727,0.9661594544524825,gcn
IEEE69,TP3,30,34944,1427.9642297132752,1417.7865369314886,gcn,-10.177692781786618,0.7127414377760866,gcn
IEEE69,TP3,0,32064,1100.491543334664,1114.07902110034,gat,13.587477765676113,-1.2346735282039425,mlp
IEEE69,TP3,1,32160,878.4692505669909,888.1988259719777,gat,9.729575404986804,-1.107560156340935,mlp
IEEE69,TP3,2,32256,1464.337266256983,1447.4288958780062,gat,-16.90837037897677,1.1546773252719669,gat
IEEE69,TP3,3,32352,1678.0686369273706,1659.7201347265411,gat,-18.348502200829444,1.0934297797512318,gat
IEEE69,TP3,4,32448,2076.2120868383813,2052.582589295161,gat,-23.629497543220168,1.1381061546175055,gat
IEEE69,TP3,5,32544,2786.8659636587886,2786.2109528983838,gat,-0.6550107604048208,0.023503489903937747,gat
IEEE69,TP3,6,32640,2522.690477101482,2515.443350287248,gat,-7.2471268142339795,0.28727768547177357,gat
IEEE69,TP3,7,32736,1848.8469390963744,1836.5746118273848,gat,-12.272327268989557,0.6637827615404263,gat
IEEE69,TP3,8,32832,1273.825152026119,1250.1047797044487,gat,-23.72037232167031,1.862137223773702,gat
IEEE69,TP3,9,32928,1986.3544275818556,1964.1243220500462,gat,-22.230105531809386,1.119140935934169,gat
IEEE69,TP3,10,33024,2285.570940622564,2268.9416198011018,gat,-16.629320821462443,0.7275784149116282,gat
IEEE69,TP3,11,33120,2282.1525103073286,2280.256764250658,gat,-1.8957460566707596,0.08306833343120731,gat
IEEE69,TP3,12,33216,1674.756065771052,1667.0767681582165,gat,-7.6792976128353985,0.45853230627350355,gat
IEEE69,TP3,13,33312,1904.9311554220883,1870.7515748374988,gat,-34.17958058458953,1.7942685480943867,gat
IEEE69,TP3,14,33408,1059.2342648925428,1062.2430408989037,gat,3.008776006360904,-0.28405198982740026,mlp
IEEE69,TP3,15,33504,1123.1414769949768,1117.76091609349,gat,-5.38056090148666,0.47906350283515753,gat
IEEE69,TP3,16,33600,1639.8868353100368,1618.6556776576438,gat,-21.231157652392994,1.2946721197611806,gat
IEEE69,TP3,17,33696,1919.097147428748,1891.8946518731427,gat,-27.20249555560531,1.4174631853344088,gat
IEEE69,TP3,18,33792,1983.625292822195,1962.82541501565,gat,-20.799877806545055,1.0485789771793095,gat
IEEE69,TP3,19,33888,1308.8009683687499,1293.107734638037,gat,-15.693233730712791,1.1990542572926397,gat
IEEE69,TP3,20,33984,1273.4951815921213,1266.9196784209828,gat,-6.575503171138507,0.5163351433271876,gat
IEEE69,TP3,21,34080,924.5136843084653,918.9678191861188,gat,-5.545865122346413,0.5998683650090816,gat
IEEE69,TP3,22,34176,728.6182638355214,707.1808096414024,gat,-21.437454194118914,2.9422065377924995,gat
IEEE69,TP3,23,34272,1662.3497214905794,1640.456542148501,gat,-21.893179342078383,1.3170020158241686,gat
IEEE69,TP3,24,34368,1774.0901822868734,1766.584869281207,gat,-7.505313005666494,0.42305138039780166,gat
IEEE69,TP3,25,34464,1986.7555715436174,1963.8676498610419,gat,-22.887921682575552,1.1520250407448307,gat
IEEE69,TP3,26,34560,1538.4658956426476,1514.9338283528093,gat,-23.532067289838324,1.52958004181227,gat
IEEE69,TP3,27,34656,1192.734588575029,1178.8068098205451,gat,-13.927778754483825,1.1677181904419718,gat
IEEE69,TP3,28,34752,940.1283739931532,930.1853040678984,gat,-9.943069925254804,1.0576289579498659,gat
IEEE69,TP3,29,34848,960.8495118222019,947.2535906964135,gat,-13.595921125788323,1.4149896480671937,gat
IEEE69,TP3,30,34944,1427.9642297132752,1408.453553320164,gat,-19.510676393111225,1.3663280905172832,gat
IEEE69,TP3,0,32064,1100.491543334664,1110.1724194021128,tagconv,9.680876067448935,-0.8796865478960743,mlp
IEEE69,TP3,1,32160,878.4692505669909,889.0297339037412,tagconv,10.56048333675028,-1.202146043237623,mlp
IEEE69,TP3,2,32256,1464.337266256983,1455.7246050462563,tagconv,-8.612661210726628,0.5881610342910685,tagconv
IEEE69,TP3,3,32352,1678.0686369273706,1669.5307089381147,tagconv,-8.537927989255877,0.5087949206231075,tagconv
IEEE69,TP3,4,32448,2076.2120868383813,2061.7361360301875,tagconv,-14.47595080819383,0.6972289054649301,tagconv
IEEE69,TP3,5,32544,2786.8659636587886,2781.717427871481,tagconv,-5.148535787307537,0.18474285647194122,tagconv
IEEE69,TP3,6,32640,2522.690477101482,2519.0848570349062,tagconv,-3.6056200665757387,0.1429275648084469,tagconv
IEEE69,TP3,7,32736,1848.8469390963744,1835.4446313609217,tagconv,-13.402307735452723,0.7249008802212212,tagconv
IEEE69,TP3,8,32832,1273.825152026119,1256.1908141618303,tagconv,-17.634337864288682,1.384360941235921,tagconv
IEEE69,TP3,9,32928,1986.3544275818556,1977.269163634989,tagconv,-9.08526394686669,0.4573838294270017,tagconv
IEEE69,TP3,10,33024,2285.570940622564,2279.4643753685123,tagconv,-6.1065652540519295,0.2671789855881073,tagconv
IEEE69,TP3,11,33120,2282.1525103073286,2280.5345880388063,tagconv,-1.6179222685223067,0.07089457261138202,tagconv
IEEE69,TP3,12,33216,1674.756065771052,1671.7997295839357,tagconv,-2.9563361871162215,0.1765233903335728,tagconv
IEEE69,TP3,13,33312,1904.9311554220883,1885.5105292444969,tagconv,-19.42062617759143,1.0194922857087858,tagconv
IEEE69,TP3,14,33408,1059.2342648925428,1060.0925997562574,tagconv,0.8583348637146173,-0.08103352508160162,mlp
IEEE69,TP3,15,33504,1123.1414769949768,1121.7720226193112,tagconv,-1.3694543756655548,0.1219307098629819,tagconv
IEEE69,TP3,16,33600,1639.8868353100368,1629.5952874637314,tagconv,-10.29154784630532,0.6275767098502014,tagconv
IEEE69,TP3,17,33696,1919.097147428748,1905.227397804638,tagconv,-13.86974962411,0.7227226429205535,tagconv
IEEE69,TP3,18,33792,1983.625292822195,1970.9279729675109,tagconv,-12.69731985468411,0.6401067732212191,tagconv
IEEE69,TP3,19,33888,1308.8009683687499,1301.1331636587765,tagconv,-7.667804709973325,0.5858648408191695,tagconv
IEEE69,TP3,20,33984,1273.4951815921213,1271.6707901656146,tagconv,-1.824391426506736,0.14325860457719874,tagconv
IEEE69,TP3,21,34080,924.5136843084653,921.6771890114319,tagconv,-2.836495297033366,0.30680944427069895,tagconv
IEEE69,TP3,22,34176,728.6182638355214,714.178109817748,tagconv,-14.440154017773352,1.981854523074799,tagconv
IEEE69,TP3,23,34272,1662.3497214905794,1652.277112357386,tagconv,-10.07260913319351,0.6059259975789992,tagconv
IEEE69,TP3,24,34368,1774.0901822868734,1771.9688184871763,tagconv,-2.1213637996970647,0.11957474433247478,tagconv
IEEE69,TP3,25,34464,1986.7555715436174,1977.9571137779687,tagconv,-8.798457765648664,0.4428555727573809,tagconv
IEEE69,TP3,26,34560,1538.4658956426476,1527.8609177959818,tagconv,-10.60497784666586,0.6893216077588741,tagconv
IEEE69,TP3,27,34656,1192.734588575029,1187.4542333486313,tagconv,-5.28035522639766,0.4427099940738827,tagconv
IEEE69,TP3,28,34752,940.1283739931532,939.142997422539,tagconv,-0.9853765706142212,0.10481298063889705,tagconv
IEEE69,TP3,29,34848,960.8495118222019,954.2461265503563,tagconv,-6.603385271845582,0.6872444842400555,tagconv
IEEE69,TP3,30,34944,1427.9642297132752,1420.995464770329,tagconv,-6.968764942946336,0.4880209740509826,tagconv
IEEE69,TP4,0,32064,1100.5415678183178,1114.4691286530706,gcn,13.92756083475274,-1.2655188356367437,mlp
IEEE69,TP4,1,32160,878.5096318680753,905.851717385649,gcn,27.34208551757365,-3.112326208584993,mlp
IEEE69,TP4,2,32256,1464.4042529207945,1459.403502406906,gcn,-5.0007505138885335,0.34148702476890513,gcn
IEEE69,TP4,3,32352,1678.1450175368602,1672.752780777774,gcn,-5.392236759086245,0.32132126262847277,gcn
IEEE69,TP4,4,32448,2076.296005772847,2064.8412384432845,gcn,-11.4547673295624,0.5516924030925284,gcn
IEEE69,TP4,5,32544,2787.0810672311395,2781.8368651198325,gcn,-5.244202111307004,0.18816108985724345,gcn
IEEE69,TP4,6,32640,2522.890015547285,2515.948185382593,gcn,-6.941830164692419,0.2751538958065337,gcn
IEEE69,TP4,7,32736,1848.9827661814463,1839.7771293652158,gcn,-9.20563681623048,0.49787575009377366,gcn
IEEE69,TP4,8,32832,1274.2252305777786,1275.7090010737493,gcn,1.4837704959707025,-0.1164449157310995,mlp
IEEE69,TP4,9,32928,1986.5015570387352,1981.2408184433034,gcn,-5.260738595431803,0.2648242875416595,gcn
IEEE69,TP4,10,33024,2285.7361862418547,2282.3465638233683,gcn,-3.389622418486397,0.14829455992729948,gcn
IEEE69,TP4,11,33120,2282.288248549714,2284.42423167178,gcn,2.1359831220661363,-0.09358954213708336,mlp
IEEE69,TP4,12,33216,1674.8161427839577,1670.4079691009158,gcn,-4.408173683041923,0.26320343889893794,gcn
IEEE69,TP4,13,33312,1905.047302039572,1884.2180090278205,gcn,-20.829293011751588,1.0933740589775087,gcn
IEEE69,TP4,14,33408,1059.3119716449794,1072.7829979679861,gcn,13.471026323006754,-1.2716769642551977,mlp
IEEE69,TP4,15,33504,1123.1853823325257,1122.2543104695453,gcn,-0.9310718629803887,0.08289565352487283,gcn
IEEE69,TP4,16,33600,1639.9734749722666,1630.665666160936,gcn,-9.30780881133046,0.5675584973402003,gcn
IEEE69,TP4,17,33696,1919.1842628461618,1907.951853687523,gcn,-11.232409158638802,0.5852699699601054,gcn
IEEE69,TP4,18,33792,1983.7191376008666,1972.095795394558,gcn,-11.623342206308507,0.5859368892496503,gcn
IEEE69,TP4,19,33888,1308.85561531218,1301.807213208136,gcn,-7.0484021040438165,0.5385163971934885,gcn
IEEE69,TP4,20,33984,1273.5538924950235,1270.0249300947041,gcn,-3.528962400319415,0.27709564715834784,gcn
IEEE69,TP4,21,34080,924.5679444087913,924.4823614938919,gcn,-0.08558291489941894,0.009256530622435147,gcn
IEEE69,TP4,22,34176,728.6577164956949,734.456449615299,gcn,5.798733119604094,-0.7958102945086089,mlp
IEEE69,TP4,23,34272,1662.4412833857511,1651.7482135219368,gcn,-10.693069863814344,0.6432148894929203,gcn
IEEE69,TP4,24,34368,1774.1851028371645,1773.5616911187747,gcn,-0.6234117183898888,0.03513791866434727,gcn
IEEE69,TP4,25,34464,1986.8710856057623,1974.1591841674017,gcn,-12.711901438360655,0.6397949786704464,gcn
IEEE69,TP4,26,34560,1538.5260120972482,1529.7022064281625,gcn,-8.823805669085687,0.573523333353167,gcn
IEEE69,TP4,27,34656,1192.7867856933976,1185.4291057859734,gcn,-7.357679907424199,0.6168478721993043,gcn
IEEE69,TP4,28,34752,940.1952978431312,934.4252571247415,gcn,-5.770040718389737,0.6137066130437563,gcn
IEEE69,TP4,29,34848,960.9097138811098,952.352063276106,gcn,-8.5576506050038,0.890578009711182,gcn
IEEE69,TP4,30,34944,1428.0822444532002,1418.4919867183025,gcn,-9.590257734897705,0.6715479988738133,gcn
IEEE69,TP4,0,32064,1100.5415678183178,1111.715403555208,gat,11.173835736890169,-1.015303380047776,mlp
IEEE69,TP4,1,32160,878.5096318680753,886.0197538418814,gat,7.510121973806122,-0.8548707608175555,mlp
IEEE69,TP4,2,32256,1464.4042529207945,1448.3701205584614,gat,-16.03413236233314,1.0949252797069267,gat
IEEE69,TP4,3,32352,1678.1450175368602,1660.5977440415036,gat,-17.54727349535665,1.0456351097184737,gat
IEEE69,TP4,4,32448,2076.296005772847,2053.556532798063,gat,-22.739472974783894,1.0951941780728764,gat
IEEE69,TP4,5,32544,2787.0810672311395,2786.6612724692927,gat,-0.4197947618467879,0.015062165459860062,gat
IEEE69,TP4,6,32640,2522.890015547285,2515.8891774512413,gat,-7.000838096043935,0.27749279805704324,gat
IEEE69,TP4,7,32736,1848.9827661814463,1837.118260845352,gat,-11.864505336094226,0.6416774430297706,gat
IEEE69,TP4,8,32832,1274.2252305777786,1250.9438802746638,gat,-23.281350303114777,1.8270985179408348,gat
IEEE69,TP4,9,32928,1986.5015570387352,1964.3174251108812,gat,-22.18413192785397,1.116743747280204,gat
IEEE69,TP4,10,33024,2285.7361862418547,2269.76821363915,gat,-15.967972602704776,0.6985921078214579,gat
IEEE69,TP4,11,33120,2282.288248549714,2280.620338964192,gat,-1.6679095855220112,0.07308058421550778,gat
IEEE69,TP4,12,33216,1674.8161427839577,1667.784097464764,gat,-7.032045319193685,0.4198696883530565,gat
IEEE69,TP4,13,33312,1905.047302039572,1871.8058194579128,gat,-33.241482581659284,1.7449163884839214,gat
IEEE69,TP4,14,33408,1059.3119716449794,1060.5789515928025,gat,1.2669799478230743,-0.11960404316545319,mlp
IEEE69,TP4,15,33504,1123.1853823325257,1117.9208044508314,gat,-5.264577881694322,0.468718518287813,gat
IEEE69,TP4,16,33600,1639.9734749722666,1620.121246001031,gat,-19.85222897123549,1.2105213452657342,gat
IEEE69,TP4,17,33696,1919.1842628461618,1891.987642551685,gat,-27.196620294476816,1.4170927107407636,gat
IEEE69,TP4,18,33792,1983.7191376008666,1964.2992302700338,gat,-19.419907330832757,0.9789645601906842,gat
IEEE69,TP4,19,33888,1308.85561531218,1293.8987209555962,gat,-14.956894356583689,1.142745936343503,gat
IEEE69,TP4,20,33984,1273.5538924950235,1267.3116379590958,gat,-6.242254535927714,0.4901445139238272,gat
IEEE69,TP4,21,34080,924.5679444087913,917.5832165635396,gat,-6.984727845251655,0.755458577975899,gat
IEEE69,TP4,22,34176,728.6577164956949,705.6346637750285,gat,-23.023052720666442,3.1596526324308085,gat
IEEE69,TP4,23,34272,1662.4412833857511,1640.8512464466555,gat,-21.590036939095626,1.2986947060845995,gat
IEEE69,TP4,24,34368,1774.1851028371645,1766.5150814674653,gat,-7.6700213696992705,0.43231235328455064,gat
IEEE69,TP4,25,34464,1986.8710856057623,1965.1422673339846,gat,-21.728818271777754,1.0936199348410678,gat
IEEE69,TP4,26,34560,1538.5260120972482,1515.7336273797557,gat,-22.792384717492496,1.4814429225296595,gat
IEEE69,TP4,27,34656,1192.7867856933976,1179.5666790948444,gat,-13.22010659855323,1.108337781497809,gat
IEEE69,TP4,28,34752,940.1952978431312,930.6510959476878,gat,-9.544201895443393,1.0151297201058556,gat
IEEE69,TP4,29,34848,960.9097138811098,947.4447330334536,gat,-13.464980847656193,1.4012742980057094,gat
IEEE69,TP4,30,34944,1428.0822444532002,1408.9026790882747,gat,-19.179565364925566,1.343029467624902,gat
IEEE69,TP4,0,32064,1100.5415678183178,1109.4254125493926,tagconv,8.88384473107476,-0.8072248237461707,mlp
IEEE69,TP4,1,32160,878.5096318680753,887.5164037329077,tagconv,9.006771864832444,-1.0252331378177741,mlp
IEEE69,TP4,2,32256,1464.4042529207945,1456.1825193979912,tagconv,-8.221733522803333,0.5614387903070385,tagconv
IEEE69,TP4,3,32352,1678.1450175368602,1669.799399837916,tagconv,-8.345617698944125,0.4973120684881939,tagconv
IEEE69,TP4,4,32448,2076.296005772847,2063.069988647047,tagconv,-13.226017125799899,0.6370005571954496,tagconv
IEEE69,TP4,5,32544,2787.0810672311395,2782.9179617732843,tagconv,-4.163105457855181,0.14937152373508353,tagconv
IEEE69,TP4,6,32640,2522.890015547285,2520.1986372016927,tagconv,-2.6913783455925113,0.10667838585934854,tagconv
IEEE69,TP4,7,32736,1848.9827661814463,1836.5328784076464,tagconv,-12.449887773799901,0.6733371452407662,tagconv
IEEE69,TP4,8,32832,1274.2252305777786,1257.7908100900293,tagconv,-16.43442048774932,1.2897578931392981,tagconv
IEEE69,TP4,9,32928,1986.5015570387352,1977.630944284855,tagconv,-8.870612753880096,0.4465444651905262,tagconv
IEEE69,TP4,10,33024,2285.7361862418547,2280.0507552680724,tagconv,-5.685430973782331,0.2487352218512217,tagconv
IEEE69,TP4,11,33120,2282.288248549714,2281.9849851922845,tagconv,-0.3032633574293868,0.01328768868796903,tagconv
IEEE69,TP4,12,33216,1674.8161427839577,1673.1094917439048,tagconv,-1.706651040052975,0.10190079952394654,tagconv
IEEE69,TP4,13,33312,1905.047302039572,1887.0292056017697,tagconv,-18.018096437802342,0.9458083491424019,tagconv
IEEE69,TP4,14,33408,1059.3119716449794,1059.8102446259893,tagconv,0.49827298100990447,-0.04703741620479835,mlp
IEEE69,TP4,15,33504,1123.1853823325257,1120.8478015212931,tagconv,-2.337580811232556,0.20812065826373985,tagconv
IEEE69,TP4,16,33600,1639.9734749722666,1630.029699562783,tagconv,-9.943775409483578,0.6063375756520536,tagconv
IEEE69,TP4,17,33696,1919.1842628461618,1906.025300817919,tagconv,-13.15896202824274,0.6856539146860198,tagconv
IEEE69,TP4,18,33792,1983.7191376008666,1971.9318657394863,tagconv,-11.787271861380304,0.5942006425181727,tagconv
IEEE69,TP4,19,33888,1308.85561531218,1301.4826217727148,tagconv,-7.372993539465142,0.5633160337327645,tagconv
IEEE69,TP4,20,33984,1273.5538924950235,1272.1242395832203,tagconv,-1.4296529118032595,0.11225696220851886,tagconv
IEEE69,TP4,21,34080,924.5679444087913,920.7876633103374,tagconv,-3.7802810984538837,0.40887001559102926,tagconv
IEEE69,TP4,22,34176,728.6577164956949,712.8123690618995,tagconv,-15.845347433795382,2.1745940618044632,tagconv
IEEE69,TP4,23,34272,1662.4412833857511,1653.3309636447677,tagconv,-9.110319740983414,0.548008512061804,tagconv
IEEE69,TP4,24,34368,1774.1851028371645,1773.187527453886,tagconv,-0.9975753832784449,0.05622724380241867,tagconv
IEEE69,TP4,25,34464,1986.8710856057623,1978.2079129137744,tagconv,-8.663172691987938,0.43602087497018904,tagconv
IEEE69,TP4,26,34560,1538.5260120972482,1527.8182829969319,tagconv,-10.707729100316328,0.6959732247698589,tagconv
IEEE69,TP4,27,34656,1192.7867856933976,1188.0467150122267,tagconv,-4.7400706811708915,0.39739463398023533,tagconv
IEEE69,TP4,28,34752,940.1952978431312,939.5938342222695,tagconv,-0.6014636208617503,0.06397220048234092,tagconv
IEEE69,TP4,29,34848,960.9097138811098,954.5123268431456,tagconv,-6.397387037964222,0.6657635931397973,tagconv
IEEE69,TP4,30,34944,1428.0822444532002,1422.1504646091544,tagconv,-5.931779844045877,0.4153668226802373,tagconv
IEEE69,TP5,0,32064,1100.0436999653377,1114.0726963836782,gcn,14.028996418340512,-1.2753126461051105,mlp
IEEE69,TP5,1,32160,878.149469896479,904.8786756341343,gcn,26.72920573765532,-3.043810496270789,mlp
IEEE69,TP5,2,32256,1463.6816731138633,1458.1565538462607,gcn,-5.525119267602577,0.377480935171398,gcn
IEEE69,TP5,3,32352,1677.3155818237403,1671.1367758826862,gcn,-6.178805941054179,0.36837468202232887,gcn
IEEE69,TP5,4,32448,2075.450142873091,2063.210691971853,gcn,-12.239450901237888,0.5897251226808343,gcn
IEEE69,TP5,5,32544,2785.813249294965,2779.365788623751,gcn,-6.447460671213776,0.23143908418288636,gcn
IEEE69,TP5,6,32640,2521.7498502778312,2513.8079558593713,gcn,-7.941894418459924,0.31493585367259697,gcn
IEEE69,TP5,7,32736,1848.3172067687312,1838.3258260146297,gcn,-9.991380754101556,0.5405663442136487,gcn
IEEE69,TP5,8,32832,1273.3161862275365,1273.0383926385787,gcn,-0.27779358895782025,0.021816544230136698,gcn
IEEE69,TP5,9,32928,1985.3971634223083,1979.4026924217242,gcn,-5.994471000584099,0.3019280530375691,gcn
IEEE69,TP5,10,33024,2284.5472037818176,2280.363399969941,gcn,-4.1838038118767145,0.18313492515938762,gcn
IEEE69,TP5,11,33120,2281.267269305344,2281.73548966245,gcn,0.46822035710601995,-0.0205245726095301,mlp
IEEE69,TP5,12,33216,1673.994666733536,1668.7597276834238,gcn,-5.234939050112189,0.31272136967599307,gcn
IEEE69,TP5,13,33312,1904.2323481586443,1882.3570727898732,gcn,-21.8752753687711,1.148771335069697,gcn
IEEE69,TP5,14,33408,1058.8159345403853,1072.005153691539,gcn,13.189219151153566,-1.2456574104052174,mlp
IEEE69,TP5,15,33504,1122.8099290948696,1121.2780656022728,gcn,-1.5318634925968126,0.13643123852954286,gcn
IEEE69,TP5,16,33600,1639.1858202114993,1629.1026162273986,gcn,-10.083203984100692,0.6151348956154151,gcn
IEEE69,TP5,17,33696,1918.3028625115437,1906.1856970319452,gcn,-12.117165479598498,0.6316607099117844,gcn
IEEE69,TP5,18,33792,1982.8847652081706,1970.1557879836291,gcn,-12.728977224541495,0.6419423583198068,gcn
IEEE69,TP5,19,33888,1308.19168664013,1300.592273298292,gcn,-7.599413341838044,0.5809097718206616,gcn
IEEE69,TP5,20,33984,1272.880868547789,1268.8274406996595,gcn,-4.053427848129559,0.31844518589976567,gcn
IEEE69,TP5,21,34080,924.1093069098014,923.5553310302831,gcn,-0.5539758795182479,0.05994700793250633,gcn
IEEE69,TP5,22,34176,728.352942866339,733.5108743233401,gcn,5.157931457001041,-0.7081637422514787,mlp
IEEE69,TP5,23,34272,1661.7037449728625,1649.975400033256,gcn,-11.728344939606586,0.7058024016066788,gcn
IEEE69,TP5,24,34368,1773.3495830288487,1772.0458681676391,gcn,-1.303714861209528,0.0735170816677221,gcn
IEEE69,TP5,25,34464,1985.9880970412648,1972.541778614005,gcn,-13.44631842725994,0.677059366432877,gcn
IEEE69,TP5,26,34560,1537.7358794801287,1528.2015238394276,gcn,-9.534355640701051,0.6200255692755499,gcn
IEEE69,TP5,27,34656,1192.1802133046856,1184.3302425639886,gcn,-7.849970740697017,0.6584550433811637,gcn
IEEE69,TP5,28,34752,939.8485616035049,933.6622328203699,gcn,-6.186328783134968,0.6582261266198333,gcn
IEEE69,TP5,29,34848,960.6068970056457,951.3080287876743,gcn,-9.298868217971403,0.9680201388265435,gcn
IEEE69,TP5,30,34944,1427.3327624954484,1417.1549297153142,gcn,-10.177832780134167,0.7130665705690072,gcn
IEEE69,TP5,0,32064,1100.0436999653377,1113.651863192588,gat,13.608163227250316,-1.2370566030857781,mlp
IEEE69,TP5,1,32160,878.149469896479,887.8500530595383,gat,9.700583163059264,-1.1046619619553857,mlp
IEEE69,TP5,2,32256,1463.6816731138633,1446.8080300426175,gat,-16.87364307124585,1.1528219134798998,gat
IEEE69,TP5,3,32352,1677.3155818237403,1658.990068857321,gat,-18.32551296641941,1.0925500940314483,gat
IEEE69,TP5,4,32448,2075.450142873091,2051.7602027476296,gat,-23.689940125461362,1.1414362424850573,gat
IEEE69,TP5,5,32544,2785.813249294965,2785.2031060484424,gat,-0.6101432465225116,0.021901800010353422,gat
IEEE69,TP5,6,32640,2521.7498502778312,2514.4450054569284,gat,-7.304844820902872,0.2896736494342636,gat
IEEE69,TP5,7,32736,1848.3172067687312,1836.0492977685633,gat,-12.267909000167947,0.6637339605583705,gat
IEEE69,TP5,8,32832,1273.3161862275365,1249.7006970131106,gat,-23.615489214425907,1.8546445470383672,gat
IEEE69,TP5,9,32928,1985.3971634223083,1963.1523630286392,gat,-22.24480039366904,1.1204206797256016,gat
IEEE69,TP5,10,33024,2284.5472037818176,2268.0308391622,gat,-16.516364619617434,0.7229600943362606,gat
IEEE69,TP5,11,33120,2281.267269305344,2279.382687358039,gat,-1.8845819473049232,0.08261118601323669,gat
IEEE69,TP5,12,33216,1673.994666733536,1666.4075922000577,gat,-7.587074533478244,0.45323170283946573,gat
IEEE69,TP5,13,33312,1904.2323481586443,1870.0666602158356,gat,-34.165687942808745,1.7941974347745064,gat
IEEE69,TP5,14,33408,1058.8159345403853,1061.8100755081398,gat,2.994140967754447,-0.2827820086646273,mlp
IEEE69,TP5,15,33504,1122.8099290948696,1117.4244292429141,gat,-5.385499851955501,0.4796448367977038,gat
IEEE69,TP5,16,33600,1639.1858202114993,1618.0188255466119,gat,-21.166994664887397,1.2913114793877538,gat
IEEE69,TP5,17,33696,1918.3028625115437,1891.091657574984,gat,-27.211204936559625,1.41850410945711,gat
IEEE69,TP5,18,33792,1982.8847652081706,1962.1012594140195,gat,-20.783505794151097,1.0481449128471754,gat
IEEE69,TP5,19,33888,1308.19168664013,1292.502284219023,gat,-15.689402421106934,1.199319838318383,gat
IEEE69,TP5,20,33984,1272.880868547789,1266.3332070837357,gat,-6.547661464053363,0.5143970363482242,gat
IEEE69,TP5,21,34080,924.1093069098014,918.6113166947504,gat,-5.497990215051004,0.5949502049098658,gat
IEEE69,TP5,22,34176,728.352942866339,706.9391892157482,gat,-21.41375365059082,2.940024319297696,gat
IEEE69,TP5,23,34272,1661.7037449728625,1639.8131170698653,gat,-21.890627902997267,1.3173604482280783,gat
IEEE69,TP5,24,34368,1773.3495830288487,1765.854742867239,gat,-7.494840161609545,0.42263748971640974,gat
IEEE69,TP5,25,34464,1985.9880970412648,1963.1912902048496,gat,-22.79680683641527,1.147882349867961,gat
IEEE69,TP5,26,34560,1537.7358794801287,1514.2642925539556,gat,-23.47158692617313,1.5263731073315598,gat
IEEE69,TP5,27,34656,1192.1802133046856,1178.2598277133138,gat,-13.920385591371769,1.1676410525875869,gat
IEEE69,TP5,28,34752,939.8485616035049,929.9530131697006,gat,-9.895548433804265,1.052887543597573,gat
IEEE69,TP5,29,34848,960.6068970056457,947.0039941854228,gat,-13.60290282022288,1.4160738240194972,gat
IEEE69,TP5,30,34944,1427.3327624954484,1407.8343821708459,gat,-19.498380324602522,1.3660710968697252,gat
IEEE69,TP5,0,32064,1100.0436999653377,1109.7419866672676,tagconv,9.698286701929874,-0.8816274028236756,mlp
IEEE69,TP5,1,32160,878.149469896479,888.7519536773772,tagconv,10.602483780898183,-1.2073666436475856,mlp
IEEE69,TP5,2,32256,1463.6816731138633,1455.0577167643833,tagconv,-8.623956349480068,0.5891961693510382,tagconv
IEEE69,TP5,3,32352,1677.3155818237403,1668.7717530543312,tagconv,-8.543828769409174,0.5093751505080215,tagconv
IEEE69,TP5,4,32448,2075.450142873091,2060.903296169734,tagconv,-14.546846703357005,0.7009008023300183,tagconv
IEEE69,TP5,5,32544,2785.813249294965,2780.6799728744095,tagconv,-5.133276420555376,0.18426491516811144,tagconv
IEEE69,TP5,6,32640,2521.7498502778312,2518.146319402819,tagconv,-3.6035308750124386,0.14289803069148288,tagconv
IEEE69,TP5,7,32736,1848.3172067687312,1834.8925813752992,tagconv,-13.424625393432052,0.7263160968403944,tagconv
IEEE69,TP5,8,32832,1273.3161862275365,1255.8356791268222,tagconv,-17.48050710071425,1.3728331807753014,tagconv
IEEE69,TP5,9,32928,1985.3971634223083,1976.388886546856,tagconv,-9.008276875452339,0.45372669214075095,tagconv
IEEE69,TP5,10,33024,2284.5472037818176,2278.454625002157,tagconv,-6.092578779660471,0.26668649129135413,tagconv
IEEE69,TP5,11,33120,2281.267269305344,2279.639154550329,tagconv,-1.6281147550153037,0.07136887364850818,tagconv
IEEE69,TP5,12,33216,1673.994666733536,1671.030007988393,tagconv,-2.9646587451429696,0.17710084769433018,tagconv
IEEE69,TP5,13,33312,1904.2323481586443,1884.758651897635,tagconv,-19.47369626100931,1.022653368946284,tagconv
IEEE69,TP5,14,33408,1058.8159345403853,1059.688528202556,tagconv,0.8725936621706296,-0.08241221478683244,mlp
IEEE69,TP5,15,33504,1122.8099290948696,1121.393916831966,tagconv,-1.4160122629036778,0.12611326514053606,tagconv
IEEE69,TP5,16,33600,1639.1858202114993,1628.8883342158908,tagconv,-10.29748599560844,0.6282073617669403,tagconv
IEEE69,TP5,17,33696,1918.3028625115437,1904.3664588241027,tagconv,-13.936403687441043,0.7264965277273665,tagconv
IEEE69,TP5,18,33792,1982.8847652081706,1970.1729576952384,tagconv,-12.711807512932182,0.6410764627362322,tagconv
IEEE69,TP5,19,33888,1308.19168664013,1300.5332129997466,tagconv,-7.658473640383363,0.5854244235455175,tagconv
IEEE69,TP5,20,33984,1272.880868547789,1271.0581851609752,tagconv,-1.8226833868138783,0.14319355658894856,tagconv
IEEE69,TP5,21,34080,924.1093069098014,921.2902426527884,tagconv,-2.8190642570129967,0.3050574467689193,tagconv
IEEE69,TP5,22,34176,728.352942866339,713.9787426446319,tagconv,-14.374200221707156,1.9735212663711283,tagconv
IEEE69,TP5,23,34272,1661.7037449728625,1651.6034428498442,tagconv,-10.10030212301831,0.6078280893074149,tagconv
IEEE69,TP5,24,34368,1773.3495830288487,1771.2241161313975,tagconv,-2.1254668974511333,0.11985605758684505,tagconv
IEEE69,TP5,25,34464,1985.9880970412648,1977.1753595454757,tagconv,-8.812737495789179,0.4437457358842402,tagconv
IEEE69,TP5,26,34560,1537.7358794801287,1527.1265987488177,tagconv,-10.609280731310946,0.689928671944475,tagconv
IEEE69,TP5,27,34656,1192.1802133046856,1186.8792880028875,tagconv,-5.300925301798088,0.4446412750891153,tagconv
IEEE69,TP5,28,34752,939.8485616035049,938.8586501834985,tagconv,-0.989911420006365,0.10532669415564634,tagconv
IEEE69,TP5,29,34848,960.6068970056457,953.9800802185387,tagconv,-6.626816787107032,0.689857298314618,tagconv
IEEE69,TP5,30,34944,1427.3327624954484,1420.3614034380678,tagconv,-6.971359057380596,0.4884186253240878,tagconv
IEEE69,TP6,0,32064,1100.1287095613368,1113.8052745839677,gcn,13.676565022630939,-1.2431786302608452,mlp
IEEE69,TP6,1,32160,878.1614718190473,904.3558077518038,gcn,26.19433593275653,-2.9828609855197676,mlp
IEEE69,TP6,2,32256,1463.6337429506784,1457.6498092430004,gcn,-5.983933707678034,0.4088409232499965,gcn
IEEE69,TP6,3,32352,1677.316521684221,1670.4867460097937,gcn,-6.82977567442731,0.40718466587149693,gcn
IEEE69,TP6,4,32448,2075.3033921339756,2062.532962222758,gcn,-12.770429911217434,0.6153524327874761,gcn
IEEE69,TP6,5,32544,2784.9827937575224,2778.015422324112,gcn,-6.967371433410335,0.2501764624552634,gcn
IEEE69,TP6,6,32640,2521.064545530533,2512.6758207581975,gcn,-8.388724772335536,0.33274533915474236,gcn
IEEE69,TP6,7,32736,1848.1394964530991,1837.6168380176805,gcn,-10.522658435418634,0.5693649454282778,gcn
IEEE69,TP6,8,32832,1273.1965277772115,1271.2979396173416,gcn,-1.8985881598698597,0.14911980345913114,gcn
IEEE69,TP6,9,32928,1985.1567201489695,1978.6404103656794,gcn,-6.516309783290126,0.3282516547510229,gcn
IEEE69,TP6,10,33024,2284.0833928901434,2279.062360168437,gcn,-5.021032721706433,0.21982703159332184,gcn
IEEE69,TP6,11,33120,2281.1204914424447,2280.8085042827834,gcn,-0.3119871596613848,0.013676925915653964,gcn
IEEE69,TP6,12,33216,1674.0648159561988,1668.2564553289274,gcn,-5.8083606272714405,0.3469615137902411,gcn
IEEE69,TP6,13,33312,1903.9591843532974,1881.4068187509674,gcn,-22.552365602329928,1.1844983751576645,gcn
IEEE69,TP6,14,33408,1058.780345951107,1071.5481273052303,gcn,12.767781354123372,-1.205895198465742,mlp
IEEE69,TP6,15,33504,1122.8383876358778,1120.6877131226004,gcn,-2.1506745132774086,0.19153909743018557,gcn
IEEE69,TP6,16,33600,1639.0440335979129,1628.7032509361768,gcn,-10.340782661736057,0.6309032856815144,gcn
IEEE69,TP6,17,33696,1918.236228696581,1905.3997838038413,gcn,-12.836444892739792,0.6691795671830265,gcn
IEEE69,TP6,18,33792,1982.575900350028,1969.5721013289603,gcn,-13.003799021067607,0.6559042213098504,gcn
IEEE69,TP6,19,33888,1308.2267308635867,1300.028813769212,gcn,-8.197917094374588,0.6266434480331233,gcn
IEEE69,TP6,20,33984,1272.6863769469699,1268.3161277864172,gcn,-4.370249160552703,0.34338775362995827,gcn
IEEE69,TP6,21,34080,924.1608598784952,923.2497335786715,gcn,-0.9111262998237635,0.09858957886872147,gcn
IEEE69,TP6,22,34176,728.3312020294384,733.1246574424886,gcn,4.7934554130501965,-0.6581422572167175,mlp
IEEE69,TP6,23,34272,1661.4305996603637,1649.2373818774934,gcn,-12.193217782870306,0.733898712673457,gcn
IEEE69,TP6,24,34368,1773.0961376398025,1771.4139700834173,gcn,-1.6821675563851386,0.09487176248797764,gcn
IEEE69,TP6,25,34464,1985.6790881707493,1972.0701934573428,gcn,-13.608894713406471,0.6853521696672185,gcn
IEEE69,TP6,26,34560,1537.7697219423142,1527.8576463886172,gcn,-9.912075553696923,0.6445747638454772,gcn
IEEE69,TP6,27,34656,1192.1797243531098,1183.9211585120927,gcn,-8.258565841017116,0.6927282583587225,gcn
IEEE69,TP6,28,34752,939.7325124746311,933.1685677556248,gcn,-6.563944719006258,0.6984907547490496,gcn
IEEE69,TP6,29,34848,960.5694618055223,950.8007969799272,gcn,-9.768664825595124,1.0169659992348263,gcn
IEEE69,TP6,30,34944,1427.1014248754502,1416.5141523402147,gcn,-10.58727253523557,0.7418724661535231,gcn
IEEE69,TP6,0,32064,1100.1287095613368,1113.1640652236686,gat,13.035355662331767,-1.1848936900782692,mlp
IEEE69,TP6,1,32160,878.1614718190473,885.6195707666835,gat,7.458098947636245,-0.8492856025882505,mlp
IEEE69,TP6,2,32256,1463.6337429506784,1446.9596637504392,gat,-16.674079200239248,1.13922484231775,gat
IEEE69,TP6,3,32352,1677.316521684221,1659.241447675392,gat,-18.075074008829006,1.077618551725677,gat
IEEE69,TP6,4,32448,2075.3033921339756,2052.218848710661,gat,-23.0845434233147,1.1123454773317514,gat
IEEE69,TP6,5,32544,2784.9827937575224,2784.249495226937,gat,-0.7332985305852162,0.026330451025725857,gat
IEEE69,TP6,6,32640,2521.064545530533,2513.634736359801,gat,-7.4298091707319145,0.2947092006788896,gat
IEEE69,TP6,7,32736,1848.1394964530991,1836.1129256280974,gat,-12.026570825001727,0.6507393434360775,gat
IEEE69,TP6,8,32832,1273.1965277772115,1252.2044791127416,gat,-20.99204866446985,1.6487673510324805,gat
IEEE69,TP6,9,32928,1985.1567201489695,1962.8262143639713,gat,-22.330505784998195,1.1248736967891622,gat
IEEE69,TP6,10,33024,2284.0833928901434,2268.6157644312702,gat,-15.46762845887315,0.6771919320905938,gat
IEEE69,TP6,11,33120,2281.1204914424447,2278.7260596545825,gat,-2.3944317878622314,0.1049673525289379,gat
IEEE69,TP6,12,33216,1674.0648159561988,1666.7061645055173,gat,-7.358651450681464,0.4395678937005985,gat
IEEE69,TP6,13,33312,1903.9591843532974,1870.1143018728696,gat,-33.844882480427714,1.7776054633189806,gat
IEEE69,TP6,14,33408,1058.780345951107,1059.8822052178805,gat,1.1018592667735447,-0.10406873068499772,mlp
IEEE69,TP6,15,33504,1122.8383876358778,1117.3047831095844,gat,-5.533604526293402,0.4928228841502594,gat
IEEE69,TP6,16,33600,1639.0440335979129,1618.5526715947854,gat,-20.491362003127506,1.2502020435745296,gat
IEEE69,TP6,17,33696,1918.236228696581,1891.2843992474666,gat,-26.951829449114484,1.4050318227712724,gat
IEEE69,TP6,18,33792,1982.575900350028,1961.5362964036115,gat,-21.03960394641649,1.0612256480421207,gat
IEEE69,TP6,19,33888,1308.2267308635867,1292.4905176788982,gat,-15.736213184688495,1.2028658957534606,gat
IEEE69,TP6,20,33984,1272.6863769469699,1265.8454454985433,gat,-6.840931448426545,0.5375190284378751,gat
IEEE69,TP6,21,34080,924.1608598784952,914.4530061004162,gat,-9.70785377807897,1.0504506519952943,gat
IEEE69,TP6,22,34176,728.3312020294384,704.180297181019,gat,-24.150904848419373,3.315923412470144,gat
IEEE69,TP6,23,34272,1661.4305996603637,1639.5767713587684,gat,-21.853828301595286,1.3153620925281342,gat
IEEE69,TP6,24,34368,1773.0961376398025,1765.4583402701048,gat,-7.637797369697637,0.4307604764096117,gat
IEEE69,TP6,25,34464,1985.6790881707493,1963.0857875370775,gat,-22.593300633671788,1.137812286399472,gat
IEEE69,TP6,26,34560,1537.7697219423142,1513.8227464722243,gat,-23.94697547008991,1.5572536725357782,gat
IEEE69,TP6,27,34656,1192.1797243531098,1178.2974875049833,gat,-13.882236848126468,1.1644416160205313,gat
IEEE69,TP6,28,34752,939.7325124746311,929.7716873613223,gat,-9.960825113308829,1.0599638706847156,gat
IEEE69,TP6,29,34848,960.5694618055223,947.1299519577591,gat,-13.439509847763247,1.3991189999421636,gat
IEEE69,TP6,30,34944,1427.1014248754502,1407.1230241249275,gat,-19.978400750522724,1.399928582670032,gat
IEEE69,TP6,0,32064,1100.1287095613368,1105.7471936985291,tagconv,5.618484137192354,-0.510711527511418,mlp
IEEE69,TP6,1,32160,878.1614718190473,888.0503659963912,tagconv,9.8888941773439,-1.126090644452868,mlp
IEEE69,TP6,2,32256,1463.6337429506784,1454.6115390887207,tagconv,-9.022203861957678,0.6164249700727014,tagconv
IEEE69,TP6,3,32352,1677.316521684221,1667.493521201305,tagconv,-9.823000482916086,0.5856378540320255,tagconv
IEEE69,TP6,4,32448,2075.3033921339756,2060.722604341436,tagconv,-14.580787792539468,0.7025858410777451,tagconv
IEEE69,TP6,5,32544,2784.9827937575224,2779.7713806782217,tagconv,-5.211413079300655,0.18712550364698566,tagconv
IEEE69,TP6,6,32640,2521.064545530533,2517.171946759616,tagconv,-3.892598770917175,0.1544029794008315,tagconv
IEEE69,TP6,7,32736,1848.1394964530991,1834.3289132329044,tagconv,-13.810583220194758,0.7472695241186971,tagconv
IEEE69,TP6,8,32832,1273.1965277772115,1256.4035876917167,tagconv,-16.79294008549482,1.318958991728676,tagconv
IEEE69,TP6,9,32928,1985.1567201489695,1975.0938707969472,tagconv,-10.06284935202234,0.5069045305031236,tagconv
IEEE69,TP6,10,33024,2284.0833928901434,2278.233117000324,tagconv,-5.850275889819386,0.2561323245915638,tagconv
IEEE69,TP6,11,33120,2281.1204914424447,2278.6471698014466,tagconv,-2.473321640998165,0.10842573420723531,tagconv
IEEE69,TP6,12,33216,1674.0648159561988,1670.5536615896672,tagconv,-3.5111543665316276,0.2097382570295591,tagconv
IEEE69,TP6,13,33312,1903.9591843532974,1883.814000053874,tagconv,-20.145184299423363,1.058068075459607,tagconv
IEEE69,TP6,14,33408,1058.780345951107,1056.4924486285563,tagconv,-2.2878973225506343,0.21608800458941332,tagconv
IEEE69,TP6,15,33504,1122.8383876358778,1121.225349628021,tagconv,-1.6130380078568578,0.14365718393838398,tagconv
IEEE69,TP6,16,33600,1639.0440335979129,1628.3886056713154,tagconv,-10.65542792659744,0.6501001625445902,tagconv
IEEE69,TP6,17,33696,1918.236228696581,1903.65184472626,tagconv,-14.584383970321142,0.760301768475672,tagconv
IEEE69,TP6,18,33792,1982.575900350028,1969.3186854178186,tagconv,-13.257214932209308,0.668686375632263,tagconv
IEEE69,TP6,19,33888,1308.2267308635867,1299.359802301692,tagconv,-8.86692856189461,0.6777822492620506,tagconv
IEEE69,TP6,20,33984,1272.6863769469699,1270.2474807464075,tagconv,-2.43889620056234,0.19163371626660883,tagconv
IEEE69,TP6,21,34080,924.1608598784952,919.3540729430234,tagconv,-4.806786935471791,0.5201244874300095,tagconv
IEEE69,TP6,22,34176,728.3312020294384,713.6263196717133,tagconv,-14.704882357725069,2.018982890853921,tagconv
IEEE69,TP6,23,34272,1661.4305996603637,1650.6739184238493,tagconv,-10.756681236514396,0.6474348816443685,tagconv
IEEE69,TP6,24,34368,1773.0961376398025,1770.431914095806,tagconv,-2.6642235439965134,0.15025826786487198,tagconv
IEEE69,TP6,25,34464,1985.6790881707493,1975.7571158929386,tagconv,-9.92197227781071,0.49967652562383813,tagconv
IEEE69,TP6,26,34560,1537.7697219423142,1525.475824739259,tagconv,-12.293897203055167,0.7994628212296369,tagconv
IEEE69,TP6,27,34656,1192.1797243531098,1186.0904858416554,tagconv,-6.089238511454369,0.5107651461492904,tagconv
IEEE69,TP6,28,34752,939.7325124746311,938.6105940335015,tagconv,-1.121918441129651,0.1193869985593308,tagconv
IEEE69,TP6,29,34848,960.5694618055223,953.8785219025941,tagconv,-6.690939902928221,0.6965597147291858,tagconv
IEEE69,TP6,30,34944,1427.1014248754502,1419.58598004571,tagconv,-7.515444829740318,0.5266230345468421,tagconv
IEEE69,TP7,0,32064,1100.4445825473167,1114.4536815880695,gcn,14.009099040752744,-1.2730399388512945,mlp
IEEE69,TP7,1,32160,878.4328987848371,905.0793620415187,gcn,26.646463256681614,-3.0334090735379418,mlp
IEEE69,TP7,2,32256,1464.2669410732985,1458.7547519207085,gcn,-5.512189152590054,0.376447012356207,gcn
IEEE69,TP7,3,32352,1677.9983408265678,1671.8202599730648,gcn,-6.178080853502934,0.3681815829722253,gcn
IEEE69,TP7,4,32448,2076.1409003858666,2063.9453815138354,gcn,-12.195518872031244,0.5874128711478404,gcn
IEEE69,TP7,5,32544,2786.694254582618,2780.2476103738245,gcn,-6.446644208793714,0.2313366167885996,gcn
IEEE69,TP7,6,32640,2522.5319802034296,2514.583175479831,gcn,-7.948804723598641,0.3151121486657073,gcn
IEEE69,TP7,7,32736,1848.737715286492,1838.8143205685603,gcn,-9.923394717931615,0.5367659585174754,gcn
IEEE69,TP7,8,32832,1273.6482919361545,1273.4213475550484,gcn,-0.22694438110602277,0.017818449766931345,gcn
IEEE69,TP7,9,32928,1986.2287715094228,1980.2332306746964,gcn,-5.995540834726398,0.3018555022828575,gcn
IEEE69,TP7,10,33024,2285.434553248481,2281.2652910964657,gcn,-4.169262152015108,0.18242754517249177,gcn
IEEE69,TP7,11,33120,2282.0425082589904,2282.514229002305,gcn,0.47172074331456315,-0.020670988450361822,mlp
IEEE69,TP7,12,33216,1674.695579480528,1669.4770162683642,gcn,-5.218563212163872,0.31161264626867957,gcn
IEEE69,TP7,13,33312,1904.8384627989826,1882.9145792776974,gcn,-21.923883521285234,1.1509576244628181,gcn
IEEE69,TP7,14,33408,1059.1680215609194,1072.341413725181,gcn,13.173392164261486,-1.2437490460529166,mlp
IEEE69,TP7,15,33504,1123.104052768305,1121.5273459772748,gcn,-1.5767067910303467,0.14038830927054088,gcn
IEEE69,TP7,16,33600,1639.814070386935,1629.730863653218,gcn,-10.083206733717134,0.614899391083885,gcn
IEEE69,TP7,17,33696,1919.021469431006,1906.9548789888677,gcn,-12.06659044213825,0.628788715204735,gcn
IEEE69,TP7,18,33792,1983.5490934858678,1970.8458155114797,gcn,-12.70327797438813,0.6404317400616248,gcn
IEEE69,TP7,19,33888,1308.7476719655913,1301.1599044625966,gcn,-7.587767502994666,0.579773142335275,gcn
IEEE69,TP7,20,33984,1273.4431146845402,1269.390186196299,gcn,-4.05292848824115,0.3182653737340399,gcn
IEEE69,TP7,21,34080,924.4644402261216,923.8826314367543,gcn,-0.581808789367301,0.0629346856462096,gcn
IEEE69,TP7,22,34176,728.5855977046102,733.7619996647496,gcn,5.176401960139401,-0.7104727263958441,mlp
IEEE69,TP7,23,34272,1662.2749637634024,1650.566372339853,gcn,-11.708591423549478,0.7043715196817465,gcn
IEEE69,TP7,24,34368,1774.0116190363049,1772.7324707410173,gcn,-1.2791482952875413,0.07210484314541368,gcn
IEEE69,TP7,25,34464,1986.6737427539404,1973.2317189865907,gcn,-13.44202376734961,0.6766095246578427,gcn
IEEE69,TP7,26,34560,1538.4062651903096,1528.8761281762766,gcn,-9.530137014033016,0.6194811623998479,gcn
IEEE69,TP7,27,34656,1192.6858789251069,1184.847752127218,gcn,-7.83812679788889,0.6571828288059303,gcn
IEEE69,TP7,28,34752,940.0748565565345,933.9074397654462,gcn,-6.167416791088385,0.6560559244908905,gcn
IEEE69,TP7,29,34848,960.8006281970183,951.5222304545058,gcn,-9.278397742512539,0.9656943875987916,gcn
IEEE69,TP7,30,34944,1427.869209085576,1417.7347401426468,gcn,-10.134468942929061,0.7097617119581486,gcn
IEEE69,TP7,0,32064,1100.4445825473167,1114.0453516529467,gat,13.600769105629979,-1.2359340326022439,mlp
IEEE69,TP7,1,32160,878.4328987848371,888.1122117321983,gat,9.679312947361154,-1.1018841576574423,mlp
IEEE69,TP7,2,32256,1464.2669410732985,1447.3641246332743,gat,-16.902816440024253,1.1543534833638047,gat
IEEE69,TP7,3,32352,1677.9983408265678,1659.6331074617958,gat,-18.36523336477194,1.0944726772331241,gat
IEEE69,TP7,4,32448,2076.1409003858666,2052.4884152593436,gat,-23.65248512652306,1.139252404406997,gat
IEEE69,TP7,5,32544,2786.694254582618,2786.0642018214544,gat,-0.6300527611638245,0.02260932501395607,gat
IEEE69,TP7,6,32640,2522.5319802034296,2515.2885399961515,gat,-7.243440207278127,0.28714958875145674,gat
IEEE69,TP7,7,32736,1848.737715286492,1836.5203816999328,gat,-12.217333586559107,0.660847316822648,gat
IEEE69,TP7,8,32832,1273.6482919361545,1250.0425408641124,gat,-23.60575107204204,1.8533963592223268,gat
IEEE69,TP7,9,32928,1986.2287715094228,1964.0137827709461,gat,-22.214988738476677,1.1184506566982477,gat
IEEE69,TP7,10,33024,2285.434553248481,2268.817361302748,gat,-16.617191945732884,0.7270911311861225,gat
IEEE69,TP7,11,33120,2282.0425082589904,2280.1791528288472,gat,-1.8633554301432014,0.08165296761122944,gat
IEEE69,TP7,12,33216,1674.695579480528,1667.027176604368,gat,-7.668402876160144,0.45789831716990603,gat
IEEE69,TP7,13,33312,1904.8384627989826,1870.674886913216,gat,-34.163575885766704,1.7935156472831042,gat
IEEE69,TP7,14,33408,1059.1680215609194,1062.0331308450486,gat,2.8651092841291756,-0.2705056446008255,mlp
IEEE69,TP7,15,33504,1123.104052768305,1117.7190346164991,gat,-5.38501815180598,0.4794763351207408,gat
IEEE69,TP7,16,33600,1639.814070386935,1618.6038710876746,gat,-21.210199299260466,1.2934514761332454,gat
IEEE69,TP7,17,33696,1919.021469431006,1891.7942228249988,gat,-27.227246606007157,1.4188088585626972,gat
IEEE69,TP7,18,33792,1983.5490934858678,1962.741713479809,gat,-20.807380006058793,1.0489974800418036,gat
IEEE69,TP7,19,33888,1308.7476719655913,1293.0510756338401,gat,-15.696596331751152,1.199360019351678,gat
IEEE69,TP7,20,33984,1273.4431146845402,1266.8472492488029,gat,-6.595865435737323,0.5179552474451333,gat
IEEE69,TP7,21,34080,924.4644402261216,918.9403087372084,gat,-5.524131488913213,0.5975493754591604,gat
IEEE69,TP7,22,34176,728.5855977046102,707.1559075025331,gat,-21.429690202077154,2.941272826362589,gat
IEEE69,TP7,23,34272,1662.2749637634024,1640.4192271369386,gat,-21.855736626463795,1.3148087472232783,gat
IEEE69,TP7,24,34368,1774.0116190363049,1766.4768034137624,gat,-7.53481562254251,0.4247331608028386,gat
IEEE69,TP7,25,34464,1986.6737427539404,1963.8112263411156,gat,-22.86251641282479,1.1507937071304228,gat
IEEE69,TP7,26,34560,1538.4062651903096,1514.8765994964408,gat,-23.529665693868765,1.5294832208030569,gat
IEEE69,TP7,27,34656,1192.6858789251069,1178.7560746442045,gat,-13.929804280902317,1.1679357093970442,gat
IEEE69,TP7,28,34752,940.0748565565345,930.1412688523936,gat,-9.933587704140905,1.0566805010110931,gat
IEEE69,TP7,29,34848,960.8006281970183,947.2211085224708,gat,-13.579519674547555,1.413354579089949,gat
IEEE69,TP7,30,34944,1427.869209085576,1408.3231099086381,gat,-19.546099176937787,1.368899830080049,gat
IEEE69,TP7,0,32064,1100.4445825473167,1109.8985325142787,tagconv,9.453949966962,-0.8591027769047608,mlp
IEEE69,TP7,1,32160,878.4328987848371,888.2936021571492,tagconv,9.86070337231206,-1.1225334781919791,mlp
IEEE69,TP7,2,32256,1464.2669410732985,1455.4322854717109,tagconv,-8.834655601587656,0.6033500691555536,tagconv
IEEE69,TP7,3,32352,1677.9983408265678,1669.269629589616,tagconv,-8.728711236951767,0.5201859277555708,tagconv
IEEE69,TP7,4,32448,2076.1409003858666,2061.6184609321876,tagconv,-14.522439453678999,0.6994919974352364,tagconv
IEEE69,TP7,5,32544,2786.694254582618,2781.4806848837834,tagconv,-5.213569698834817,0.18708796956326623,tagconv
IEEE69,TP7,6,32640,2522.5319802034296,2518.9192175502935,tagconv,-3.6127626531360875,0.1432196967764403,tagconv
IEEE69,TP7,7,32736,1848.737715286492,1835.3642311954218,tagconv,-13.373484091070168,0.7233846088869199,tagconv
IEEE69,TP7,8,32832,1273.6482919361545,1256.3715988009624,tagconv,-17.27669313519209,1.356472838269086,tagconv
IEEE69,TP7,9,32928,1986.2287715094228,1977.3663966025258,tagconv,-8.862374906897003,0.44619104475876126,tagconv
IEEE69,TP7,10,33024,2285.434553248481,2279.2429983163497,tagconv,-6.191554932131112,0.2709136834975446,tagconv
IEEE69,TP7,11,33120,2282.0425082589904,2280.474542431122,tagconv,-1.5679658278686475,0.06870887909379372,tagconv
IEEE69,TP7,12,33216,1674.695579480528,1672.153996064417,tagconv,-2.5415834161110524,0.1517639054674894,tagconv
IEEE69,TP7,13,33312,1904.8384627989826,1885.3836571753654,tagconv,-19.454805623617176,1.021336244703404,tagconv
IEEE69,TP7,14,33408,1059.1680215609194,1060.3053569969863,tagconv,1.1373354360669055,-0.1073800769013767,mlp
IEEE69,TP7,15,33504,1123.104052768305,1121.918467635963,tagconv,-1.185585132342112,0.10556324940861884,tagconv
IEEE69,TP7,16,33600,1639.814070386935,1629.4635303215646,tagconv,-10.350540065370524,0.6312020522502396,tagconv
IEEE69,TP7,17,33696,1919.021469431006,1905.101675287655,tagconv,-13.919794143350828,0.7253589584632463,tagconv
IEEE69,TP7,18,33792,1983.5490934858678,1970.5576497438387,tagconv,-12.991443742029105,0.654959526068401,tagconv
IEEE69,TP7,19,33888,1308.7476719655913,1301.0016051649366,tagconv,-7.746066800654717,0.5918686211698088,tagconv
IEEE69,TP7,20,33984,1273.4431146845402,1271.4512670129063,tagconv,-1.9918476716338773,0.15641434223995956,tagconv
IEEE69,TP7,21,34080,924.4644402261216,921.4793700278109,tagconv,-2.985070198310723,0.32289724389837887,tagconv
IEEE69,TP7,22,34176,728.5855977046102,713.4594219637994,tagconv,-15.126175740810822,2.0761013926799325,tagconv
IEEE69,TP7,23,34272,1662.2749637634024,1652.1565003017247,tagconv,-10.11846346167772,0.608711776466238,tagconv
IEEE69,TP7,24,34368,1774.0116190363049,1772.105253532139,tagconv,-1.906365504165933,0.10746071128900084,tagconv
IEEE69,TP7,25,34464,1986.6737427539404,1977.6926361824546,tagconv,-8.981106571485725,0.452067512556745,tagconv
IEEE69,TP7,26,34560,1538.4062651903096,1527.46257519559,tagconv,-10.943689994719534,0.711365407327286,tagconv
IEEE69,TP7,27,34656,1192.6858789251069,1187.2800464342256,tagconv,-5.4058324908812665,0.4532486370806373,tagconv
IEEE69,TP7,28,34752,940.0748565565345,938.7398880374286,tagconv,-1.334968519105928,0.1420066189192504,tagconv
IEEE69,TP7,29,34848,960.8006281970183,954.1036905255845,tagconv,-6.69693767143383,0.6970163710239143,tagconv
IEEE69,TP7,30,34944,1427.869209085576,1420.8779707288465,tagconv,-6.991238356729355,0.4896273630836696,tagconv
IEEE69,TP8,0,32064,1099.8755896213768,1114.111511167664,gcn,14.235921546287273,-1.2943210741851152,mlp
IEEE69,TP8,1,32160,878.0877869523642,904.6085715940849,gcn,26.52078464172064,-3.02028852192194,mlp
IEEE69,TP8,2,32256,1463.4297587633707,1457.8451932922706,gcn,-5.584565471100177,0.3816080298803855,gcn
IEEE69,TP8,3,32352,1676.9752332712353,1670.6075858245622,gcn,-6.367647446673118,0.37971028553903574,gcn
IEEE69,TP8,4,32448,2075.1616718076343,2063.2748225113205,gcn,-11.886849296313812,0.5728155766273093,gcn
IEEE69,TP8,5,32544,2785.4261849474965,2779.1560612634207,gcn,-6.27012368407577,0.22510464351773724,gcn
IEEE69,TP8,6,32640,2521.444423843987,2514.0955046053655,gcn,-7.34891923862142,0.2914567209622595,gcn
IEEE69,TP8,7,32736,1848.1160266582112,1838.2932013012676,gcn,-9.822825356943667,0.5315047981432981,gcn
IEEE69,TP8,8,32832,1273.2005202650168,1273.2905384741518,gcn,0.09001820913499614,-0.007070230313466951,mlp
IEEE69,TP8,9,32928,1984.9661441239275,1979.9790353216742,gcn,-4.98710880225326,0.25124402333090373,gcn
IEEE69,TP8,10,33024,2284.0999323503574,2280.3703140754933,gcn,-3.7296182748641513,0.16328612518395128,gcn
IEEE69,TP8,11,33120,2281.087521738737,2281.4327812193706,gcn,0.34525948063355827,-0.015135740182839962,mlp
IEEE69,TP8,12,33216,1673.6388771973477,1668.7125471208,gcn,-4.926330076547629,0.2943484489794592,gcn
IEEE69,TP8,13,33312,1904.0086613744177,1881.8658370584453,gcn,-22.142824315972348,1.1629581716287176,gcn
IEEE69,TP8,14,33408,1058.6543036676073,1071.9115298467405,gcn,13.257226179133113,-1.2522715047966755,mlp
IEEE69,TP8,15,33504,1122.7275109929262,1121.2862276867477,gcn,-1.4412833061785477,0.12837338464289477,gcn
IEEE69,TP8,16,33600,1638.9181186913609,1628.7123548878692,gcn,-10.205763803491664,0.622713464882598,gcn
IEEE69,TP8,17,33696,1918.2089481633377,1905.8878392841036,gcn,-12.321108879234089,0.6423236056234335,gcn
IEEE69,TP8,18,33792,1982.5479597886624,1969.9820667554195,gcn,-12.5658930332429,0.633825425064744,gcn
IEEE69,TP8,19,33888,1307.923186727288,1300.2960580953884,gcn,-7.627128631899723,0.5831480555814962,gcn
IEEE69,TP8,20,33984,1272.3949432437407,1268.5390993351866,gcn,-3.8558439085541067,0.30303829239719626,gcn
IEEE69,TP8,21,34080,923.9496047434731,923.7829726821154,gcn,-0.16663206135763176,0.018034756495609493,gcn
IEEE69,TP8,22,34176,728.2983131256452,733.5091349182704,gcn,5.210821792625211,-0.7154790418588057,mlp
IEEE69,TP8,23,34272,1661.462882529424,1649.6626407193796,gcn,-11.800241810044326,0.7102320451528563,gcn
IEEE69,TP8,24,34368,1773.0441834326487,1771.8166796442345,gcn,-1.2275037884141966,0.06923142693701659,gcn
IEEE69,TP8,25,34464,1985.6738828374346,1972.1000824908936,gcn,-13.57380034654102,0.6835865881030121,gcn
IEEE69,TP8,26,34560,1537.40893453385,1527.8143352873997,gcn,-9.594599246450343,0.6240759391293296,gcn
IEEE69,TP8,27,34656,1191.9607596451021,1184.0332698287323,gcn,-7.927489816369871,0.6650797647676107,gcn
IEEE69,TP8,28,34752,939.7411484964163,933.682216715827,gcn,-6.058931780589205,0.6447447566048887,gcn
IEEE69,TP8,29,34848,960.5373110439872,951.4216867802128,gcn,-9.115624263774407,0.949013032493952,gcn
IEEE69,TP8,30,34944,1427.0935111465758,1416.8768515579866,gcn,-10.21665958858921,0.7159068070024924,gcn
IEEE69,TP8,0,32064,1099.8755896213768,1114.78765297308,gat,14.912063351703182,-1.3557954638157337,mlp
IEEE69,TP8,1,32160,878.0877869523642,888.1584125148684,gat,10.07062556250412,-1.1468814066366744,mlp
IEEE69,TP8,2,32256,1463.4297587633707,1446.5023910664777,gat,-16.927367696893043,1.1566915047017376,gat
IEEE69,TP8,3,32352,1676.9752332712353,1658.6741072382558,gat,-18.301126032979482,1.0913176098182389,gat
IEEE69,TP8,4,32448,2075.1616718076343,2051.061633719939,gat,-24.10003808769534,1.161357132560291,gat
IEEE69,TP8,5,32544,2785.4261849474965,2784.7818754767027,gat,-0.6443094707938144,0.023131450198740744,gat
IEEE69,TP8,6,32640,2521.444423843987,2515.0483259852585,gat,-6.3960978587283535,0.253668008632028,gat
IEEE69,TP8,7,32736,1848.1160266582112,1836.3411649706024,gat,-11.77486168760879,0.6371278381747632,gat
IEEE69,TP8,8,32832,1273.2005202650168,1248.209727165334,gat,-24.990793099682833,1.9628324605523249,gat
IEEE69,TP8,9,32928,1984.9661441239275,1964.4324567790245,gat,-20.533687344903,1.034460331008095,gat
IEEE69,TP8,10,33024,2284.0999323503574,2268.1756882830095,gat,-15.9242440673479,0.6971780806000779,gat
IEEE69,TP8,11,33120,2281.087521738737,2279.0557739606675,gat,-2.03174777806953,0.08906926010979402,gat
IEEE69,TP8,12,33216,1673.6388771973477,1665.9563623427937,gat,-7.682514854554029,0.45903061641463905,gat
IEEE69,TP8,13,33312,1904.0086613744177,1869.9612039171104,gat,-34.047457457307246,1.788198664638948,gat
IEEE69,TP8,14,33408,1058.6543036676073,1064.0008147818583,gat,5.346511114250916,-0.5050289878129656,mlp
IEEE69,TP8,15,33504,1122.7275109929262,1117.193183633064,gat,-5.534327359862118,0.492935935538591,gat
IEEE69,TP8,16,33600,1638.9181186913609,1617.8273244479435,gat,-21.09079424341735,1.2868729683858686,gat
IEEE69,TP8,17,33696,1918.2089481633377,1890.510384811936,gat,-27.698563351401617,1.4439805099398928,gat
IEEE69,TP8,18,33792,1982.5479597886624,1961.689542093475,gat,-20.858417695187427,1.0521015439853931,gat
IEEE69,TP8,19,33888,1307.923186727288,1292.514390740709,gat,-15.408795986579207,1.178111692104443,gat
IEEE69,TP8,20,33984,1272.3949432437407,1266.1859005932845,gat,-6.20904265045624,0.4879807707053133,gat
IEEE69,TP8,21,34080,923.9496047434731,919.0123500167687,gat,-4.937254726704396,0.5343640715204574,gat
IEEE69,TP8,22,34176,728.2983131256452,709.0987494861084,gat,-19.19956363953679,2.6362224508165935,gat
IEEE69,TP8,23,34272,1661.462882529424,1639.6659198298773,gat,-21.79696269954661,1.311913912055787,gat
IEEE69,TP8,24,34368,1773.0441834326487,1765.191858864783,gat,-7.852324567865708,0.44287246991574974,gat
IEEE69,TP8,25,34464,1985.6738828374346,1962.9598074031346,gat,-22.714075434299957,1.1438975770705415,gat
IEEE69,TP8,26,34560,1537.40893453385,1514.2744504608236,gat,-23.134484073026442,1.5047710178711127,gat
IEEE69,TP8,27,34656,1191.9607596451021,1177.9566287036048,gat,-14.004130941497351,1.1748818766204168,gat
IEEE69,TP8,28,34752,939.7411484964163,929.2667892077861,gat,-10.474359288630126,1.1146004732674606,gat
IEEE69,TP8,29,34848,960.5373110439872,946.8086012614023,gat,-13.728709782584929,1.4292739724668782,gat
IEEE69,TP8,30,34944,1427.0935111465758,1407.4808114253747,gat,-19.612699721201125,1.3743107629606983,gat
IEEE69,TP8,0,32064,1099.8755896213768,1109.4969548831132,tagconv,9.6213652617364,-0.8747685058678752,mlp
IEEE69,TP8,1,32160,878.0877869523642,888.8617258154396,tagconv,10.773938863075387,-1.2269774187919398,mlp
IEEE69,TP8,2,32256,1463.4297587633707,1454.567129412614,tagconv,-8.862629350756833,0.6056067465954733,tagconv
IEEE69,TP8,3,32352,1676.9752332712353,1668.7031771079746,tagconv,-8.272056163260686,0.4932724108944999,tagconv
IEEE69,TP8,4,32448,2075.1616718076343,2061.0969904106714,tagconv,-14.064681396962897,0.6777631636146892,tagconv
IEEE69,TP8,5,32544,2785.4261849474965,2780.479944249637,tagconv,-4.946240697859594,0.17757572340596156,tagconv
IEEE69,TP8,6,32640,2521.444423843987,2518.706829335217,tagconv,-2.737594508769689,0.10857247071883415,tagconv
IEEE69,TP8,7,32736,1848.1160266582112,1834.9081792106263,tagconv,-13.207847447584982,0.714665489453473,tagconv
IEEE69,TP8,8,32832,1273.2005202650168,1257.2075917929985,tagconv,-15.99292847201832,1.2561201646924705,tagconv
IEEE69,TP8,9,32928,1984.9661441239275,1976.744848529401,tagconv,-8.22129559452651,0.4141781268594387,tagconv
IEEE69,TP8,10,33024,2284.0999323503574,2278.9383686378133,tagconv,-5.1615637125441935,0.22597801608587686,tagconv
IEEE69,TP8,11,33120,2281.087521738737,2279.6456860226,tagconv,-1.4418357161371205,0.06320825932352192,tagconv
IEEE69,TP8,12,33216,1673.6388771973477,1670.580588341898,tagconv,-3.058288855449746,0.1827328999772707,tagconv
IEEE69,TP8,13,33312,1904.0086613744177,1884.6677083780378,tagconv,-19.340952996379883,1.0158017339279604,tagconv
IEEE69,TP8,14,33408,1058.6543036676073,1059.7144231542504,tagconv,1.0601194866430887,-0.10013840051189567,mlp
IEEE69,TP8,15,33504,1122.7275109929262,1120.9022079391714,tagconv,-1.8253030537548511,0.16257756542730264,tagconv
IEEE69,TP8,16,33600,1638.9181186913609,1629.0787989425808,tagconv,-9.839319748780099,0.6003545654029729,tagconv
IEEE69,TP8,17,33696,1918.2089481633377,1904.6328324172434,tagconv,-13.576115746094274,0.7077495785374812,tagconv
IEEE69,TP8,18,33792,1982.5479597886624,1970.0531736782712,tagconv,-12.49478611039126,0.6302387818009302,tagconv
IEEE69,TP8,19,33888,1307.923186727288,1300.4190532298007,tagconv,-7.5041334974873735,0.5737442055954654,tagconv
IEEE69,TP8,20,33984,1272.3949432437407,1270.8298624413085,tagconv,-1.5650808024322487,0.12300275246633394,tagconv
IEEE69,TP8,21,34080,923.9496047434731,921.3460719554464,tagconv,-2.603532788026655,0.2817829862863034,tagconv
IEEE69,TP8,22,34176,728.2983131256452,714.5715861265384,tagconv,-13.726726999106859,1.884767100475041,tagconv
IEEE69,TP8,23,34272,1661.462882529424,1651.4449899038375,tagconv,-10.017892625586455,0.6029561497236181,tagconv
IEEE69,TP8,24,34368,1773.0441834326487,1770.9626828117327,tagconv,-2.0815006209159037,0.11739699666626904,tagconv
IEEE69,TP8,25,34464,1985.6738828374346,1978.0304479543347,tagconv,-7.6434348830998715,0.3849290132263694,tagconv
IEEE69,TP8,26,34560,1537.40893453385,1527.011417162362,tagconv,-10.397517371487993,0.6763013494936252,tagconv
IEEE69,TP8,27,34656,1191.9607596451021,1186.6633111097979,tagconv,-5.297448535304284,0.44443145400873446,tagconv
IEEE69,TP8,28,34752,939.7411484964163,938.8962884439621,tagconv,-0.8448600524541234,0.0899034860616562,tagconv
IEEE69,TP8,29,34848,960.5373110439872,953.9127923978682,tagconv,-6.624518646118986,0.6896680191338888,tagconv
IEEE69,TP8,30,34944,1427.0935111465758,1419.70006024149,tagconv,-7.393450905085729,0.5180775364289603,tagconv
IEEE69,TP9,0,32064,1099.9239659962293,1114.0788893621257,gcn,14.154923365896366,-1.2869001679653274,mlp
IEEE69,TP9,1,32160,878.1293893735971,905.4292000003625,gcn,27.299810626765407,-3.1088596916497004,mlp
IEEE69,TP9,2,32256,1463.4961276813417,1458.448166443628,gcn,-5.047961237713707,0.3449248099966848,gcn
IEEE69,TP9,3,32352,1677.0559001605043,1671.467123915747,gcn,-5.588776244757355,0.3332492521103486,gcn
IEEE69,TP9,4,32448,2075.2565466657275,2064.1070036542715,gcn,-11.14954301145599,0.537260948742445,gcn
IEEE69,TP9,5,32544,2785.6423765555624,2780.5875821028617,gcn,-5.054794452700662,0.18145884393641723,gcn
IEEE69,TP9,6,32640,2521.6449199320614,2515.428290013728,gcn,-6.216629918333183,0.24653074146936885,gcn
IEEE69,TP9,7,32736,1848.265344355258,1839.1418717352415,gcn,-9.123472620016628,0.49362352910421664,gcn
IEEE69,TP9,8,32832,1273.303662095141,1275.3218136825192,gcn,2.01815158737827,-0.15849727346715778,mlp
IEEE69,TP9,9,32928,1985.1143305720386,1980.8617370972831,gcn,-4.252593474755486,0.21422410836810798,gcn
IEEE69,TP9,10,33024,2284.2671229474654,2281.2977461415153,gcn,-2.9693768059501053,0.12999253791818446,gcn
IEEE69,TP9,11,33120,2281.2282637525427,2283.215374337439,gcn,1.9871105848960724,-0.08710704739504425,mlp
IEEE69,TP9,12,33216,1673.6988505198544,1669.5764301943302,gcn,-4.122420325524217,0.24630597817784153,gcn
IEEE69,TP9,13,33312,1904.1219336829784,1882.99377550251,gcn,-21.12815818046829,1.1096011136010562,gcn
IEEE69,TP9,14,33408,1058.7309898022722,1072.2940894207193,gcn,13.56309961844704,-1.2810713721509253,mlp
IEEE69,TP9,15,33504,1122.7716323441484,1121.8971507087315,gcn,-0.8744816354169416,0.0778859752264295,gcn
IEEE69,TP9,16,33600,1639.004688748242,1629.6086925446307,gcn,-9.395996203611276,0.5732745164254097,gcn
IEEE69,TP9,17,33696,1918.2485035382542,1906.8609661191713,gcn,-11.387537419082946,0.5936424502914178,gcn
IEEE69,TP9,18,33792,1982.6431636980749,1971.148250446554,gcn,-11.494913251520984,0.5797772116531745,gcn
IEEE69,TP9,19,33888,1307.9764149935306,1300.8796029937976,gcn,-7.096811999733063,0.5425795081915269,gcn
IEEE69,TP9,20,33984,1272.4541066963914,1269.1023860688813,gcn,-3.351720627510076,0.26340601282760445,gcn
IEEE69,TP9,21,34080,924.0038414323936,924.3594827878488,gcn,0.35564135545519093,-0.03848916416882798,mlp
IEEE69,TP9,22,34176,728.3366565511036,734.2008377479324,gcn,5.864181196828781,-0.8051470627055172,mlp
IEEE69,TP9,23,34272,1661.5553348090434,1650.7690049405865,gcn,-10.78632986845696,0.6491706681376695,gcn
IEEE69,TP9,24,34368,1773.138530144174,1772.5805489758534,gcn,-0.5579811683205662,0.031468560342840034,gcn
IEEE69,TP9,25,34464,1985.766999573639,1972.954195034762,gcn,-12.81280453887689,0.6452320207571134,gcn
IEEE69,TP9,26,34560,1537.468809685112,1528.580088344106,gcn,-8.888721341006203,0.5781399456699675,gcn
IEEE69,TP9,27,34656,1192.0106156188074,1184.5588096646231,gcn,-7.451805954184238,0.6251459388485218,gcn
IEEE69,TP9,28,34752,939.8094314473418,934.1861077265238,gcn,-5.623323720818007,0.5983472321785361,gcn
IEEE69,TP9,29,34848,960.5984493959313,952.1440054669656,gcn,-8.454443928965702,0.8801225875684316,gcn
IEEE69,TP9,30,34944,1427.2125632104273,1417.6397973294177,gcn,-9.572765881009673,0.6707316154418037,gcn
IEEE69,TP9,0,32064,1099.9239659962293,1112.0385369391686,gat,12.114570942939281,-1.1014007620032902,mlp
IEEE69,TP9,1,32160,878.1293893735971,887.001703817829,gat,8.87231444423196,-1.0103652777822318,mlp
IEEE69,TP9,2,32256,1463.4961276813417,1447.480814526691,gat,-16.015313154650812,1.0943187926314726,gat
IEEE69,TP9,3,32352,1677.0559001605043,1659.5500310710058,gat,-17.505869089498447,1.0438452938761928,gat
IEEE69,TP9,4,32448,2075.2565466657275,2052.0492742075407,gat,-23.207272458186708,1.1182845077864403,gat
IEEE69,TP9,5,32544,2785.6423765555624,2785.295016564976,gat,-0.34735999058648304,0.012469654881399117,gat
IEEE69,TP9,6,32640,2521.6449199320614,2515.774972806708,gat,-5.869947125353519,0.23278246191425192,gat
IEEE69,TP9,7,32736,1848.265344355258,1836.7955948020826,gat,-11.469749553175461,0.6205683392920255,gat
IEEE69,TP9,8,32832,1273.303662095141,1249.1050913719355,gat,-24.19857072320542,1.900455597794182,gat
IEEE69,TP9,9,32928,1985.1143305720386,1964.3424179607566,gat,-20.771912611282005,1.0463836914267948,gat
IEEE69,TP9,10,33024,2284.2671229474654,2268.980214312785,gat,-15.286908634680458,0.6692259622839231,gat
IEEE69,TP9,11,33120,2281.2282637525427,2279.4774642330212,gat,-1.750799519521479,0.07674810747090575,gat
IEEE69,TP9,12,33216,1673.6988505198544,1666.8158052482138,gat,-6.88304527164064,0.411247535331864,gat
IEEE69,TP9,13,33312,1904.1219336829784,1871.1172833280118,gat,-33.00465035496654,1.733326515026719,gat
IEEE69,TP9,14,33408,1058.7309898022722,1062.652684325493,gat,3.921694523220822,-0.3704146342172561,mlp
IEEE69,TP9,15,33504,1122.7716323441484,1117.2791891294225,gat,-5.492443214725881,0.4891861404850987,gat
IEEE69,TP9,16,33600,1639.004688748242,1619.2866892314225,gat,-19.717999516819418,1.2030471695525569,gat
IEEE69,TP9,17,33696,1918.2485035382542,1890.9597716317473,gat,-27.288731906506882,1.4225858566380831,gat
IEEE69,TP9,18,33792,1982.6431636980749,1963.2948187054724,gat,-19.348344992602506,0.9758863998760874,gat
IEEE69,TP9,19,33888,1307.9764149935306,1293.229142167332,gat,-14.747272826198696,1.1274876715779036,gat
IEEE69,TP9,20,33984,1272.4541066963914,1266.7144414734532,gat,-5.739665222938129,0.4510705095557225,gat
IEEE69,TP9,21,34080,924.0038414323936,917.7075386807597,gat,-6.2963027516339025,0.6814152138018554,gat
IEEE69,TP9,22,34176,728.3366565511036,707.4522458110717,gat,-20.884410740031853,2.867411732223655,gat
IEEE69,TP9,23,34272,1661.5553348090434,1639.8681529583419,gat,-21.687181850701563,1.3052338009070275,gat
IEEE69,TP9,24,34368,1773.138530144174,1765.2620789156938,gat,-7.876451228480164,0.4442095806152117,gat
IEEE69,TP9,25,34464,1985.766999573639,1964.1736197663897,gat,-21.59337980724922,1.087407526254868,gat
IEEE69,TP9,26,34560,1537.468809685112,1515.0608721806814,gat,-22.40793750443072,1.4574563960760982,gat
IEEE69,TP9,27,34656,1192.0106156188074,1178.6361674722584,gat,-13.374448146548957,1.1220074696739082,gat
IEEE69,TP9,28,34752,939.8094314473418,929.5835650049181,gat,-10.225866442423694,1.0880787210951348,gat
IEEE69,TP9,29,34848,960.5984493959313,947.0584306531283,gat,-13.540018742803,1.409539933290293,gat
IEEE69,TP9,30,34944,1427.2125632104273,1408.583454681039,gat,-18.629108529388304,1.305279186127907,gat
IEEE69,TP9,0,32064,1099.9239659962293,1109.0270407676046,tagconv,9.103074771375304,-0.8276094578165152,mlp
IEEE69,TP9,1,32160,878.1293893735971,886.8973184248531,tagconv,8.767929051256033,-0.9984780326633332,mlp
IEEE69,TP9,2,32256,1463.4961276813417,1455.4220809398767,tagconv,-8.074046741465054,0.5516958049118309,tagconv
IEEE69,TP9,3,32352,1677.0559001605043,1669.143559676583,tagconv,-7.912340483921298,0.4717994482571535,tagconv
IEEE69,TP9,4,32448,2075.2565466657275,2062.72136857783,tagconv,-12.535178087897293,0.6040302876305732,tagconv
IEEE69,TP9,5,32544,2785.6423765555624,2781.7263611815765,tagconv,-3.9160153739858288,0.14057853969137163,tagconv
IEEE69,TP9,6,32640,2521.6449199320614,2519.935414924445,tagconv,-1.7095050076163716,0.06779324853010746,tagconv
IEEE69,TP9,7,32736,1848.265344355258,1836.19134334918,tagconv,-12.074001006078106,0.6532612345382668,tagconv
IEEE69,TP9,8,32832,1273.303662095141,1257.5861909628466,tagconv,-15.71747113229435,1.234385135312675,tagconv
IEEE69,TP9,9,32928,1985.1143305720386,1977.334574885268,tagconv,-7.7797556867706135,0.39190466599114054,tagconv
IEEE69,TP9,10,33024,2284.2671229474654,2279.8124781347256,tagconv,-4.4546448127398435,0.1950141806091342,tagconv
IEEE69,TP9,11,33120,2281.2282637525427,2281.097094426135,tagconv,-0.13116932640787127,0.005749943067604388,tagconv
IEEE69,TP9,12,33216,1673.6988505198544,1672.2733933779753,tagconv,-1.4254571418791784,0.08516807796315498,tagconv
IEEE69,TP9,13,33312,1904.1219336829784,1886.2925869802318,tagconv,-17.829346702746534,0.9363553030588104,tagconv
IEEE69,TP9,14,33408,1058.7309898022722,1059.397623019431,tagconv,0.6666332171587328,-0.06296530691740994,mlp
IEEE69,TP9,15,33504,1122.7716323441484,1120.428660155011,tagconv,-2.3429721891375266,0.2086775370558495,tagconv
IEEE69,TP9,16,33600,1639.004688748242,1629.7460404607239,tagconv,-9.258648287518099,0.564894557720223,tagconv
IEEE69,TP9,17,33696,1918.2485035382542,1905.4619793874663,tagconv,-12.786524150787955,0.6665728724512445,tagconv
IEEE69,TP9,18,33792,1982.6431636980749,1970.9366274955164,tagconv,-11.706536202558482,0.590450990723069,tagconv
IEEE69,TP9,19,33888,1307.9764149935306,1300.887480954053,tagconv,-7.0889340394776355,0.5419772067918135,tagconv
IEEE69,TP9,20,33984,1272.4541066963914,1271.4975699282784,tagconv,-0.9565367681129828,0.07517259467977129,tagconv
IEEE69,TP9,21,34080,924.0038414323936,920.6020831137497,tagconv,-3.4017583186439424,0.3681541316289904,tagconv
IEEE69,TP9,22,34176,728.3366565511036,712.3923052659852,tagconv,-15.944351285118387,2.189145794284165,tagconv
IEEE69,TP9,23,34272,1661.5553348090434,1652.5829775437203,tagconv,-8.972357265323126,0.5399974997735653,tagconv
IEEE69,TP9,24,34368,1773.138530144174,1772.0998708759228,tagconv,-1.0386592682511946,0.05857744618333578,tagconv
IEEE69,TP9,25,34464,1985.766999573639,1978.1421266725208,tagconv,-7.624872901118124,0.3839762118493886,tagconv
IEEE69,TP9,26,34560,1537.468809685112,1527.2730730967885,tagconv,-10.195736588323598,0.6631507920093533,tagconv
IEEE69,TP9,27,34656,1192.0106156188074,1187.4794530714482,tagconv,-4.531162547359145,0.38012770087679854,tagconv
IEEE69,TP9,28,34752,939.8094314473418,939.2279633152693,tagconv,-0.581468132072473,0.061870855155921375,tagconv
IEEE69,TP9,29,34848,960.5984493959313,954.2206383512997,tagconv,-6.377811044631585,0.6639414261643091,tagconv
IEEE69,TP9,30,34944,1427.2125632104273,1420.9888092286683,tagconv,-6.223753981759046,0.4360775782241639,tagconv
