feeder,architecture,topology_case,episode_id,start_index,total_energy_cost_seed_mean,total_reward_mean_seed_mean,total_reward_team_seed_mean,total_grid_import_mwh_seed_mean,total_curtailment_mwh_seed_mean,total_throughput_mwh_seed_mean,mean_voltage_deviation_seed_mean,max_voltage_deviation_seed_mean,min_voltage_pu_seed_mean,max_voltage_pu_seed_mean,max_line_current_pu_seed_mean,max_voltage_violation_seed_mean,max_line_current_violation_seed_mean,infeasible_requested_count_seed_mean,feasible_rate_seed_mean,converged_rate_seed_mean,total_energy_cost_seed_std,total_reward_mean_seed_std,total_reward_team_seed_std,total_grid_import_mwh_seed_std,total_curtailment_mwh_seed_std,total_throughput_mwh_seed_std,mean_voltage_deviation_seed_std,max_voltage_deviation_seed_std,min_voltage_pu_seed_std,max_voltage_pu_seed_std,max_line_current_pu_seed_std,max_voltage_violation_seed_std,max_line_current_violation_seed_std,infeasible_requested_count_seed_std,feasible_rate_seed_std,converged_rate_seed_std,n_runs
IEEE33,gat,TP1,0,32064,363.50085302986326,-511.61041613689935,-2558.0520806844966,9.782456493708834,13.086966983263487,5.020254870627859,0.24479889435072735,0.5196318030357361,0.9688961307207743,1.0021750926971436,1.131209135055542,0.0,0.0,0.0,1.0,1.0,12.773521267656049,17.309131040948348,86.54565520474148,0.33524050926425747,0.271955046333077,0.3838889633160476,0.00425898340099472,0.013342169365910452,0.001092153376836583,0.00033417387548923775,0.06726237063295239,0.0,0.0,0.0,0.0,0.0,3
IEEE33,gat,TP1,1,32160,295.2049630357208,-418.62035071980205,-2093.1017535990104,8.175891612626662,14.056089603935307,4.966219994574611,0.2058240560193856,0.4586203495661418,0.9725297888120016,1.003662904103597,0.9977877338727316,0.0,0.0,0.0,1.0,1.0,9.910912450995237,13.526296942814334,67.63148471407142,0.275604785924338,0.26804030290684616,0.451619225536991,0.0036317572512182864,0.010099036172451862,0.0006693625501399971,0.0011039439662958324,0.03743997757122281,0.0,0.0,0.0,0.0,0.0,3
IEEE33,gat,TP1,2,32256,512.1511074902774,-717.9916338436306,-3589.9581692181528,14.029332911911135,7.472969602684479,5.3863768020116565,0.37940247543156147,0.7166935404141744,0.9554080168406168,1.0010788043340046,1.518888235092163,0.0,0.0,0.0,1.0,1.0,9.090056458992663,12.261940915782976,61.30970457891529,0.21977763579978904,0.18220183431526005,0.06475921932736305,0.0028447376332942386,0.0045525089432473746,0.001671018669063556,0.00014543808546224138,0.04488428959614566,0.0,0.0,0.0,0.0,0.0,3
IEEE33,gat,TP1,3,32352,594.6980093124897,-827.2547165234884,-4136.273582617442,14.03502081068622,9.9113167600432,5.297937036140061,0.3821774638361401,0.744219183921814,0.9529418349266052,1.0017178853352864,1.5963522990544636,0.0,0.0,0.0,1.0,1.0,20.56121072058442,27.79714195516988,138.98570977584933,0.46043287550563256,0.42942509864518297,0.2883579130125835,0.006577452489373195,0.010570288818147597,0.0019725542329772526,7.984391652219938e-05,0.02614198876261198,0.0,0.0,0.0,0.0,0.0,3
IEEE33,gat,TP1,4,32448,773.4710806286183,-1062.0882359507184,-5310.441179753591,16.819565907311134,0.40072874286904114,4.312262400333606,0.45098649627632564,0.7397804458936056,0.9540896415710449,1.0012751420338948,1.5812540849049885,0.0,0.0,0.0,1.0,1.0,9.432539778507287,12.47110311973606,62.355515598680235,0.0700262297633542,0.13797720389399645,0.6904750081195157,0.0016355082412249143,0.03075759062351319,0.002779354492822025,4.137031829020567e-05,0.024514489581175004,0.0,0.0,0.0,0.0,0.0,3
IEEE33,gat,TP1,5,32544,1372.9523261828429,-1858.4911898295086,-9292.455949147543,24.805942300690702,0.0,3.1550201374910114,0.5900483830935425,0.7412594755490621,0.9544189771016439,1.0,1.595911701520284,0.0,0.0,0.0,1.0,1.0,2.567563729323329,3.3185018140234335,16.592509070117394,0.0207245165898096,0.0,0.3038831963938227,0.0010293430997048972,0.026405564466173002,0.0027915301875600256,0.0,0.025730761054586056,0.0,0.0,0.0,0.0,0.0,3
IEEE33,gat,TP1,6,32640,1226.3108798214175,-1667.6132455825807,-8338.066227912903,24.55305921588311,0.0,3.217259196760306,0.5880896329051919,0.746002733707428,0.9541746576627096,1.0,1.600293795267741,0.0,0.0,0.0,1.0,1.0,4.4491219652603515,5.855639043429964,29.27819521714925,0.00937478816919202,0.0,0.07060228498895868,0.000800218698626948,0.019320086846004367,0.0025847529090369443,0.0,0.003662455233116525,0.0,0.0,0.0,0.0,0.0,3
IEEE33,gat,TP1,7,32736,696.6091754221507,-953.4172768875957,-4767.086384437978,14.542110450869075,0.0,3.4419192884306593,0.3831027158432536,0.5594564080238342,0.9650995930035909,1.0008490482966106,1.18254554271698,0.0,0.0,0.0,1.0,1.0,9.533266271299127,12.375802725296527,61.87901362648245,0.10666769278929086,0.0,0.9766040246660959,0.0004996922825512719,0.010080130014092692,0.001381437390795491,0.0002784414207588489,0.050319490930797704,0.0,0.0,0.0,0.0,0.0,3
IEEE33,gat,TP1,8,32832,442.58314624402874,-615.3154018171132,-3076.577009085566,9.913285012247831,10.949720501566427,5.227055858485648,0.2628421129451857,0.511202851931254,0.9675453305244446,1.0019867420196535,1.0851167440414429,0.0,0.0,0.0,1.0,1.0,18.580333803804432,25.395188549528278,126.97594274764124,0.4168927757873117,0.5082348001731749,0.42532283213039934,0.007271521090276994,0.007694933512370855,0.0009401448990690024,0.00018768218322997438,0.028073996562089625,0.0,0.0,0.0,0.0,0.0,3
IEEE33,gat,TP1,9,32928,695.9653578080209,-981.2706774314244,-4906.353387157123,14.52537093778733,9.346993050916225,5.298565398532188,0.4040115589482916,0.7899857958157858,0.9507095019022623,1.0017237265904744,1.6804434458414714,0.0,0.0,1.0,1.0,1.0,26.050557253588774,29.530118411877297,147.65059205938547,0.5168917872618222,0.48410138454680823,0.3369026755284937,0.00731365332336667,0.010008555329615006,0.0006686981644146378,0.00017182646590283907,0.05239945305946073,0.0,0.0,1.7320508075688772,0.0,0.0,3
IEEE33,gat,TP1,10,33024,820.0960994721303,-1142.1850261350473,-5710.925130675237,15.404002353431949,5.15240879207759,5.521546713409127,0.4222477028767268,0.7720365126927694,0.9515541593233744,1.0017015139261882,1.6447124083836873,0.0,0.0,1.0,1.0,1.0,16.529817517862238,35.38221142372748,176.91105711863742,0.3167788553814218,0.31462208959106613,0.385862982419847,0.004586214310794996,0.017957615855214062,0.0012961391594653133,6.699650453893295e-05,0.03857607566863745,0.0,0.0,1.7320508075688772,0.0,0.0,3
IEEE33,gat,TP1,11,33120,879.1422373532687,-1202.368609325091,-6011.843046625455,17.447076797736766,0.0,3.3286616487208605,0.476505615024103,0.7255779107411703,0.9553100268046061,1.0,1.561470905939738,0.0,0.0,0.0,1.0,1.0,8.225316930558444,10.633012349622103,53.16506174810935,0.020727086658038955,0.0,0.9899718784172701,0.0004463526660566735,0.03579219713765266,0.0027730003524158373,0.0,0.047154774708838505,0.0,0.0,0.0,0.0,0.0,3
IEEE33,gat,TP1,12,33216,582.8692958651585,-808.1973791191975,-4040.986895595988,13.178533876362076,9.669914829606986,5.35964176610928,0.3539198595616552,0.7149826089541117,0.9566229979197184,1.001734693845113,1.549542744954427,0.0,0.0,0.0,1.0,1.0,20.546517274252935,27.755116953099364,138.77558476549686,0.45350657074665734,0.4276835091519715,0.403016295605871,0.0063731145861798824,0.02003534475964208,0.0025117895571740412,0.0002702592205780216,0.007137989523530847,0.0,0.0,0.0,0.0,0.0,3
IEEE33,gat,TP1,13,33312,784.881302326305,-1085.12747746706,-5425.6373873353,20.209901895321313,0.15401803066371272,3.810193982470526,0.5184109602123499,0.7411519289016724,0.9532249768575033,1.0013633966445923,1.5873891115188599,0.0,0.0,0.0,1.0,1.0,4.221069302598934,5.395854027807554,26.97927013903789,0.17051447499914765,0.03633590792565281,0.5440612172229468,0.0004608488329130473,0.016054303450562586,0.0022146570866404857,9.70583265219692e-05,0.027196796408987395,0.0,0.0,0.0,0.0,0.0,3
IEEE33,gat,TP1,14,33408,376.6654384135641,-532.6971497198566,-2663.4857485992834,10.514255943292687,13.6989330598774,4.677372671681508,0.2733954106354051,0.5356749097506205,0.9662352204322815,1.002128005027771,1.1362015803654988,0.0,0.0,0.0,1.0,1.0,8.958219304152008,12.130405701285568,60.652028506427854,0.2503139314687796,0.1821282144449425,0.5174457226810125,0.0030155741899411527,0.03325061029647208,0.0024448348196428973,0.00018392695395359992,0.0739143996868609,0.0,0.0,0.0,0.0,0.0,3
IEEE33,gat,TP1,15,33504,341.2520361219136,-476.6375075872188,-2383.187537936094,9.456014821939368,2.015806885375674,5.165282609296852,0.25395890242523617,0.4781590898831685,0.9697571595509847,1.0035431782404582,1.0139065980911255,0.0,0.0,0.0,1.0,1.0,1.2035605448075115,1.698374487788293,8.491872438941224,0.12937533371459298,0.03544446572362621,0.2386149629075857,0.0015055988226784403,0.0057347309000793985,0.001704842429514141,0.0006867162053537717,0.015609213942359923,0.0,0.0,0.0,0.0,0.0,3
IEEE33,gat,TP1,16,33600,564.0292395193295,-786.5523400915787,-3932.7617004578938,15.068028958918688,3.4711303905170947,5.422600921874259,0.40907629517217475,0.7375098466873169,0.953046957651774,1.0015117327372234,1.5634278456370037,0.0,0.0,0.0,1.0,1.0,7.119628231304769,9.289640639565677,46.448203197827794,0.20817654992325949,0.06195786575196268,0.4795629106397597,0.0009262788848309156,0.01301779624406812,0.001475210101106895,0.0004149515153359726,0.04619464679674647,0.0,0.0,0.0,0.0,0.0,3
IEEE33,gat,TP1,17,33696,722.905651741834,-999.7592352145662,-4998.796176072831,17.20555913699528,4.3651701727547385,4.884390001392954,0.45773993639482385,0.7637639244397482,0.9519867102305094,1.0008952220280964,1.6386710405349731,0.0,0.0,0.0,1.0,1.0,12.228360031633478,16.41676319215858,82.08381596079266,0.18956790608992133,0.2104655341569889,0.2876597455435046,0.0035251841756053946,0.028592841380547716,0.0016805406086181725,0.0003615322238785013,0.007576602352142807,0.0,0.0,0.0,0.0,0.0,3
IEEE33,gat,TP1,18,33792,889.5100396605714,-1224.55140761137,-6122.75703805685,21.857708782273345,0.0,3.1115094424405108,0.5462612319323751,0.7251008351643881,0.9557101726531982,1.0,1.5555020968119304,0.0,0.0,0.0,1.0,1.0,7.885297700452963,10.247330301487498,51.236651507437294,0.029315832033420537,0.0,0.749350466813108,4.903231151717414e-05,0.028171306469002493,0.0025868600166779245,0.0,0.02368876072138139,0.0,0.0,0.0,0.0,0.0,3
IEEE33,gat,TP1,19,33888,461.899940593612,-654.9702357063691,-3274.8511785318456,14.150297102197584,10.32163131347147,5.140424536781647,0.38281256602042246,0.7301888664563497,0.953551451365153,1.001852035522461,1.5577061176300049,0.0,0.0,0.0,1.0,1.0,6.492720628828615,8.800237835218773,44.001189176093916,0.20041330190480852,0.15308676616288297,0.10941759898057679,0.002229463745022147,0.021249017512641084,0.0016318084382376252,9.439576885542582e-05,0.05762114775950155,0.0,0.0,0.0,0.0,0.0,3
IEEE33,gat,TP1,20,33984,431.9076352669067,-615.902407241861,-3079.5120362093053,14.302344779314902,9.067545588108517,5.1789686751943345,0.3887809546043475,0.75819198290507,0.9518505732218424,1.0018179019292195,1.590679128964742,0.0,0.0,0.0,1.0,1.0,5.554347258000336,7.561152348882864,37.805761744414326,0.17235823157160318,0.14338037051887087,0.12989772158399546,0.0022433890736089216,0.005668218514046217,0.0017890892737500498,0.00016284164943926291,0.06283847473196272,0.0,0.0,0.0,0.0,0.0,3
IEEE33,gat,TP1,21,34080,301.77126222650094,-433.91313126281216,-2169.5656563140606,10.630967963560158,11.767591073415474,4.9184239896193835,0.27210702291793293,0.5395739277203878,0.9672771096229553,1.002134919166565,1.1350651582082112,0.0,0.0,0.0,1.0,1.0,8.645761407812696,11.74035603458316,58.70178017291568,0.27626644577025045,0.21971614287270286,0.31620395502781923,0.003173829205254484,0.00983377783899375,0.0022336724394252895,0.0002958281742644646,0.07035075636730383,0.0,0.0,0.0,0.0,0.0,3
IEEE33,gat,TP1,22,34176,240.15632436062523,-348.700230319829,-1743.5011515991453,8.525332516042532,14.126007566941775,4.9863450965791545,0.21865184998346696,0.48206228017807,0.9697813987731934,1.003142277399699,1.027192234992981,0.0,0.0,0.0,1.0,1.0,9.155923357438887,12.524747108319962,62.623735541599935,0.3031849760177794,0.2837330147462321,0.3064218757749897,0.004252702709918304,0.0,0.000607660475572856,0.0012613969200276733,0.0,0.0,0.0,0.0,0.0,0.0,3
IEEE33,gat,TP1,23,34272,617.8357741248368,-864.9462687147161,-4324.7313435735805,18.168560298076468,0.008936680098162566,3.18244957647949,0.4946614245159758,0.7502920826276144,0.951814611752828,1.0011074145634968,1.5730630954106648,0.0,0.0,0.0,1.0,1.0,2.210605372435912,2.8435795205562764,14.217897602781914,0.15299123809234033,0.015425596704181081,0.626670911352712,0.00035739014921078085,0.01795399677561254,0.0016538997702130937,0.0002659478920875172,0.07726992918832917,0.0,0.0,0.0,0.0,0.0,3
IEEE33,gat,TP1,24,34368,699.5676155543651,-973.7656917256613,-4868.828458628307,19.89515697023707,0.07113698215084822,3.4611920609753795,0.5150470011350182,0.7652149200439453,0.9523772994677225,1.0011862913767497,1.6132757663726807,0.0,0.0,0.0,1.0,1.0,5.5625948517485915,7.194547429082636,35.972737145412836,0.03349455284633064,0.019387258664016634,0.763282707167692,7.935125600625558e-05,0.019675313995227976,0.0007986515217958672,7.693852265655055e-05,0.013135571176603038,0.0,0.0,0.0,0.0,0.0,3
IEEE33,gat,TP1,25,34464,895.5754521154244,-1233.666968270143,-6168.334841350715,22.975367997054878,0.0,3.443068504338411,0.5561096126006709,0.7256382505098978,0.9558335145314535,1.0,1.5850358406702678,0.0,0.0,0.0,1.0,1.0,6.939399082994127,9.115048576113237,45.57524288056426,0.02070732640704103,0.0,0.2667600824648471,0.001143716206548121,0.032363266906928145,0.0027674228788756245,0.0,0.042980715895819886,0.0,0.0,0.0,0.0,0.0,3
IEEE33,gat,TP1,26,34560,522.3881040228558,-731.4554174835483,-3657.2770874177418,13.702043446652814,9.67811974104638,5.062210047217884,0.3689565720657508,0.7272739211718241,0.9546276330947876,1.0018982887268066,1.5615455309549968,0.0,0.0,0.0,1.0,1.0,9.620422176224986,12.937570661025674,64.68785330512846,0.24199267537109811,0.18077319176563258,0.28507520031724726,0.0026458231961321993,0.00912451359749656,0.0017301588947045928,8.406790898575886e-05,0.02807311514950227,0.0,0.0,0.0,0.0,0.0,3
IEEE33,gat,TP1,27,34656,413.7459112216877,-592.4123829041919,-2962.061914520959,14.154661192967948,9.809446731198513,5.131775943420135,0.3858912301560243,0.75092085202535,0.9524314204851786,1.001710573832194,1.5802128712336223,0.0,0.0,0.0,1.0,1.0,5.501435809122929,7.36938226747784,36.84691133738896,0.19530544363871885,0.1125949978523294,0.07711681240365352,0.0017159350602706817,0.006480112281024967,0.0017279029406264592,9.329300518167039e-05,0.06473108692366142,0.0,0.0,0.0,0.0,0.0,3
IEEE33,gat,TP1,28,34752,347.537125124449,-498.7647508511941,-2493.8237542559705,14.248678075334062,0.0,3.2495221744339418,0.3762077604317003,0.5546709100405375,0.9659871856371561,1.0002159277598064,1.181307037671407,0.0,0.0,0.0,1.0,1.0,7.909116146725773,10.297234392842942,51.48617196421462,0.048852157214720485,0.0,1.243615581153454,0.0011461058476762275,0.01887725681257152,0.001617544619213395,6.333484583866902e-05,0.016184868742908032,0.0,0.0,0.0,0.0,0.0,3
IEEE33,gat,TP1,29,34848,378.1635175685148,-536.6271544535955,-2683.1357722679772,14.129548173635127,0.0,3.5342277015871324,0.3605559072974655,0.5099478960037231,0.9680071075757345,1.0,1.075539231300354,0.0,0.0,0.0,1.0,1.0,5.686855318079806,7.404515376021567,37.022576880107884,0.042480009672271904,0.0,0.884492598806187,0.0006957335987818493,0.0,7.656838589583886e-05,0.0,0.0,0.0,0.0,0.0,0.0,0.0,3
IEEE33,gat,TP1,30,34944,479.0045353548062,-726.3770484040182,-3631.8852420200906,16.219947987870768,2.1918466792172335,5.512740353717969,0.44541442456344765,0.7817228237787882,0.95012233654658,1.0012983083724976,1.6378275553385417,0.0,0.0,2.3333333333333335,1.0,1.0,6.670643794102796,48.591661963912756,242.9583098195639,0.1835917351264766,0.21207712969714484,0.3618622320788098,0.002853062954418045,0.014963434956113249,0.0001796199230569065,0.00012963082565352685,0.07180513715201665,0.0,0.0,2.0816659994661326,0.0,0.0,3
IEEE33,gat,TP2,0,32064,361.75750309030536,-501.55944461741797,-2507.7972230870896,9.732303372302518,13.075266330992262,5.080749320912812,0.1824541567928261,0.37102955579757685,0.9769555727640787,1.0026247104008992,1.108957330385844,0.0,0.0,0.0,1.0,1.0,13.400377405648198,17.860281621327214,89.30140810663588,0.3555748747228019,0.294192556430948,0.334477742819506,0.0021864915026277867,0.01682579143856237,0.0010529881809725635,0.0003773595684395419,0.08967753290198481,0.0,0.0,0.0,0.0,0.0,3
IEEE33,gat,TP2,1,32160,293.6292019590174,-410.1248857848657,-2050.624428924328,8.129123529224058,14.036999042333868,5.009795000161209,0.15427435210181598,0.3311045964558919,0.9787987669308981,1.0039935906728108,0.9827708005905151,0.0,0.0,0.0,1.0,1.0,10.059851715408564,13.43940168035595,67.19700840177956,0.2822389631854411,0.2727109528895119,0.416645950093885,0.0014026125473004098,0.0037664586596409264,0.00019955119072105658,0.0004000162580403553,0.042551719031075484,0.0,0.0,0.0,0.0,0.0,3
IEEE33,gat,TP2,2,32256,509.5465715986656,-702.8141765142481,-3514.0708825712404,13.953095583760676,7.476198863774246,5.4208283727999715,0.28485385825236637,0.5298421382904053,0.9642706910769144,1.0017063220342,1.5068183342615764,0.0,0.0,0.0,1.0,1.0,9.925258644389844,13.32509734603976,66.6254867301988,0.2330197745351154,0.21447029449181323,0.19675968200450944,0.002462522403640882,0.007836270100066963,0.0021145941719869447,0.0006800766614173465,0.04746398976741016,0.0,0.0,0.0,0.0,0.0,3
IEEE33,gat,TP2,3,32352,590.0913486711743,-809.295361537238,-4046.4768076861897,13.922240375871647,9.87555301094329,5.358567490487204,0.2864510760539108,0.5457399686177572,0.963237981001536,1.001688798268636,1.5851523478825886,0.0,0.0,0.0,1.0,1.0,21.186227549730763,28.480749898600912,142.4037494930044,0.4747221585464551,0.43918770097461746,0.26999141436008045,0.005447740096302245,0.010863864639668907,0.002446472189064077,0.0004563215185574794,0.025061587675108514,0.0,0.0,0.0,0.0,0.0,3
IEEE33,gat,TP2,4,32448,768.2025920356127,-1040.9402081405124,-5204.701040702562,16.70715586798285,0.38574548153830196,4.201189071619184,0.3364775418821308,0.5418314735094706,0.9635720451672872,1.0014644463857014,1.5706722338994343,0.0,0.0,0.0,1.0,1.0,8.51339167334011,11.254535268669152,56.27267634334567,0.04908689945439273,0.13107018961288677,0.6729555680455317,0.0008761295459816395,0.022987501796451336,0.0024080597557962495,0.00028106227114235374,0.025283253028116095,0.0,0.0,0.0,0.0,0.0,3
IEEE33,gat,TP2,5,32544,1364.5349780443673,-1828.275894737244,-9141.379473686218,24.653508948992663,0.0,3.2222304762731437,0.43561579680277235,0.5410594940185547,0.9642873207728068,1.0,1.5856771071751912,0.0,0.0,0.0,1.0,1.0,2.615725662225989,3.384868519393009,16.924342596966124,0.02178777644932985,0.0,0.35628597064664214,0.0008060068004102177,0.021019149500252677,0.002409944291847536,0.0,0.025032096784014978,0.0,0.0,0.0,0.0,0.0,3
IEEE33,gat,TP2,6,32640,1218.5210500165022,-1638.3046068191527,-8191.523034095764,24.400977579106364,0.0,3.26888236705276,0.4343859584381183,0.5437736312548319,0.9637813170750936,1.0,1.5890868504842122,0.0,0.0,0.0,1.0,1.0,4.3188264595470365,5.670214504888306,28.35107252444143,0.006168190127854371,0.0,0.068537202371416,0.000552773236553465,0.014229026467070895,0.0027946679937389655,0.0,0.0031440367258175933,0.0,0.0,0.0,0.0,0.0,3
IEEE33,gat,TP2,7,32736,693.1564926124632,-936.654931864639,-4683.274659323196,14.479246717092238,0.0,3.5325250258463416,0.2847479341758622,0.4095138708750407,0.9724742372830709,1.0008252461751301,1.1813408136367798,0.0,0.0,0.0,1.0,1.0,8.817464915965918,11.470719204643325,57.353596023216966,0.11716459271948214,0.0,0.9956050723972736,0.0004424274049785058,0.005503247571165072,0.001971475606397884,0.0004846326419009422,0.056331919298862033,0.0,0.0,0.0,0.0,0.0,3
IEEE33,gat,TP2,8,32832,439.3230927515279,-603.0105390030891,-3015.0526950154454,9.841473696733244,10.926906449147635,5.291971000689351,0.19831482652160856,0.3782418171564738,0.9742690324783325,1.0025254090627036,1.0882323185602825,0.0,0.0,0.0,1.0,1.0,17.934941803100475,24.365977524108523,121.82988762054278,0.4108970321549737,0.4863812780846525,0.3690365604439565,0.005869676333803751,0.006019741914708187,0.0007317082895116103,0.0009627193752598174,0.023724405723623353,0.0,0.0,0.0,0.0,0.0,3
IEEE33,gat,TP2,9,32928,692.1438598579965,-943.7354708438119,-4718.677354219059,14.433778752382318,9.336615797665855,5.378480463481696,0.3033766587161355,0.5899614890416464,0.9600614706675211,1.0017650127410889,1.6939457654953003,0.0,0.0,0.0,1.0,1.0,24.900155088322133,33.41007868445549,167.0503934222772,0.5017664038293637,0.4845178029246199,0.31698336395580784,0.0058913388995286906,0.014845406181238687,0.0024263980530870783,0.00044405825184596053,0.00859994416241269,0.0,0.0,0.0,0.0,0.0,3
IEEE33,gat,TP2,10,33024,815.9890094647404,-1103.6708764677248,-5518.3543823386235,15.317532820700356,5.150279836524294,5.579453994278161,0.31671548593375415,0.5784634351730347,0.9605212608973185,1.001774549484253,1.6584160327911377,0.0,0.0,0.0,1.0,1.0,16.587946530585825,22.279793396992407,111.39896698496112,0.30868820884886394,0.3274997751618565,0.2802983493918239,0.003948610824550532,0.025983039800928052,0.002411628855316583,0.00041683893714155755,0.03840166470788529,0.0,0.0,0.0,0.0,0.0,3
IEEE33,gat,TP2,11,33120,873.7603571948479,-1180.0984664777914,-5900.492332388957,17.344713287117,0.0,3.4226062157014563,0.3541154809710052,0.5299911697705587,0.9647258917490641,1.0001194477081299,1.547665039698283,0.0,0.0,0.0,1.0,1.0,8.458949297656586,10.964278699897068,54.82139349948483,0.022144944286436385,0.0,0.9671283388720584,0.00023616511756054505,0.02317880308805998,0.0023948018475760053,3.714742031778688e-05,0.0444464705169354,0.0,0.0,0.0,0.0,0.0,3
IEEE33,gat,TP2,12,33216,578.8296861212151,-791.7461875582735,-3958.7309377913675,13.08482545280225,9.64028413738122,5.451626155039885,0.2643383242603805,0.5169837673505148,0.9660017689069113,1.0016795794169109,1.5208056370417278,0.0,0.0,0.0,1.0,1.0,21.08626184996828,28.363562951752797,141.81781475876377,0.477306475640506,0.4478986593012563,0.3326445405881786,0.005482043963213091,0.008186352815331789,0.0023855718639225983,0.0005078432191115948,0.032999457306004155,0.0,0.0,0.0,0.0,0.0,3
IEEE33,gat,TP2,13,33312,779.9065227857174,-1062.0995805546643,-5310.497902773321,20.085596764307112,0.15035585952164535,3.8774542651020183,0.38569772140019465,0.5434046387672424,0.9623467922210693,1.001613736152649,1.5761347611745198,0.0,0.0,0.0,1.0,1.0,4.399786215180293,5.649951230027225,28.24975615013621,0.16834481750413413,0.03062442484791473,0.4631437311995446,0.00026081425183493843,0.0159809773231116,0.0019665891163933033,0.0002596916026142233,0.02612817616534826,0.0,0.0,0.0,0.0,0.0,3
IEEE33,gat,TP2,14,33408,375.0909800614609,-522.0794732094432,-2610.397366047216,10.460013919564247,13.68101538259225,4.895642894145763,0.20479024201631538,0.4047149022420247,0.9732225139935812,1.002644697825114,1.1753199497858684,0.0,0.0,0.0,1.0,1.0,9.367138689688199,12.535131961562685,62.67565980781353,0.2763433863054088,0.2117284597778992,0.3267139480256146,0.0018292989265340123,0.0068576930796424,0.002309811293294509,0.0007945812575533317,0.03351452151290498,0.0,0.0,0.0,0.0,0.0,3
IEEE33,gat,TP2,15,33504,340.09617550246946,-467.2374454486184,-2336.187227243092,9.418737074206929,2.01553996696125,5.259288162644359,0.19068029791944552,0.3481910228729248,0.9766999085744222,1.003578543663025,1.015040357907613,0.0,0.0,0.0,1.0,1.0,1.1340970671198807,1.5416205914691334,7.708102957345773,0.1280493876545074,0.03543462969226769,0.23883186746016147,0.001110752406880046,0.002016862903634631,0.0006651297809420761,0.0004735912321865382,0.013432045918159226,0.0,0.0,0.0,0.0,0.0,3
IEEE33,gat,TP2,16,33600,561.277651634977,-770.0429877189958,-3850.2149385949792,14.98670865501033,3.4688096512992956,5.481604449985212,0.3054493883003791,0.5470238327980042,0.9630118608474731,1.0017786026000977,1.566723148028056,0.0,0.0,0.0,1.0,1.0,7.330728364342461,9.560551251678177,47.802756258391184,0.21170851231723467,0.04352737465491958,0.3380629451234228,0.00040338532043557795,0.007189113718840894,0.0020225070935986503,0.00045589840616919994,0.028849008191027807,0.0,0.0,0.0,0.0,0.0,3
IEEE33,gat,TP2,17,33696,718.5316099156512,-979.7619894231358,-4898.809947115679,17.093552860316372,4.3598099305757385,4.911297846498507,0.3430839501735236,0.5593067606290182,0.9619352022806803,1.001259724299113,1.6293253898620605,0.0,0.0,0.0,1.0,1.0,12.597350809174213,16.795222296936863,83.97611148468475,0.1901063873094829,0.20110220443442234,0.22353587726166912,0.0027384247605088826,0.017979644597605378,0.002044628910016919,0.0006136520045389324,0.007448817791300036,0.0,0.0,0.0,0.0,0.0,3
IEEE33,gat,TP2,18,33792,884.1296821403284,-1199.8335517962776,-5999.167758981387,21.719349072852907,0.0,3.050791756856334,0.40424938934544713,0.5289361476898193,0.9647339383761088,1.0,1.544842799504598,0.0,0.0,0.0,1.0,1.0,7.6462309702862035,9.935640848770149,49.67820424385028,0.032907485428775175,0.0,0.7547047782293657,4.052676285047766e-05,0.02110680262958572,0.0022110307624210973,0.0,0.023135944575536752,0.0,0.0,0.0,0.0,0.0,3
IEEE33,gat,TP2,19,33888,458.06380580826993,-637.8558691715201,-3189.2793458576,14.027742643832921,10.289822570745812,5.073123597978765,0.2858374683807293,0.5381500323613485,0.9639463623364767,1.0017574230829875,1.561875542004903,0.0,0.0,0.0,1.0,1.0,6.20168054962136,8.343053471920186,41.71526735960096,0.20496926989899378,0.14933836613728824,0.28682391533460544,0.0016368366778109944,0.013106570598174569,0.0024318734105961766,0.00041276078935481434,0.03825470979954465,0.0,0.0,0.0,0.0,0.0,3
IEEE33,gat,TP2,20,33984,428.2109807788983,-598.8323896989226,-2994.161948494613,14.177168379791079,9.036942301379568,5.149676477552901,0.29066622236536604,0.5459333856900533,0.9629402160644531,1.0015757878621419,1.5870365301767986,0.0,0.0,0.0,1.0,1.0,4.977033229071342,6.7183041104042545,33.591520552021514,0.17384107513444055,0.1371353927514023,0.24426517746740684,0.0014333862155191425,0.022742849213597274,0.0024359109002209138,0.0004361792862003077,0.051827333356129296,0.0,0.0,0.0,0.0,0.0,3
IEEE33,gat,TP2,21,34080,300.4162781779339,-423.58079911433157,-2117.903995571658,10.587619730523711,11.763415295030624,4.99051637031017,0.20344335358175966,0.3949357271194458,0.9747533798217773,1.002542773882548,1.1704182624816895,0.0,0.0,0.0,1.0,1.0,9.720448319534952,13.024705732839157,65.12352866419567,0.31486164772124686,0.2564586700131996,0.29241805309283014,0.0019215130761612836,0.0034065654004540673,0.0019310731579905514,0.00019671954140774273,0.03602935324124792,0.0,0.0,0.0,0.0,0.0,3
IEEE33,gat,TP2,22,34176,239.761931170655,-341.44456491360125,-1707.2228245680064,8.507902107234624,14.133234590121155,5.092266611041275,0.16459451243281362,0.36794628699620563,0.9756043950716654,1.0038134654362996,1.0331045389175415,0.0,0.0,0.0,1.0,1.0,8.996232508584447,12.080846209082841,60.404231045414214,0.30162072201242945,0.2961350097928685,0.4481615908076682,0.0017478221538403138,0.023272522130398918,0.001646994583810283,0.0015820634689225372,0.0179368240480798,0.0,0.0,0.0,0.0,0.0,3
IEEE33,gat,TP2,23,34272,614.0027342107358,-844.1491721088687,-4220.7458605443435,18.044197236653687,0.008936596315452417,3.1242465039298892,0.3679445859872632,0.5591965715090433,0.9610460996627808,1.0012223720550537,1.5861783425013225,0.0,0.0,0.0,1.0,1.0,2.450874712075998,3.1902011953287723,15.951005976643916,0.1647318615298806,0.015425452461044513,0.6284368071949232,0.00041512698822722524,0.0054600993048053974,0.0012849583932904862,0.0007775400118019248,0.04130044495356025,0.0,0.0,0.0,0.0,0.0,3
IEEE33,gat,TP2,24,34368,695.0591063709948,-951.3144781184693,-4756.572390592347,19.75872489742001,0.0705414283503845,3.4222368356748114,0.3821036859105031,0.5487164656321207,0.9634092847506205,1.0013923645019531,1.5960865418116252,0.0,0.0,0.0,1.0,1.0,4.758224339995243,6.16153260637415,30.807663031870362,0.04311696834811573,0.019399122175710503,0.6093596785468749,0.0001806093000934792,0.016215631682080255,0.0022284768350420607,0.0002535762610024411,0.022846117444508447,0.0,0.0,0.0,0.0,0.0,3
IEEE33,gat,TP2,25,34464,890.2013433425573,-1208.4831664999326,-6042.415832499663,22.839570093997235,0.0,3.543262318078394,0.41029126880069566,0.5350480079650879,0.9654873808224996,1.0003389120101929,1.5698551734288533,0.0,0.0,0.0,1.0,1.0,6.651758853820083,8.70672869083397,43.53364345417004,0.01657931574356891,0.0,0.2318874586760687,0.0007619086747696818,0.02405735051024134,0.003138345023214015,0.0002935081595526487,0.0495596750915296,0.0,0.0,0.0,0.0,0.0,3
IEEE33,gat,TP2,26,34560,519.0676775891073,-715.4692537553609,-3577.346268776804,13.608080417395657,9.663354681062023,5.069644355701428,0.2755315601825714,0.5336715777715048,0.9648130138715109,1.0017166932423909,1.5637678305308025,0.0,0.0,0.0,1.0,1.0,9.4248482808725,12.610618109181642,63.053090545908326,0.24251490605102177,0.18289848191225844,0.32963361669082136,0.002035728723246684,0.008863925401834848,0.0023920661826254508,0.00040214935943147224,0.025811865368267232,0.0,0.0,0.0,0.0,0.0,3
IEEE33,gat,TP2,27,34656,409.5447457665177,-574.77695081532,-2873.8847540766,14.009105117576299,9.759805964566903,5.115105666221158,0.28858248765269917,0.5403367280960083,0.9633553822835287,1.0017143090565999,1.547742207845052,0.0,0.0,0.0,1.0,1.0,4.9200739671784115,6.5536691171107115,32.76834558555357,0.1947165618556597,0.0937996001034279,0.18806662446672537,0.001072514498450673,0.023701629345932684,0.002433827444394973,0.00027549435320510464,0.09902642506709378,0.0,0.0,0.0,0.0,0.0,3
IEEE33,gat,TP2,28,34752,346.1632952625664,-485.00647849589586,-2425.0323924794793,14.192407296761921,0.0,3.277185619717743,0.28027402961419684,0.4058455427487691,0.9730717142422994,1.000382900238037,1.1747426986694336,0.0,0.0,0.0,1.0,1.0,8.041593022503536,10.478728613366526,52.39364306683287,0.0633977399649541,0.0,1.2593185612716682,0.0008260562586318835,0.012984171120830645,0.0019122491615457219,0.0002627667773534706,0.016304276852317997,0.0,0.0,0.0,0.0,0.0,3
IEEE33,gat,TP2,29,34848,376.90915263494344,-523.3827871958415,-2616.9139359792075,14.081068227536404,0.0,3.6925886775814614,0.26749153807759285,0.3882959683736165,0.9740861256917318,1.0,1.1047304471333823,0.0,0.0,0.0,1.0,1.0,6.235951510780392,8.140445478774637,40.702227393872896,0.03899906786671418,0.0,0.8220120413316182,0.0005302044049779432,0.021798486066819136,0.0010872710797217577,0.0,0.0589956488243526,0.0,0.0,0.0,0.0,0.0,3
IEEE33,gat,TP2,30,34944,472.64004730612965,-657.2551612332463,-3286.2758061662316,15.992943248290707,2.0758539409547248,5.6391551616188265,0.3323567406170898,0.5759170850118002,0.9599241614341736,1.0019391377766926,1.617956240971883,0.0,0.0,0.0,1.0,1.0,4.867038151174271,6.511571550537379,32.55785775268674,0.18180315060255817,0.12681835109338227,0.20547536488846976,0.0007164336025748444,0.026822476429365315,0.002600710917258443,0.0007414716647573921,0.1058606921950935,0.0,0.0,0.0,0.0,0.0,3
IEEE33,gat,TP3,0,32064,363.573792334085,-510.2697293125869,-2551.3486465629344,9.792965971405517,13.08532381092879,4.9811719236549825,0.23327996892233685,0.48503750562667847,0.9740571975708008,1.0021860599517822,1.1236876249313354,0.0,0.0,0.0,1.0,1.0,15.501154911131081,21.02729624194975,105.13648120974871,0.3984471738924883,0.3402510548043536,0.4337745646042503,0.005369568222548645,0.023758732439268154,0.0003245588721773861,0.00034914976392439487,0.07723590851638734,0.0,0.0,0.0,0.0,0.0,3
IEEE33,gat,TP3,1,32160,295.05540667128224,-417.12322633306803,-2085.61613166534,8.180507846969144,14.072904856161976,4.806960404647026,0.19528770177728597,0.4426754315694173,0.9763160149256388,1.0027341842651367,1.0075723926226299,0.0,0.0,0.0,1.0,1.0,13.364193297309944,18.246336322195056,91.23168161097519,0.3506339239430599,0.352859148880324,0.5435733766879258,0.005115790381212248,0.010562093128400838,0.0001340376912650268,0.0003128585973340494,0.02505661485905368,0.0,0.0,0.0,0.0,0.0,3
IEEE33,gat,TP3,2,32256,512.5968739307017,-716.070066374292,-3580.3503318714597,14.047627595695246,7.492335891037476,5.394397607561532,0.35914906259212226,0.6594458421071371,0.961633304754893,1.0012521743774414,1.5042750438054402,0.0,0.0,0.0,1.0,1.0,8.241329279392998,11.149575254980775,55.74787627490388,0.20836407101450968,0.186778094040355,0.056619048698253745,0.0027842835018700766,0.02377700111081801,0.0006675960819911964,0.0003072092779350687,0.06209089046370832,0.0,0.0,0.0,0.0,0.0,3
IEEE33,gat,TP3,3,32352,593.3030907286845,-822.7184729789693,-4113.592364894847,13.994791486893748,9.886954764199627,5.4153133986360595,0.36043931895660025,0.6955318252245585,0.9604261517524719,1.001739740371704,1.589196801185608,0.0,0.0,0.0,1.0,1.0,23.804279496678774,32.06019711736096,160.30098558680461,0.5266426197099426,0.4604934932837643,0.23098029403310294,0.006780647956471497,0.005954309683335243,0.0011231376253649837,6.445023532359558e-05,0.022655874393651666,0.0,0.0,0.0,0.0,0.0,3
IEEE33,gat,TP3,4,32448,770.6090168926879,-1055.0146997454267,-5275.073498727133,16.777482305971052,0.39730392815305965,4.3174783181273115,0.4241593045492967,0.6676682233810425,0.9618461926778158,1.0012740691502888,1.5256438255310059,0.0,0.0,0.0,1.0,1.0,9.687729739703334,12.771514775322508,63.857573876612065,0.04146397586734348,0.14345012970431756,0.9690699828883568,0.0012720334772048476,0.017011477433853305,0.0017806376479140326,4.210912424756527e-05,0.028484213205673112,0.0,0.0,0.0,0.0,0.0,3
IEEE33,gat,TP3,5,32544,1370.723062615887,-1851.2066566467286,-9256.033283233644,24.771273360455623,0.0,3.13388394857987,0.5549007836315366,0.6975802580515543,0.9609145124753317,1.0,1.5932759046554565,0.0,0.0,0.0,1.0,1.0,2.8129351948525985,3.6291932544482863,18.145966272242443,0.012165934452223855,0.0,0.1546391350580997,0.0006824429388965577,0.019442264298356302,0.0016667151829120065,0.0,0.0247725149966607,0.0,0.0,0.0,0.0,0.0,3
IEEE33,gat,TP3,6,32640,1225.6534922752192,-1662.3049152374267,-8311.524576187134,24.512219204293885,0.0,3.115538461925876,0.5524062762657801,0.7001116673151652,0.9604129195213318,1.0,1.597657044728597,0.0,0.0,0.0,1.0,1.0,5.402455987985244,7.041163214811818,35.205816074059015,0.013273430526944163,0.0,0.31518813131296947,0.00015335479482744493,0.01028094799543119,0.001944154049369292,0.0,0.003543799436543254,0.0,0.0,0.0,0.0,0.0,3
IEEE33,gat,TP3,7,32736,694.4972584878687,-947.5480822797864,-4737.740411398932,14.521961941501509,0.0,3.48162161403396,0.3580729679928885,0.5216177701950073,0.9718771378199259,1.0008490482966106,1.1759277979532878,0.0,0.0,0.0,1.0,1.0,8.22469848777092,10.673236853475723,53.366184267378244,0.12441992112740716,0.0,1.2555880018343817,0.0009506631497354887,0.01309512376282309,0.0002979712460808516,0.00027821880982622046,0.05862401616816391,0.0,0.0,0.0,0.0,0.0,3
IEEE33,gat,TP3,8,32832,440.4179884811969,-610.3613557516287,-3051.8067787581435,9.880594499586271,10.948211845719323,5.111959880456925,0.24572452944185996,0.4806438485781352,0.972999632358551,1.0019420782725017,1.0857778787612915,0.0,0.0,0.0,1.0,1.0,19.29075869205504,26.325886906066437,131.62943453033205,0.46207337481947736,0.5159202196559871,0.5904284606495224,0.0073585593070682725,0.008690460180048418,0.0,9.500885647465073e-05,0.02657148074437236,0.0,0.0,0.0,0.0,0.0,3
IEEE33,gat,TP3,9,32928,693.8806199434044,-955.5050651699304,-4777.525325849652,14.488580208459723,9.323370408025335,5.406780806559715,0.3796408281972011,0.7540292342503866,0.9574721654256185,1.001781980196635,1.7012366851170857,0.0,0.0,0.0,1.0,1.0,27.85692817130603,37.50080154561193,187.50400772805972,0.5667052827068725,0.5199580658323754,0.3447596190415733,0.007612922459667847,0.01566053115477655,0.0014704932697300556,0.0001554965503764252,0.010849590245435465,0.0,0.0,0.0,0.0,0.0,3
IEEE33,gat,TP3,10,33024,821.4918231429662,-1120.7439113641778,-5603.719556820889,15.418682228251276,5.16520056669992,5.489985549315986,0.39606848690244884,0.7353729009628296,0.9583247701327006,1.001700719197591,1.664530634880066,0.0,0.0,0.0,1.0,1.0,15.661463979153554,21.11803443804839,105.59017219024199,0.288948803315028,0.31237770492511113,0.5203455497396895,0.004394864512392539,0.02985351021587992,0.001728802305024192,6.771175094048777e-05,0.037344383829103565,0.0,0.0,0.0,0.0,0.0,3
IEEE33,gat,TP3,11,33120,877.522734200411,-1196.8306459019582,-5984.15322950979,17.42633179649218,0.0,3.331025768520501,0.4490005200107892,0.664784848690033,0.9620786706606547,1.0,1.5187848409016926,0.0,0.0,0.0,1.0,1.0,7.707850093261497,9.930526519711707,49.65263259855814,0.009406980353612612,0.0,1.2399945773667778,0.0008444844538484667,0.023113149822194017,0.000685895117514061,0.0,0.0679392617288905,0.0,0.0,0.0,0.0,0.0,3
IEEE33,gat,TP3,12,33216,580.1931470663839,-802.3924809883038,-4011.9624049415193,13.135665959675253,9.625589569671371,5.4381022459347585,0.33552110981610084,0.6459036866823832,0.9635598659515381,1.0017346541086833,1.4900421698888142,0.0,0.0,0.0,1.0,1.0,23.627193075286275,31.863117264460875,159.31558632230434,0.5362106861173397,0.47236888437986607,0.48060920017134645,0.006986093907922376,0.02410536920752557,0.0015245536722485913,0.0002700398106898614,0.05875911124136192,0.0,0.0,0.0,0.0,0.0,3
IEEE33,gat,TP3,13,33312,783.9998108636931,-1080.076112535596,-5400.3805626779795,20.176183956945103,0.15347933387028104,3.7279867367006996,0.4870893537170356,0.6941840648651123,0.9600711663564047,1.0013620456059773,1.5824652910232544,0.0,0.0,0.0,1.0,1.0,4.39676662567725,5.6174971605392265,28.087485802695987,0.17336018566372158,0.03547729568764021,0.5138626233605424,0.0005845157853278582,0.0129334701917428,0.0012435873095186084,9.669059033170073e-05,0.028957585884187943,0.0,0.0,0.0,0.0,0.0,3
IEEE33,gat,TP3,14,33408,374.3293733566879,-527.4678306653474,-2637.3391533267372,10.451520006284587,13.63498249818897,4.8555231588403736,0.25614851940837163,0.514445165793101,0.9719516237576803,1.0021832784016926,1.1711960236231487,0.0,0.0,0.0,1.0,1.0,12.617991316239362,17.18889529545246,85.94447647726254,0.36234065677425,0.2995215962250061,0.35577712694536884,0.0047740716989099615,0.008998270971285097,0.0003143243035058986,0.0001778817648538459,0.045009191693301434,0.0,0.0,0.0,0.0,0.0,3
IEEE33,gat,TP3,15,33504,339.36238304222485,-472.17449153931375,-2360.8724576965687,9.41849801943507,1.9882699094195309,5.0715443125065685,0.23806475144293568,0.44914642969767254,0.975003182888031,1.003403862317403,1.0192615985870361,0.0,0.0,0.0,1.0,1.0,4.421542708711476,5.855350252172307,29.276751260861413,0.19958680050194602,0.05798563272241686,0.5746202622386706,0.0010497334461701303,0.004420500673716594,0.0,0.0007798333724619386,0.013898090317640742,0.0,0.0,0.0,0.0,0.0,3
IEEE33,gat,TP3,16,33600,566.2080080946399,-786.6175724516623,-3933.0878622583114,15.115710274514065,3.5197713628335383,5.280267621430528,0.3866766602214839,0.6939359307289124,0.9606580138206482,1.0015241305033367,1.5737098852793376,0.0,0.0,0.0,1.0,1.0,6.810679432195844,8.852259268359573,44.26129634179839,0.14780849740390262,0.09233663642573718,0.4370702082282139,0.0011630262331458513,0.007864445618624401,0.0008470257860024394,0.0004443726158272706,0.030349595510619807,0.0,0.0,0.0,0.0,0.0,3
IEEE33,gat,TP3,17,33696,722.7958892282468,-996.2515628193814,-4981.257814096908,17.195116114574905,4.370670642881941,4.849315064060543,0.4307314844595061,0.7201968630154928,0.9596537748972574,1.0008946259816487,1.6385598182678223,0.0,0.0,0.0,1.0,1.0,12.310485378028277,16.504397756340147,82.52198878170019,0.20345468127107366,0.2074474426645282,0.38747502596761274,0.003386054326402011,0.022044185281193892,0.0009928271095129583,0.0003606979268749014,0.007812060589833992,0.0,0.0,0.0,0.0,0.0,3
IEEE33,gat,TP3,18,33792,888.2399652597982,-1218.9655451476574,-6094.827725738287,21.8259905681531,0.0,3.099274438719087,0.5147328035285076,0.683455228805542,0.9616804122924805,1.0,1.553177277247111,0.0,0.0,0.0,1.0,1.0,7.731511216551613,10.02574972970048,50.12874864850179,0.0511714754580956,0.0,0.9452103089234016,0.0004889209312839834,0.023037130349266577,0.001452858499372651,0.0,0.023655944816377,0.0,0.0,0.0,0.0,0.0,3
IEEE33,gat,TP3,19,33888,461.0862217151223,-651.2825162574649,-3256.4125812873244,14.124421168351901,10.307776454544145,5.060047442045923,0.3618186494956413,0.6929202079772949,0.9605302015940348,1.0018744468688965,1.5765661001205444,0.0,0.0,0.0,1.0,1.0,5.49906405318274,7.430532852161274,37.15266426080634,0.18427538430108667,0.13571221296200775,0.24127711054752776,0.0017569310363935685,0.00556790493750034,0.0008491394433259803,5.574216691720396e-05,0.0336687152050597,0.0,0.0,0.0,0.0,0.0,3
IEEE33,gat,TP3,20,33984,430.37549134679756,-611.1230221216878,-3055.6151106084385,14.253376910011228,9.02949518693982,5.1275479238824415,0.36665811244812274,0.698176105817159,0.9600578347841898,1.001809557278951,1.5828265746434529,0.0,0.0,0.0,1.0,1.0,3.7714346488322947,5.202344827179029,26.011724135895243,0.13789973031519118,0.14039816937458824,0.19732152357097238,0.0017951793005059494,0.02431641343433305,0.001409866381568608,0.00017494308816485283,0.07029806867266446,0.0,0.0,0.0,0.0,0.0,3
IEEE33,gat,TP3,21,34080,301.20627635127875,-431.27518584018884,-2156.375929200944,10.612913683407825,11.748696704292156,4.9841240898606705,0.256907669827342,0.49940669536590576,0.9729620019594828,1.0021346807479858,1.1123487949371338,0.0,0.0,0.0,1.0,1.0,9.311273482326035,12.692789479924768,63.4639473996238,0.3085277559525543,0.26179616286723134,0.30544784397862296,0.0036236652620420954,0.013874531659127755,0.0008918232359038531,0.0002955205501102879,0.07761589591166015,0.0,0.0,0.0,0.0,0.0,3
IEEE33,gat,TP3,22,34176,239.81344814980412,-346.7145687037458,-1733.572843518729,8.514247512912062,14.119975463204284,5.035145996081215,0.20631570493181542,0.4536306858062744,0.9743943214416504,1.0022697448730469,1.026097536087036,0.0,0.0,0.0,1.0,1.0,8.538323816936385,11.59826157393431,57.99130786967153,0.276453579899995,0.2492558909193293,0.22641172620257263,0.0038076225829375967,0.0,0.0,0.00039384084647786817,0.0,0.0,0.0,0.0,0.0,0.0,3
IEEE33,gat,TP3,23,34272,617.0240954059028,-860.1624837730079,-4300.81241886504,18.132310657537413,0.008936657746420766,3.0077744867309395,0.4647908179710309,0.7074624300003052,0.9591195782025655,1.001097043355306,1.5797543128331502,0.0,0.0,0.0,1.0,1.0,2.4160079412333006,3.112109577767233,15.560547888836169,0.16516080859773166,0.015425557989905445,0.6399125501045805,0.0006451451391820312,0.006787151449680544,0.0006518846460248183,0.0002793971861730254,0.06208011228753328,0.0,0.0,0.0,0.0,0.0,3
IEEE33,gat,TP3,24,34368,698.0262714618889,-968.1292942700287,-4840.646471350144,19.846473613130012,0.070496550523217,3.381903561793214,0.48590732696983546,0.7085854808489481,0.9603569904963175,1.0011844237645466,1.6028743187586467,0.0,0.0,0.0,1.0,1.0,4.9565438633477354,6.379860803561187,31.899304017805147,0.023167350791280225,0.019331105365512826,0.827793461636122,0.0003700464054874165,0.01482489344972045,0.001071600203231953,7.589703870992392e-05,0.026409941558526724,0.0,0.0,0.0,0.0,0.0,3
IEEE33,gat,TP3,25,34464,894.7417655536791,-1228.727532974879,-6143.637664874394,22.948432919601306,0.0,3.411701546419002,0.5252133494036065,0.6878670255343119,0.9607894619305929,1.0,1.5826835632324219,0.0,0.0,0.0,1.0,1.0,7.15375512863438,9.363323447704452,46.81661723852285,0.009370598246592548,0.0,0.10866437188111606,0.0006668818898292494,0.03015294858179899,0.002729835094712169,0.0,0.042616314271393195,0.0,0.0,0.0,0.0,0.0,3
IEEE33,gat,TP3,26,34560,520.5523306173505,-726.6173742040992,-3633.086871020496,13.657804664328978,9.640749781186237,5.12373794951216,0.3495227100534571,0.6847432255744934,0.9610036214192709,1.0019003947575886,1.5685017903645833,0.0,0.0,0.0,1.0,1.0,10.157020414509738,13.731350371138426,68.65675185569232,0.29204625505115767,0.22876489220192328,0.24272710754410093,0.003169441557069782,0.0037057924181977714,0.000852260838171265,8.028781788605555e-05,0.02296269661086152,0.0,0.0,0.0,0.0,0.0,3
IEEE33,gat,TP3,27,34656,411.4036705562475,-586.5145044495662,-2932.572522247831,14.064417947016834,9.733679726587154,5.146251886197461,0.36342228431668544,0.6895542740821838,0.9603180090586344,1.0017104148864746,1.555238405863444,0.0,0.0,0.0,1.0,1.0,5.43199419709196,7.340790070219854,36.70395035109933,0.22397211089852428,0.1415371165774011,0.31467820872186736,0.0017236435221672345,0.029788876252217874,0.0014458294276561414,9.301770317640832e-05,0.10011801005905747,0.0,0.0,0.0,0.0,0.0,3
IEEE33,gat,TP3,28,34752,346.6442168719177,-494.57024936005473,-2472.8512468002737,14.22691060540756,0.0,3.1779845484161284,0.3519024379137489,0.5183379848798116,0.9720157384872437,1.0002158085505168,1.1793222824732463,0.0,0.0,0.0,1.0,1.0,7.693983791927945,9.990193156481897,49.950965782409355,0.04137685154605658,0.0,1.1189164796007252,0.000952110524597487,0.017264484376824738,0.0019326705066546402,6.335212047787397e-05,0.01583859167183058,0.0,0.0,0.0,0.0,0.0,3
IEEE33,gat,TP3,29,34848,377.28880006298095,-532.6697626193364,-2663.348813096682,14.11251557197164,0.0,3.4827101717002957,0.33795981854200363,0.4789648056030273,0.9727455377578736,1.0,1.0742267370224,0.0,0.0,0.0,1.0,1.0,5.128143123068904,6.6746130170844165,33.37306508542241,0.039336680971926774,0.0,0.7920067232994156,0.0006501515282130804,0.0,0.0,0.0,0.0,0.0,0.0,0.0,0.0,0.0,3
IEEE33,gat,TP3,30,34944,475.71168395809946,-671.826849200825,-3359.1342460041246,16.085621175982173,2.118505537464447,5.443532569952773,0.4168396848771307,0.7330553531646729,0.9575631022453308,1.0013120969136555,1.6297049919764202,0.0,0.0,0.0,1.0,1.0,5.362896824193689,7.243039950746203,36.215199753731135,0.18587372681209166,0.11419274882264088,0.14146565784523754,0.0015675586816532394,0.029938795210897623,0.0014553983919778687,0.00010579690686125166,0.1004301509734583,0.0,0.0,0.0,0.0,0.0,3
IEEE33,gat,TP4,0,32064,360.77741838599167,-497.2518609997972,-2486.259304998986,9.705336602263856,13.063348579425037,5.058256106619797,0.15818752307030887,0.32477402687072754,0.9810992280642191,1.0026400486628215,1.1231180826822917,0.0,0.0,0.0,1.0,1.0,13.90509985532757,18.4079871462943,92.03993573147163,0.3704035446530733,0.30525629708596413,0.35516619437302666,0.0011614105704449054,0.010296112164910323,0.0006146158093132413,0.0006663802520248172,0.06716932660920472,0.0,0.0,0.0,0.0,0.0,3
IEEE33,gat,TP4,1,32160,292.9345047271153,-406.73380041310355,-2033.6690020655176,8.11132674349257,14.031954411570842,4.984098067418665,0.1343489854286114,0.2926877538363139,0.9830768704414368,1.00347634156545,0.999060332775116,0.0,0.0,0.0,1.0,1.0,10.756189025188867,14.292272720943386,71.4613636047169,0.30008508851404686,0.2887097854069392,0.4336917177659544,0.0009155327983684572,0.0066412513298055925,0.0004316740592573247,0.0005151751384416193,0.027206050199427772,0.0,0.0,0.0,0.0,0.0,3
IEEE33,gat,TP4,2,32256,509.45800881896935,-697.0582527334491,-3485.291263667246,13.952885295845073,7.491957007939587,5.404582757545552,0.23959137623508767,0.4483910202980041,0.9731512268384298,1.0017310778299968,1.512239654858907,0.0,0.0,0.0,1.0,1.0,9.411998434854308,12.624029220245882,63.120146101229516,0.20936648303163283,0.20817411284493642,0.08947726442070722,0.0022427164801057235,0.007258711387227905,0.001552361048348767,0.0006652565199133337,0.03553156074282652,0.0,0.0,0.0,0.0,0.0,3
IEEE33,gat,TP4,3,32352,588.5875482360669,-801.498206123213,-4007.491030616065,13.885891917922457,9.863959887580908,5.413043604096333,0.23970329388976094,0.4624285101890564,0.9722375273704529,1.0017176866531372,1.5803696314493816,0.0,0.0,0.0,1.0,1.0,22.015270731985943,29.502568783551393,147.5128439177569,0.4911011896543465,0.4476807970563756,0.2391879569088027,0.004904958441017634,0.003064588590115901,0.001843526545508097,0.0004016827193745556,0.0269912205368165,0.0,0.0,0.0,0.0,0.0,3
IEEE33,gat,TP4,4,32448,765.0917612061875,-1030.1029149070382,-5150.514574535191,16.648763768073195,0.384839870731062,4.31789856904026,0.28208864976962406,0.4574708938598633,0.9724956154823303,1.0014646450678508,1.5608922243118286,0.0,0.0,0.0,1.0,1.0,9.20125195493127,12.117536661426907,60.587683307135066,0.05404469139670787,0.13282271079582542,0.8463957523292905,0.0005623902880707045,0.011708809857048637,0.001807591634220457,0.00028124188309026454,0.012436437502621859,0.0,0.0,0.0,0.0,0.0,3
IEEE33,gat,TP4,5,32544,1360.0931550109865,-1814.0105102539062,-9070.052551269531,24.57599300852101,0.0,3.26882300693571,0.3675772200028102,0.4596941868464152,0.9730134208997091,1.0,1.5766516129175823,0.0,0.0,0.0,1.0,1.0,2.736072354782984,3.540230042113226,17.70115021056756,0.0180030192272519,0.0,0.3142885001581606,0.0004979696994477311,0.013534062471745793,0.0018046645870903157,0.0,0.019473112361459103,0.0,0.0,0.0,0.0,0.0,3
IEEE33,gat,TP4,6,32640,1214.9138559502007,-1625.124378267924,-8125.62189133962,24.323174248416127,0.0,3.3119776347542214,0.3663486587918467,0.46232038736343384,0.9727554519971212,1.0,1.5832571983337402,0.0,0.0,0.0,1.0,1.0,4.41993926198222,5.766111435211031,28.830557176054842,0.002751641125551592,0.0,0.08434094602103548,0.00022517215866719415,0.008936162218333021,0.0018793490836941957,0.0,0.0031609131788643504,0.0,0.0,0.0,0.0,0.0,3
IEEE33,gat,TP4,7,32736,691.835449424217,-929.5885208046375,-4647.942604023187,14.464239202489798,0.0,3.592732475908795,0.24186780489981174,0.34981654087702435,0.9789914091428121,1.0010890165964763,1.1699450810750325,0.0,0.0,0.0,1.0,1.0,7.526834886444108,9.753295156982569,48.76647578491282,0.11728529574722464,0.0,1.0241287709838311,0.0005652606356379052,0.00812429662492705,0.0014427368838411429,0.0006377350531880595,0.05790674050224575,0.0,0.0,0.0,0.0,0.0,3
IEEE33,gat,TP4,8,32832,438.21077300853557,-597.6840617093568,-2988.420308546784,9.812374129736135,10.893496393022636,5.228040779800257,0.1675181448873546,0.31953497727711994,0.9802177747090658,1.0024560292561848,1.0819509824117024,0.0,0.0,0.0,1.0,1.0,17.628697802184497,23.720648114439335,118.60324057219681,0.41405267249957445,0.43175498134538065,0.4232547585504564,0.004391248154881394,0.005477031278217614,0.0010324072746413283,0.000997864223400519,0.024725161048105505,0.0,0.0,0.0,0.0,0.0,3
IEEE33,gat,TP4,9,32928,690.5923883315116,-935.4270592739185,-4677.135296369593,14.397322115740122,9.32347657588338,5.427481887667336,0.2530579871187607,0.49863938490549725,0.9697861870129904,1.0017861127853394,1.6861292918523152,0.0,0.0,0.0,1.0,1.0,25.752459079970777,34.46430928922921,172.32154644614593,0.5149929889417719,0.49385775440732643,0.28105402848236194,0.005358958178072452,0.00878506505179518,0.0018099797230494352,0.0004084777756606993,0.010166952835219126,0.0,0.0,0.0,0.0,0.0,3
IEEE33,gat,TP4,10,33024,814.8355492887049,-1095.6161760101716,-5478.080880050858,15.2892807593584,5.157510871907759,5.50115579666751,0.2641168888658285,0.48782066504160565,0.9701629479726156,1.001697063446045,1.651009996732076,0.0,0.0,0.0,1.0,1.0,16.75789697873953,22.436088037392825,112.18044018696476,0.3010083447851549,0.32753750784483576,0.3700878549418142,0.0035255636693957457,0.020787507571970936,0.001846691817740284,0.0005509624714772354,0.03790902568609522,0.0,0.0,0.0,0.0,0.0,3
IEEE33,gat,TP4,11,33120,870.8469082909845,-1169.3218741228184,-5846.609370614092,17.290490344310168,0.0,3.4046867150504396,0.2981141143374973,0.44866297642389935,0.9733662207921346,1.0001125733057659,1.5399984916051228,0.0,0.0,0.0,1.0,1.0,8.885291367584191,11.493706791894073,57.4685339594708,0.01961969129381842,0.0,1.09010310576949,0.0004402089507707276,0.018660122407680103,0.0018004937967637793,2.8958862122166292e-05,0.04370551199376879,0.0,0.0,0.0,0.0,0.0,3
IEEE33,gat,TP4,12,33216,577.420795139043,-784.6521441991131,-3923.2607209955654,13.05377707753095,9.626258275373432,5.482232142929576,0.2222602021776967,0.43850839138031006,0.9744588931401571,1.001717448234558,1.5148560603459675,0.0,0.0,0.0,1.0,1.0,20.624891491193857,27.717039816974708,138.58519908487332,0.47484806174063426,0.45861610763231636,0.3141619257594327,0.0049707183134940795,0.0026567172086909615,0.0016444385565084743,0.00045045218806181764,0.03475470692017113,0.0,0.0,0.0,0.0,0.0,3
IEEE33,gat,TP4,13,33312,776.9986882901759,-1050.6941887031,-5253.470943515499,20.017546127368664,0.14832858031858423,3.891388934922126,0.32456781218449277,0.4609764814376831,0.9718141953150431,1.0016138950983684,1.5701549053192139,0.0,0.0,0.0,1.0,1.0,4.3658238469102235,5.605638800646228,28.028194003231718,0.16315429794260383,0.027586475083580093,0.5714195632557696,0.00031891339894488287,0.012435837718429736,0.0017335222143088282,0.000259759677032131,0.026040681168552158,0.0,0.0,0.0,0.0,0.0,3
IEEE33,gat,TP4,14,33408,374.0520544448961,-516.9554171501969,-2584.7770857509845,10.431007837205206,13.673101675957591,4.862312697324683,0.17458524699840275,0.34941240151723224,0.9791385730107626,1.002700924873352,1.1746752262115479,0.0,0.0,0.0,1.0,1.0,9.88543637820209,13.144580953335032,65.72290476667526,0.2929436396479828,0.2243233328048299,0.3498966729669388,0.0012431831793049757,0.003474280352562854,0.0015032022094003485,0.0008091726631494123,0.037142411404988425,0.0,0.0,0.0,0.0,0.0,3
IEEE33,gat,TP4,15,33504,339.8912006142776,-463.3816314832929,-2316.9081574164643,9.407855596838049,2.012896306168608,5.181655250067478,0.16197887373467282,0.30965737501780194,0.9809208512306213,1.0027138789494832,1.0400157769521077,0.0,0.0,0.0,1.0,1.0,0.38153411306609647,0.4987305557463424,2.4936527787313185,0.12215541254265673,0.039208725679670445,0.3579610536441241,0.0010421940155835568,0.012769616457055844,0.0014100283455848793,0.0006144130087524757,0.05095837025863179,0.0,0.0,0.0,0.0,0.0,3
IEEE33,gat,TP4,16,33600,561.6752653828216,-764.493796119156,-3822.46898059578,14.979178586131885,3.4733165160267334,5.373724140978244,0.256854355128275,0.4588937759399414,0.9721266428629557,1.0017809470494587,1.568928599357605,0.0,0.0,0.0,1.0,1.0,9.605042844185494,12.545009382961771,62.72504691480881,0.21601575311263002,0.05818415139840883,0.3691646769871175,0.0002910372471990814,0.0030751645609569086,0.0016269372549713018,0.0004537842858608422,0.025981613968025025,0.0,0.0,0.0,0.0,0.0,3
IEEE33,gat,TP4,17,33696,716.4552531707442,-970.1608585119246,-4850.804292559624,17.04080072885674,4.36527260943959,4.859392386341566,0.28775362691117656,0.4749073584874471,0.9712902506192526,1.0012441476186116,1.6229410568873088,0.0,0.0,0.0,1.0,1.0,13.33778270127729,17.723442029231148,88.61721014615604,0.2143037559734689,0.19604109768365893,0.27223959094672967,0.0024250129760302473,0.014502811613539413,0.0015973704697566662,0.0006357418595930373,0.007170479265153066,0.0,0.0,0.0,0.0,0.0,3
IEEE33,gat,TP4,18,33792,881.3962143197764,-1188.3688878317673,-5941.844439158837,21.646220692991125,0.0,3.033893209402278,0.3408585995849635,0.4496082862218221,0.9732682108879089,1.0,1.5427478949228923,0.0,0.0,0.0,1.0,1.0,7.639003418266123,9.904800481534627,49.52400240767295,0.048374622946727536,0.0,0.903198970703882,0.00023433191486794044,0.01579740872082645,0.0016114811796700314,0.0,0.028425090738399533,0.0,0.0,0.0,0.0,0.0,3
IEEE33,gat,TP4,19,33888,456.73521107932964,-630.3263059496879,-3151.63152974844,13.984289360814126,10.275930870709457,5.089332929861903,0.2394285872578621,0.45346929629643756,0.9727920095125834,1.0017711718877156,1.5522994200388591,0.0,0.0,0.0,1.0,1.0,6.477038403561838,8.719885872265774,43.599429361328525,0.22028239298677446,0.1697947701535715,0.30047594940282385,0.0016356529392245098,0.009830196756070973,0.0018290693404761802,0.0003967001689739152,0.042188404008674504,0.0,0.0,0.0,0.0,0.0,3
IEEE33,gat,TP4,20,33984,426.913928657624,-591.256972636034,-2956.2848631801703,14.131637372721086,9.017443036593095,5.1902936297235165,0.24359016782707635,0.461234450340271,0.9720040957132975,1.0017153422037761,1.581709583600362,0.0,0.0,0.0,1.0,1.0,5.181112199238694,7.00971666242917,35.048583312145624,0.1880542973859591,0.1649036458119744,0.2827502301836193,0.0014301694677276281,0.016491877288633862,0.001832699790790425,0.0003396360387948928,0.05018401464596534,0.0,0.0,0.0,0.0,0.0,3
IEEE33,gat,TP4,21,34080,299.4425581654337,-418.72760252952577,-2093.638012647629,10.55188731898488,11.756133723627826,5.022745668365545,0.17467655096617007,0.3379843831062317,0.9809332092603048,1.0022894144058228,1.1608866453170776,0.0,0.0,0.0,1.0,1.0,9.59918745901444,12.729569319055942,63.64784659527957,0.3129157884248606,0.25082383457401186,0.3446167808201527,0.000947267100606828,0.012824960847480173,0.0015505583273393091,0.0008258000749930298,0.02927231797300922,0.0,0.0,0.0,0.0,0.0,3
IEEE33,gat,TP4,22,34176,238.87546705323655,-337.3681297752308,-1686.8406488761539,8.475056129068784,14.114750504975163,5.076816751138556,0.14127936566041574,0.3074225982030232,0.9815581838289896,1.0035425424575806,1.0202425718307495,0.0,0.0,0.0,1.0,1.0,8.614653608224822,11.447216943412444,57.23608471706235,0.2919269699676225,0.27623229920773623,0.36126981929113333,0.0010310783639565222,0.010879077157393842,0.001051412986192097,0.0014885782555396046,0.0,0.0,0.0,0.0,0.0,0.0,3
IEEE33,gat,TP4,23,34272,612.1693165637971,-834.4311212780575,-4172.155606390287,17.989162066703646,0.008936652531014366,3.1528026290512474,0.3091758915947543,0.4708213408788045,0.9713225762049357,1.0012083848317463,1.5792428255081177,0.0,0.0,0.0,1.0,1.0,2.3627408635877516,3.053176006857389,15.265880034287207,0.15909534104190812,0.0154255489565745,0.6646515205240718,0.0004329935533739215,0.0017160149015738332,0.001630261445366719,0.0008014466897377546,0.041883500729472646,0.0,0.0,0.0,0.0,0.0,3
IEEE33,gat,TP4,24,34368,692.7286463549116,-940.8520529851318,-4704.260264925659,19.690249852960964,0.0705448492844656,3.371804446428264,0.3225274048745632,0.4666300217310588,0.9724279443422953,1.0013926823933919,1.5903753439585369,0.0,0.0,0.0,1.0,1.0,4.541593435903933,5.853074836206718,29.265374181033845,0.0402842847266557,0.019404309187212417,0.7789445017031059,0.00027543009141188334,0.011131196366750765,0.0016712609221834485,0.00025345628461701593,0.022017659940966983,0.0,0.0,0.0,0.0,0.0,3
IEEE33,gat,TP4,25,34464,887.4122142719148,-1197.0257939140001,-5985.128969570001,22.77142898362965,0.0,3.525140596096587,0.3475391088674466,0.45436324675877887,0.9740599592526754,1.0002658764521282,1.5619688034057617,0.0,0.0,0.0,1.0,1.0,6.510807093247072,8.488786613455957,42.4439330672797,0.008304993481605781,0.0,0.09741866096480807,0.00043846710926241276,0.01669362094491114,0.0021380592577865893,0.00025552978602924354,0.05181100454187836,0.0,0.0,0.0,0.0,0.0,3
IEEE33,gat,TP4,26,34560,517.6667928601847,-708.123286720862,-3540.61643360431,13.56478430799045,9.647530632420155,5.101504050085457,0.231349016022351,0.45089226961135864,0.9734716216723124,1.0018479029337566,1.555959423383077,0.0,0.0,0.0,1.0,1.0,9.761727124168667,13.045600370444285,65.22800185222108,0.2579952643311981,0.20353090016901068,0.33309505841734355,0.0019080355081854202,0.003854255703856818,0.0017945976298674542,0.0001873023904091448,0.02519255283685483,0.0,0.0,0.0,0.0,0.0,3
IEEE33,gat,TP4,27,34656,408.90816866525967,-568.0834305346012,-2840.417152673006,13.982645054497828,9.761225190911963,5.150348085521709,0.24158669449388978,0.45509668191274005,0.9723329146703085,1.0017301638921101,1.5413529475529988,0.0,0.0,0.0,1.0,1.0,4.11473544051141,5.494490324550967,27.47245162275503,0.1758866551359189,0.0915789249068137,0.2493724385355155,0.0009191974266284696,0.0200762651563514,0.0018315662830359258,0.00025763610649257853,0.0988695344783832,0.0,0.0,0.0,0.0,0.0,3
IEEE33,gat,TP4,28,34752,345.4649566826306,-478.8216176303725,-2394.1080881518624,14.161222568885231,0.0,3.2861401439969318,0.23798979715340662,0.34756720066070557,0.9795668522516885,1.0003830194473264,1.1844906409581502,0.0,0.0,0.0,1.0,1.0,8.074720692019689,10.50861628511646,52.543081425582145,0.06056271306465561,0.0,1.2285194910514727,0.0006389306317545529,0.008674650957550054,0.0011435852747141294,0.00026281814987689947,0.012604437920656828,0.0,0.0,0.0,0.0,0.0,3
IEEE33,gat,TP4,29,34848,375.9215818950586,-517.0252719402314,-2585.1263597011566,14.049929152964012,0.0,3.651044674895535,0.22683882195916438,0.32459161678949994,0.9804039796193441,1.0,1.067747950553894,0.0,0.0,0.0,1.0,1.0,5.832948098997635,7.594805184343434,37.974025921717285,0.039902807625128496,0.0,0.8236937203659669,0.00034573446783716494,0.011179638183198221,0.0006172272222152589,0.0,0.0,0.0,0.0,0.0,0.0,0.0,3
IEEE33,gat,TP4,30,34944,471.9422702561524,-649.4713705817858,-3247.3568529089293,15.960510294060507,2.1038240944823428,5.592823649957882,0.2770958948466513,0.4841196338335673,0.9696008761723837,1.002021074295044,1.6142887671788533,0.0,0.0,0.0,1.0,1.0,6.3158844932075855,8.464628752752342,42.32314376376137,0.21557136444058694,0.1730903170296887,0.15071612428217115,0.0010394703361308274,0.02016345077669739,0.0018441111258099886,0.0005997922972300814,0.09904637754706738,0.0,0.0,0.0,0.0,0.0,3
IEEE33,gat,TP5,0,32064,367.34724039899726,-514.8619067706168,-2574.309533853084,9.890772436985067,13.197860512325795,4.855068424337737,0.23013807646930218,0.510276178518931,0.9648927648862203,1.0051384369532268,1.1315519412358601,0.0,0.0,0.0,1.0,1.0,9.711964545484733,13.0502219412809,65.25110970640452,0.2532358782763369,0.2353222766201264,0.4445321148258327,0.002969578214810419,0.012766769599852318,0.0010231793328235813,0.0022035769437631033,0.06564491059079272,0.0,0.0,0.0,0.0,0.0,3
IEEE33,gat,TP5,1,32160,298.08602813388444,-421.2918383720021,-2106.4591918600104,8.257074050795866,14.125083905793753,4.929249950202274,0.19673612837990126,0.45228002468744916,0.9668629765510559,1.0075465440750122,0.9867769877115885,0.0,0.0,0.0,1.0,1.0,7.291872800112877,10.014354917148626,50.07177458574302,0.20827042507307092,0.1887669989786692,0.6199139530092034,0.00728488285728237,0.013602095910041103,0.001299224349706281,0.0015020552276464874,0.044066293323232995,0.0,0.0,0.0,0.0,0.0,3
IEEE33,gat,TP5,2,32256,517.0608241188189,-722.6167333205541,-3613.0836666027703,14.185899477466627,7.690585938580049,5.194252608257501,0.3640450605501731,0.6990967591603597,0.9519780079523722,1.001956303914388,1.5253703196843464,0.0,0.0,0.0,1.0,1.0,14.845608732796173,20.14493162572496,100.72465812862494,0.37436064630184673,0.3330565310265767,0.09008312880579025,0.005176071599670159,0.014984544946074882,0.002345152971170324,0.0017088411296444117,0.03533727071653696,0.0,0.0,0.0,0.0,0.0,3
IEEE33,gat,TP5,3,32352,598.6325098266065,-843.3966974998515,-4216.983487499257,14.115434531566649,10.014324797817537,5.089364275566527,0.36322401919298697,0.7156128287315369,0.9508853753407797,1.0016729831695557,1.5706716775894165,0.0,0.0,0.6666666666666666,1.0,1.0,19.035176007506546,30.95311587715634,154.76557938578176,0.45206380623417636,0.407171497673916,0.46028731878810686,0.006088433884814091,0.0008983127601558948,0.0007926779787963436,0.00018498435704832438,0.04849787694488088,0.0,0.0,0.5773502691896258,0.0,0.0,3
IEEE33,gat,TP5,4,32448,775.6478503910944,-1062.5463283952945,-5312.731641976473,16.839363135970583,0.409898036497823,4.109110301452902,0.4318998352520995,0.7076922257741293,0.951224128405253,1.0020010471343994,1.556382417678833,0.0,0.0,0.0,1.0,1.0,14.426973625218409,19.063649297237,95.31824648618469,0.15482370045117927,0.1504314553476736,0.6969109890654153,0.0017986364026549443,0.017939244886982297,0.0012605640451170367,0.002030827246623101,0.008704654954450206,0.0,0.0,0.0,0.0,0.0,3
IEEE33,gat,TP5,5,32544,1372.6361645114164,-1915.754438463847,-9578.772192319235,24.77282408775633,0.0,3.015734186875113,0.5714204427268771,0.7136326630910238,0.9502455790837606,1.0,1.5534694592158,0.0,0.0,3.0,1.0,1.0,3.0033609900478675,90.6084941784072,453.04247089203625,0.012233195536065628,0.0,0.18784134191364485,0.0010810943732265036,0.004604406412195832,0.00036492245773444036,0.0,0.017474482943561177,0.0,0.0,4.358898943540674,0.0,0.0,3
IEEE33,gat,TP5,6,32640,1224.3994954531997,-1729.4785436630248,-8647.392718315125,24.52334195028898,0.0,3.149453445341306,0.5695333756092521,0.7158396244049072,0.9502071340878805,1.0,1.5587633053461711,0.0,0.0,3.3333333333333335,1.0,1.0,4.303821744045239,67.4208579865821,337.1042899329105,0.0066711726018922664,0.0,0.1974439096225389,0.0006769249268920494,0.006961054423018116,0.00027897348499828227,0.0,0.00740258344553921,0.0,0.0,3.2145502536643185,0.0,0.0,3
IEEE33,gat,TP5,7,32736,697.2559874944794,-952.5203986023553,-4762.601993011776,14.543980645042282,0.0,3.4263978281054364,0.36913555425902206,0.5694447159767151,0.9595534205436707,1.002156138420105,1.211714227994283,0.0,0.0,0.0,1.0,1.0,9.324912142025012,12.147088644083,60.73544322041519,0.08335606829410615,0.0,0.7528783432217203,0.0007794242033506376,0.023446321957231314,0.002929932466400788,0.00239214284902489,0.030656607718171698,0.0,0.0,0.0,0.0,0.0,3
IEEE33,gat,TP5,8,32832,443.1000764281759,-615.245956042471,-3076.2297802123553,9.924574456238583,11.02860009680442,5.224626050567856,0.2564144113825427,0.5138986309369405,0.9631902774175009,1.0028340021769206,1.0921954711278279,0.0,0.0,0.0,1.0,1.0,17.30511644643693,23.403687958268893,117.01843979134478,0.35414952190435445,0.42732361738791574,0.5640721702792485,0.005931201062937826,0.016925061041684567,0.0012277491711009257,0.000738251208521174,0.03627445364191461,0.0,0.0,0.0,0.0,0.0,3
IEEE33,gat,TP5,9,32928,694.3855430548195,-1063.4234568903844,-5317.1172844519215,14.498429227495867,9.365579501447614,4.947583997497885,0.38419316336512566,0.7285310427347819,0.9493072827657064,1.0017125606536865,1.5893492698669434,0.0006927211858458,0.0,5.333333333333333,0.9756944444444445,1.0,25.89021735145974,10.605813215495413,53.02906607747698,0.509228848174025,0.47626953372278297,0.2584540514973489,0.006715003999748424,0.003398122172439034,0.00026411791539381274,0.00010039566868788304,0.03462694270998609,0.0002641126182501483,0.0,2.081665999466133,0.012028130608117225,0.0,3
IEEE33,gat,TP5,10,33024,817.7464706255886,-1223.3455865725875,-6116.727932862937,15.351654147265316,5.144449656016383,5.285066789921511,0.4026560195618205,0.7259289820988973,0.9497730135917664,1.0015172163645427,1.579098383585612,0.0002270116504421,0.0,5.333333333333333,0.9895833333333334,1.0,16.868580403462957,53.36981765255627,266.84908826278155,0.3258657421515499,0.30187240525590847,0.24390241477473484,0.003991248594701337,0.0036911123915481206,0.0,0.00016092213549939055,0.035856992321430074,0.0,0.0,3.7859388972001824,0.0,0.0,3
IEEE33,gat,TP5,11,33120,880.9565918770408,-1202.3090372939905,-6011.545186469953,17.445084462797436,0.0,3.219504026542332,0.45713262818753714,0.7143204808235168,0.9504761695861816,1.0,1.5529557466506958,0.0,0.0,0.0,1.0,1.0,4.977318967037976,6.449239824427316,32.246199122136744,0.0564933730939239,0.0,0.7771841362593164,0.0003807329378183375,0.006378386209304427,0.0007202002269673557,0.0,0.02170921784865718,0.0,0.0,0.0,0.0,0.0,3
IEEE33,gat,TP5,12,33216,586.0807820313183,-810.0510342245301,-4050.25517112265,13.252246143201042,9.769583603218823,5.197854927848833,0.3347492743697431,0.6988812287648519,0.952284038066864,1.0016002655029297,1.5558148622512817,0.0,0.0,0.0,1.0,1.0,17.880735533764838,24.151182290065307,120.75591145032644,0.4085757366972667,0.3771663341539665,0.3170223428442434,0.005332202627177069,0.02341305485960903,0.0027218889569364415,0.00018597478267332051,0.0348191919436895,0.0,0.0,0.0,0.0,0.0,3
IEEE33,gat,TP5,13,33312,782.9901284075426,-1100.6049819943805,-5503.024909971903,20.211650850259645,0.17732200333493953,3.8529232063098604,0.5016567336602343,0.7189329663912455,0.950809379418691,1.0003762245178223,1.57962961991628,0.0,0.0,1.0,1.0,1.0,5.506144015754431,39.1796786964475,195.89839348223757,0.17137633906492275,0.025537886316231946,0.659214526180406,0.0001865958583964544,0.0020166389108705065,0.0009793087836954364,3.5618451042958886e-05,0.04146516190446334,0.0,0.0,1.7320508075688772,0.0,0.0,3
IEEE33,gat,TP5,14,33408,380.9984468550154,-536.7954349543899,-2683.9771747719496,10.636233250940181,13.827076187528249,4.761592401555842,0.2603945761091179,0.545446773370107,0.9614229996999105,1.0065642595291138,1.1647756099700928,0.0,0.0,0.0,1.0,1.0,10.028603165218025,13.640286010418446,68.20143005209232,0.2621463905696881,0.24453616307374446,0.48043383919141275,0.003879789617621968,0.0018699751747960798,9.644378414011474e-05,0.0042317800713641005,0.034841397285942925,0.0,0.0,0.0,0.0,0.0,3
IEEE33,gat,TP5,15,33504,339.4611083135858,-473.14198124305085,-2365.7099062152543,9.438035706470044,2.0053287352231615,5.163643053624912,0.24492505068580303,0.4629635214805603,0.9664782683054606,1.0066380500793457,1.0131277640660603,0.0,0.0,0.0,1.0,1.0,1.952698946178971,2.3430710182794456,11.715355091397251,0.05823291810927393,0.015392282210407105,0.20673505136686166,0.0011093674461284365,0.011230156111510676,0.0008105655264286996,0.002482328045785895,0.015512101140113508,0.0,0.0,0.0,0.0,0.0,3
IEEE33,gat,TP5,16,33600,570.0213678538257,-799.0128142217795,-3995.0640711088977,15.232137833954615,3.6049988869081866,5.273356582723342,0.3924587946385145,0.7114894986152649,0.950464646021525,1.002222736676534,1.5536062320073445,0.0,0.0,0.3333333333333333,1.0,1.0,0.38591792564844885,11.921526218167438,59.607631090837245,0.0933771672292017,0.11165294290189305,0.7457514400955171,0.002647041660519491,0.004889465708205408,0.0004950815555663509,0.0017241327713308661,0.04754695637934338,0.0,0.0,0.5773502691896258,0.0,0.0,3
IEEE33,gat,TP5,17,33696,725.333923940113,-1034.203987381359,-5171.019936906795,17.287422905939312,4.493070391367536,4.847447412032744,0.4406040091481474,0.7229545911153158,0.9502223531405131,1.0009394884109497,1.592877984046936,0.0,0.0,1.6666666666666667,1.0,1.0,12.06727158651105,43.19709340096053,215.98546700480327,0.256890974958697,0.23834679896397534,0.5182950340105179,0.0038559141869538823,0.0032863797912044217,0.00021897907185633157,0.0003025862183125562,0.05220722217531582,0.0,0.0,2.0816659994661326,0.0,0.0,3
IEEE33,gat,TP5,18,33792,887.4530999223947,-1232.8719302694,-6164.359651347001,21.837321564321417,0.0,3.2132242727774045,0.5275181300110288,0.699375053246816,0.9517286419868469,1.0,1.529571771621704,0.0,0.0,0.6666666666666666,1.0,1.0,5.873392266297556,28.952532733189432,144.76266366594746,0.03122111190467541,0.0,0.8106751100097426,0.00015905416514189956,0.014319174347507617,0.001665953416939825,0.0,0.04565623293358654,0.0,0.0,1.1547005383792517,0.0,0.0,3
IEEE33,gat,TP5,19,33888,465.0384903382913,-656.7741252198815,-3283.8706260994077,14.25219937236542,10.465828739120601,4.935988765975098,0.3638867837273412,0.7117881774902344,0.95120241244634,1.0028830369313557,1.5616517861684163,0.0,0.0,0.0,1.0,1.0,10.396087456981007,13.998952109435386,69.99476054717671,0.27419500287879595,0.20915513662272392,0.2256482590303032,0.0029962231489127143,0.005187529409280858,0.001532770432768714,0.002154743138012415,0.04588342462672188,0.0,0.0,0.0,0.0,0.0,3
IEEE33,gat,TP5,20,33984,434.2556277073286,-643.2622685636084,-3216.311342818042,14.39760133965608,9.20918353921203,4.851700033978261,0.36919772045479876,0.7192360560099283,0.9506680170694987,1.0023558934529622,1.584049145380656,0.0,0.0,1.3333333333333333,1.0,1.0,9.178582371395773,28.42801784673926,142.14008923369653,0.26262424484319685,0.21772748067631603,0.24547912516400958,0.003154977495638294,0.003673000940290502,0.0009509836445276825,0.001316321705426322,0.057495811899810165,0.0,0.0,1.1547005383792517,0.0,0.0,3
IEEE33,gat,TP5,21,34080,306.93431576933153,-439.18677837178114,-2195.9338918589056,10.83573423065812,12.000713874373096,4.761656033779103,0.25921243325703675,0.5116871992746989,0.9637567400932312,1.0034706989924114,1.151208480199178,0.0,0.0,0.0,1.0,1.0,7.469374834411458,10.029960415994939,50.14980207997481,0.15247743134500844,0.17041314143910832,0.2025381324546768,0.001542519254589755,0.02282984195158094,0.0026873990555889675,0.0017790331489314993,0.04539242751020433,0.0,0.0,0.0,0.0,0.0,3
IEEE33,gat,TP5,22,34176,243.44341919456954,-352.05965152041364,-1760.2982576020684,8.63053723047357,14.235672552261816,4.962109669052374,0.21065805624756548,0.4957515398661296,0.9650236566861471,1.0034064451853435,1.0537224213282268,0.0,0.0,0.0,1.0,1.0,6.784879698733566,8.938930387973686,44.6946519398687,0.20727525750288928,0.18554763144523376,0.41686452723496414,0.0062443952259558875,0.04448790540449705,0.0042324641329984985,0.0015473762362262825,0.04722022256699022,0.0,0.0,0.0,0.0,0.0,3
IEEE33,gat,TP5,23,34272,614.8173023944524,-905.2823465174685,-4526.411732587342,18.11762125218898,0.004014487286649771,3.064400208714803,0.47543809583617574,0.7198848923047384,0.9503604769706726,1.0008677244186401,1.5776078303654988,0.0,0.0,2.3333333333333335,1.0,1.0,4.757441288832115,47.535840582094714,237.6792029104739,0.03673594933344365,0.006900128182057535,0.8719939722351691,0.00036736369376367384,0.004417744040396892,0.00034151186938056284,4.297507288699308e-05,0.05627459910300299,0.0,0.0,2.0816659994661326,0.0,0.0,3
IEEE33,gat,TP5,24,34368,698.8767413293657,-990.475662122791,-4952.378310613955,19.88498056617821,0.07030131303930874,3.3747146503039644,0.49589687316781944,0.713744044303894,0.9510843952496847,1.00163996219635,1.568188746770223,0.0,0.0,1.0,1.0,1.0,5.395494820001667,41.42566581285648,207.12832906428196,0.043544366973387254,0.01817678863514044,1.0039375057017885,0.0006455612727230582,0.008036605529266603,0.0017375309598836783,0.0019491968311717396,0.042876869788543735,0.0,0.0,1.7320508075688772,0.0,0.0,3
IEEE33,gat,TP5,25,34464,893.2229510850635,-1241.607674876849,-6208.038374384244,22.9563763616864,0.0,3.536602810642643,0.5374064406173097,0.6973805626233419,0.9521037141482035,1.0,1.5377707084019978,0.0,0.0,0.6666666666666666,1.0,1.0,5.84233626327177,29.175278645367502,145.87639322683816,0.005034073245971705,0.0,0.08324490745208593,0.0010821789698498476,0.017352729869443077,0.0027023553705844117,0.0,0.026599417511519098,0.0,0.0,1.1547005383792517,0.0,0.0,3
IEEE33,gat,TP5,26,34560,528.6326223858176,-737.3902673949798,-3686.951336974899,13.876603029046876,9.883839619645402,4.898947275086793,0.3504817771414916,0.7111878593762716,0.9513225754102071,1.002439061800639,1.5634842713673909,0.0,0.0,0.0,1.0,1.0,15.326562252086688,20.645841178112356,103.2292058905621,0.36330262894122406,0.3035100645259621,0.2962990643646486,0.004370655195789271,0.013457132541617572,0.0022085567721960705,0.0012213699871207895,0.03933080272095713,0.0,0.0,0.0,0.0,0.0,3
IEEE33,gat,TP5,27,34656,416.28693761422136,-620.1865917921067,-3100.932958960533,14.239312830054331,9.950750289006004,4.892782752077942,0.3675864612062772,0.7184333403905233,0.9507800141970316,1.0021620591481526,1.5776349306106567,0.0,0.0,1.3333333333333333,1.0,1.0,7.274030498969182,28.073382397580342,140.36691198790143,0.2222428339336508,0.19428389366089147,0.17378685957456125,0.0030488601499576145,0.0014921498788629018,0.0012540643691231843,0.0009592816367474442,0.05509341188230562,0.0,0.0,1.1547005383792517,0.0,0.0,3
IEEE33,gat,TP5,28,34752,346.36084318605225,-495.4910735478004,-2477.4553677390018,14.247332292743387,0.0,3.39929271840349,0.36222673517962295,0.5615562399228414,0.9596543312072754,1.0002173980077107,1.1666577657063801,0.0,0.0,0.0,1.0,1.0,7.24059891684115,9.423020417094255,47.11510208547121,0.06847404086021934,0.0,1.5381930673208672,0.0016130600819247276,0.02556216645233981,0.0034870590583490424,8.205516959689202e-05,0.05809395154585942,0.0,0.0,0.0,0.0,0.0,3
IEEE33,gat,TP5,29,34848,377.9122329805336,-535.1795554240545,-2675.897777120272,14.135277945411511,0.0,3.6916811389427004,0.3515686028533511,0.5225365956624349,0.9629035989443461,1.0,1.1017840305964153,0.0,0.0,0.0,1.0,1.0,5.647300723073284,7.392600306390955,36.96300153195461,0.042647388871706285,0.0,0.9393879754417662,0.0010947043850132857,0.04485210864545011,0.003934126428910079,0.0,0.04638461198437239,0.0,0.0,0.0,0.0,0.0,3
IEEE33,gat,TP5,30,34944,478.5484422301009,-810.1364535190165,-4050.6822675950825,16.185297546658205,2.2077803819759745,5.290860162100802,0.42676027098463637,0.738196849822998,0.9486038684844972,1.0015982786814372,1.5846452713012695,0.0013961364831854,0.0,6.666666666666667,0.9583333333333334,1.0,5.171398728241307,30.18430719088038,150.9215359544021,0.10567245386225049,0.15481083958260322,0.5083083539170575,0.002031966274818335,0.0,0.0,0.0006508002116814624,0.0,0.0,0.0,1.1547005383792515,0.0,0.0,3
IEEE33,gat,TP6,0,32064,366.57888931450844,-518.6227474436164,-2593.113737218082,9.873698927843515,13.17767678555868,4.908202609065296,0.2684603091329336,0.5660332838694254,0.962540845076243,1.004830002784729,1.1110652287801106,0.0,0.0,0.0,1.0,1.0,10.260838958742337,14.047123462201359,70.2356173110067,0.2570830130217526,0.2639678134937852,0.3904874503901179,0.004361151422924534,0.047857358278793276,0.0031029149537056115,0.002125253595368279,0.07628915583557806,0.0,0.0,0.0,0.0,0.0,3
IEEE33,gat,TP6,1,32160,296.2060976337404,-422.35147245532517,-2111.7573622766263,8.208206485050683,14.09554674440848,4.921728221380668,0.22502286359667775,0.5257950226465861,0.9641534288724264,1.0060279369354248,0.9891211191813151,0.0,0.0,0.0,1.0,1.0,7.043063434738185,9.725205973094472,48.62602986547249,0.1935853729426119,0.2044629922535333,0.706067613457812,0.005111809076780297,0.010992134965582162,0.0003696774555507489,0.0018233307593285525,0.044211549573510235,0.0,0.0,0.0,0.0,0.0,3
IEEE33,gat,TP6,2,32256,515.7080821382484,-754.209057003508,-3771.04528501754,14.148765610255836,7.61338070066297,5.063931509792485,0.4180184644129541,0.7692467371622721,0.9501985708872477,1.0018990834554036,1.5009732246398926,0.0,0.0,1.3333333333333333,1.0,1.0,12.923900785775352,24.52056441430767,122.60282207153838,0.3116597902514153,0.26173043797697465,0.026225242786810262,0.004521006727396685,0.00929039144358976,0.00018346796032933185,0.000981658507276689,0.061159806517456186,0.0,0.0,1.5275252316519465,0.0,0.0,3
IEEE33,gat,TP6,3,32352,594.8858389098369,-911.8552557960153,-4559.276278980076,14.034075050971305,9.90353773069149,5.104084416204987,0.4171647895127535,0.7770207325617472,0.9492352604866028,1.0017699400583904,1.5288787285486858,0.0007647173157767001,0.0,4.0,0.9791666666666666,1.0,22.3307619334669,30.115254593579156,150.57627296789605,0.5142285486227708,0.4960531187268814,0.32876990210842494,0.008459525189421582,0.00010217147762917664,0.0,0.00012885511451443928,0.027218048736577644,0.0,0.0,1.7320508075688772,0.010416666666666671,0.0,3
IEEE33,gat,TP6,4,32448,776.5002593994271,-1138.109560822447,-5690.547804112236,16.85782294453441,0.4219768162405364,3.9946795314818586,0.49416140425536365,0.7723961671193441,0.9497343103090922,1.001673698425293,1.5145626465479534,0.00027948270193973334,0.0,3.3333333333333335,0.9930555555555557,1.0,12.320749958022397,67.90608895173234,339.5304447586609,0.13883321971829715,0.1549802247266217,0.6965264842419661,0.0019817607607560124,0.0017801719561326191,0.00026590737879455005,0.0006836947706623085,0.028174162168839605,0.00024203911979812345,0.0,3.0550504633038935,0.006014065304058612,0.0,3
IEEE33,gat,TP6,5,32544,1376.2264816391182,-2216.870266532898,-11084.35133266449,24.82011976012355,0.0,2.6849370342583634,0.6498166357891427,0.7653646071751913,0.9500157237052917,1.0,1.4926517009735107,0.0,0.0,17.333333333333332,1.0,1.0,3.4338665970280777,264.8700448221457,1324.3502241107283,0.014933490542741895,0.0,0.30096288541772204,0.0006018916070031498,0.00344834925940899,1.3512387431412246e-05,0.0,0.034431573271816174,0.0,0.0,13.203534880225574,0.0,0.0,3
IEEE33,gat,TP6,6,32640,1228.1410866719732,-1997.43716990153,-9987.185849507649,24.57281036502417,0.0,2.84344184503616,0.6477690788192881,0.7704019745190939,0.9495021303494772,1.0,1.4946486552556355,0.0005006295025954,0.0,16.0,0.9722222222222223,1.0,6.093355081770574,184.50937954751743,922.5468977375865,0.026837480664599473,0.0,0.5432842231480879,0.0002807359396299119,0.006982486189583045,0.000438384120416933,0.0,0.02673800303381565,0.000433557867131584,0.0,9.16515138991168,0.024056261216234432,0.0,3
IEEE33,gat,TP6,7,32736,698.2485362064808,-960.5993183554461,-4802.996591777231,14.573941235989475,0.0,3.4200400282124757,0.4235369130555126,0.6404319206873575,0.9564697742462158,1.0015486876169841,1.1829914251963298,0.0,0.0,0.0,1.0,1.0,9.923393053193932,12.88570876765674,64.42854383828328,0.0864997677455757,0.0,0.8006478584228968,0.0005636123029486739,0.013695667847769108,0.002272697207545693,0.0013368670611679113,0.05735380852647883,0.0,0.0,0.0,0.0,0.0,3
IEEE33,gat,TP6,8,32832,443.77102271293023,-620.5144984923303,-3102.5724924616516,9.934320651229116,10.986758585042987,5.212944970065886,0.2919275702701674,0.5810717145601908,0.9603244860967001,1.0021084944407146,1.0906428893407185,0.0,0.0,0.0,1.0,1.0,15.550342808759835,21.218939242803277,106.09469621401689,0.3165093027960217,0.4094199996451358,0.519458885389481,0.00604013972955983,0.018426966754136943,0.0012961012015816615,0.00039737807091053275,0.03417675501367587,0.0,0.0,0.0,0.0,0.0,3
IEEE33,gat,TP6,9,32928,692.0817760665019,-1114.1736510843039,-5570.868255421519,14.457494722535808,9.303902238717269,4.938276685175167,0.4411481798936923,0.8285819292068481,0.9453467726707458,1.001740296681722,1.574663162231445,0.0046532453841334,0.0,7.666666666666667,0.9340277777777778,1.0,27.436343861951748,11.495818925688567,57.47909462844322,0.5585096445647919,0.5324995047043134,0.06218259190923238,0.008821714077869086,0.0,0.0,0.00015937637063072658,0.0,0.0,0.0,1.5275252316519465,0.01202813060811716,0.0,3
IEEE33,gat,TP6,10,33024,813.1649592867562,-1324.5175126627087,-6622.587563313544,15.258730301829369,5.0478212719558,5.119282960735629,0.4601474934154086,0.8205568790435791,0.946021854877472,1.00167715549469,1.5635414123535156,0.0039781538219831,0.0,10.333333333333334,0.9305555555555557,1.0,15.868506984181264,21.89295094728445,109.46475473642225,0.2967130092510989,0.287787737299031,0.19249028518677216,0.00459861388331791,0.0,0.0,0.00010411114485036803,0.0,0.0,0.0,2.0816659994661326,0.006014065304058565,0.0,3
IEEE33,gat,TP6,11,33120,880.9577930105437,-1283.8512350589035,-6419.2561752945185,17.46396632598149,0.0,3.1024971090887803,0.5229068756517438,0.7604062954584757,0.9502057035764059,1.0,1.4827828009923298,0.0,0.0,3.6666666666666665,1.0,1.0,6.634340182789375,48.082178891290845,240.410894456454,0.025427222235934938,0.0,0.8569957433044797,0.0005099780648270292,0.0029773651316903596,0.00023634440731173448,0.0,0.02507055558096205,0.0,0.0,2.516611478423583,0.0,0.0,3
IEEE33,gat,TP6,12,33216,584.4917862408998,-847.867216712733,-4239.336083563666,13.229890379771447,9.736674385883653,5.210774711501403,0.3873689466466506,0.7635611891746521,0.9505371848742167,1.00173020362854,1.5028984149297078,0.0,0.0,1.6666666666666667,1.0,1.0,21.12400897964664,12.676097209369223,63.38048604684637,0.47209600893865084,0.4593540556429188,0.2815685632076101,0.0076628236735023555,0.002238073619769778,0.0007990018179874608,0.00027452191164294696,0.03887880707615229,0.0,0.0,1.5275252316519468,0.0,0.0,3
IEEE33,gat,TP6,13,33312,785.0082910398284,-1225.3143411080043,-6126.571705540021,20.249442468945137,0.17767463931459196,3.65445123872218,0.571770385114683,0.7791690826416016,0.9488919377326964,1.0014325380325317,1.5244942506154378,0.0011080430760359,0.0,6.666666666666667,0.9618055555555555,1.0,4.180477778200722,62.48884215919741,312.44421079598754,0.17239449450402214,0.02561261644131114,0.6962640227440311,9.864438492018309e-05,0.0,0.0,6.242436306445801e-05,0.02693797460025353,0.0,0.0,3.214550253664318,0.015911721163041116,0.0,3
IEEE33,gat,TP6,14,33408,380.383373208263,-541.1342863840362,-2705.6714319201806,10.624408872874492,13.78236931474703,4.780257409214486,0.30185633980565596,0.6237377723058065,0.958357572555542,1.0059740543365479,1.1782742341359456,0.0,0.0,0.0,1.0,1.0,9.682455013556467,13.290170369127736,66.45085184563852,0.23757243144713686,0.2307056190418422,0.5250225327674869,0.004469495100580831,0.005859276987584782,0.0001730182392664461,0.00426432410525059,0.031653462191057226,0.0,0.0,0.0,0.0,0.0,3
IEEE33,gat,TP6,15,33504,338.20234912874747,-475.9778323637632,-2379.889161818816,9.413983316911155,2.0036063714005596,5.165380803314125,0.2807328363673554,0.5397347609202067,0.9629706343015035,1.0056159893671672,1.0155779520670574,0.0,0.0,0.0,1.0,1.0,3.0449828159318737,4.060556421708396,20.3027821085418,0.15257291803745981,0.018274359138928123,0.2592338984443083,0.0007371311827700573,0.010621571022583215,0.0005188638123377345,0.0022007562315074203,0.015512238791144363,0.0,0.0,0.0,0.0,0.0,3
IEEE33,gat,TP6,16,33600,565.6602121906794,-900.408973519504,-4502.04486759752,15.127479694252367,3.5020963830156595,5.103491074883686,0.449689015539156,0.7707144816716512,0.949778139591217,1.0020541747411091,1.505886197090149,0.0002218886142127,0.0,5.333333333333333,0.9895833333333334,1.0,4.94616129007674,33.09486985269184,165.47434926345926,0.13919140932901275,0.07101286252101748,0.6993240533841205,0.0018554915272890413,0.00602398764919718,0.0,0.0004987257699821426,0.04277925618502772,0.0,0.0,1.5275252316519468,0.0,0.0,3
IEEE33,gat,TP6,17,33696,722.7496460320796,-1138.5602063417434,-5692.801031708717,17.22487794470347,4.416428441644258,4.572908905235585,0.5028975320359071,0.7908262610435486,0.9483020901679992,1.000937541325887,1.5344359079996746,0.0016979212040366,0.0,6.666666666666667,0.9652777777777778,1.0,12.412686796805898,25.568689292656234,127.84344646328192,0.23377156909069688,0.18309736127683174,0.3749792237512979,0.0036576937767978323,0.0,0.0,0.0005092055792643284,0.01432086911936182,0.0,0.0,1.1547005383792515,0.01202813060811716,0.0,3
IEEE33,gat,TP6,18,33792,889.3884959613315,-1311.2479242920879,-6556.239621460438,21.881140900184775,0.0,3.069631032962127,0.6011915306250254,0.7660386164983114,0.9500719706217448,1.0,1.5127761761347454,0.0,0.0,4.0,1.0,1.0,5.519759354326242,125.42561867255465,627.1280933627726,0.042677313010409,0.0,0.907013968016765,0.00027841242537319366,0.0067549444838613465,4.3694974899906346e-05,0.0,0.04348600913125314,0.0,0.0,6.082762530298219,0.0,0.0,3
IEEE33,gat,TP6,19,33888,463.5521943878746,-761.6459413900972,-3808.2297069504857,14.212388722193614,10.392426927330577,4.778756595716423,0.4187555936061673,0.7721652587254842,0.9499188661575316,1.0018467903137207,1.51400891939799,8.112302914808911e-05,0.0,5.0,0.9895833333333334,1.0,11.43999325559718,42.55230133747576,212.76150668737853,0.2941290800659557,0.26752353023202957,0.19293163945021832,0.004606688391041305,0.007851201845113925,0.0,0.00010153573822882981,0.04689956449068537,0.0,0.0,1.7320508075688772,0.0,0.0,3
IEEE33,gat,TP6,20,33984,431.8652242220485,-733.7510399053494,-3668.755199526747,14.3199047112185,9.118360417379458,4.858783351001912,0.4250078290286991,0.7872198224067688,0.948611855506897,1.001840591430664,1.5303441286087036,0.0013881697765791001,0.0,5.666666666666667,0.96875,1.0,10.242040594545465,34.01292203889253,170.06461019446266,0.2872209262710167,0.2979646615655655,0.1236945469209352,0.004991017234991025,0.0,0.0,0.00014594737380906026,0.011953133738156766,0.0,0.0,1.5275252316519465,0.0,0.0,3
IEEE33,gat,TP6,21,34080,306.7364326030805,-444.21137908548116,-2221.056895427406,10.8354660056819,11.972092237393506,4.740011279836862,0.3018380788465341,0.584002951780955,0.9611437916755676,1.0029419660568237,1.1533643404642742,0.0,0.0,0.0,1.0,1.0,8.527246930802109,11.57139876647365,57.856993832368055,0.16835303400977997,0.1783436849471314,0.22097051618437719,0.002953589511570991,0.02888042303240268,0.002170509210436823,0.0006436300310210586,0.04684980801081301,0.0,0.0,0.0,0.0,0.0,3
IEEE33,gat,TP6,22,34176,242.78831932840248,-355.0219670379534,-1775.1098351897672,8.626080226731503,14.219850061192824,5.006231495152083,0.241375381540921,0.5436668992042542,0.9633805751800537,1.002751072247823,1.028969168663025,0.0,0.0,0.0,1.0,1.0,6.645224109756829,8.874114952648853,44.37057476324414,0.19754565880174688,0.18580910103011652,0.34005431973625655,0.004117830049526655,0.018116871596397875,0.003041193049512147,0.0010431445261538624,0.0,0.0,0.0,0.0,0.0,0.0,3
IEEE33,gat,TP6,23,34272,615.404924024375,-1041.1373115762176,-5205.6865578810875,18.123222182931205,0.004013927765742067,2.9061346993518655,0.5429466103927957,0.7881000638008118,0.9483582377433776,1.0011362632115681,1.5151396989822388,0.0016417839940062,0.0,8.666666666666666,0.9479166666666666,1.0,5.855409498265773,57.42414640653911,287.12073203269557,0.019877390123321827,0.006899177369022571,0.8029535336387831,0.00039660385366737543,0.0,0.0,0.0002567884407284089,0.0,0.0,0.0,2.5166114784235836,0.018042195912175797,0.0,3
IEEE33,gat,TP6,24,34368,699.0477061809094,-1126.2191167357068,-5631.095583678533,19.88091164049027,0.0640942394216612,3.2344225880432163,0.5668541592442328,0.7731626629829407,0.9499163230260214,1.001463492711385,1.530230164527893,9.323142897086667e-05,0.0,7.333333333333333,0.9930555555555555,1.0,6.075750761626858,97.99962138584647,489.9981069292319,0.025685463507056912,0.01103283044445201,0.9640427374498294,0.0004375198854288395,0.00705690581308145,0.00017003428552110966,0.0005547876915735636,0.04118390831410773,0.00016148157183979,0.0,4.509249752822894,0.01202813060811724,0.0,3
IEEE33,gat,TP6,25,34464,895.7674439703127,-1341.0537952343623,-6705.268976171811,23.003647316612557,0.0,3.265124288360751,0.6133153606206179,0.7685530185699463,0.9503033558527628,1.0,1.5057300329208374,0.0,0.0,5.0,1.0,1.0,5.6019543909613265,144.7813278106334,723.9066390531673,0.011495997729166466,0.0,0.32242876964673156,0.0006745533569129006,0.0072721121910641244,0.00042382047001575986,0.0,0.056083681079474236,0.0,0.0,7.0,0.0,0.0,3
IEEE33,gat,TP6,26,34560,526.0926902694229,-807.3745505164067,-4036.8727525820336,13.808019647921498,9.778345177246026,4.8729781386497075,0.40399829712178964,0.774821917215983,0.9500395854314169,1.0018829504648845,1.522452473640442,0.0,0.0,3.3333333333333335,1.0,1.0,15.258347425566038,49.04441885593413,245.22209427967044,0.3379562538807509,0.30953046584354676,0.25612288509617503,0.005235661970736525,0.008161713365128343,7.148913938979642e-06,0.00010662565155545534,0.040697481292155224,0.0,0.0,2.0816659994661326,0.0,0.0,3
IEEE33,gat,TP6,27,34656,414.9570541992644,-711.8704785282413,-3559.3523926412067,14.197305258873179,9.861634154972927,4.857045071526966,0.42216375035544235,0.7800385355949402,0.9491341710090636,1.0017705758412678,1.5165516138076782,0.0008658033939633,0.0,5.666666666666667,0.96875,1.0,8.765625140509199,18.843856863029604,94.21928431514812,0.24678507776494288,0.2531171966303329,0.02378085288473638,0.004217258670728461,0.0,0.0,0.00010996766741291242,0.004103101926804629,0.0,0.0,1.1547005383792515,0.0,0.0,3
IEEE33,gat,TP6,28,34752,346.9110371913955,-502.87876713673273,-2514.393835683664,14.274262003865582,0.0,3.3937566224323628,0.41568902424640125,0.6379430890083313,0.9565373063087463,1.0002153317133586,1.164255420366923,0.0,0.0,0.0,1.0,1.0,7.307998443506636,9.501940790679672,47.50970395339819,0.057062150234024556,0.0,1.456727167517974,0.0017593947041427335,0.028507096825882514,0.0032689221161783084,6.372874804760286e-05,0.04945580548664163,0.0,0.0,0.0,0.0,0.0,3
IEEE33,gat,TP6,29,34848,378.3708508831177,-542.037099369367,-2710.1854968468347,14.16347028577951,0.0,3.6902186384146227,0.40174008078045315,0.5734357039133707,0.9612002968788147,1.0,1.0776777267456057,0.0,0.0,0.0,1.0,1.0,5.239931235083499,6.861981185061512,34.30990592530767,0.04545141854462282,0.0,0.9795257918659968,0.001125315511315644,0.013233666865155409,0.002586944647792633,0.0,0.0,0.0,0.0,0.0,0.0,0.0,3
IEEE33,gat,TP6,30,34944,480.2647307392001,-886.7783973013361,-4433.891986506681,16.239814003288043,2.23429015483164,5.238680687648951,0.4886508387409978,0.836994469165802,0.9447911977767944,1.0013173818588257,1.5900484323501587,0.0052088175934883,0.0,10.0,0.9166666666666666,1.0,3.810810999576376,30.344668826830972,151.7233441341549,0.044874338681004836,0.09000512197601129,0.4549193790859757,0.0017436686517720956,0.0,0.0,0.00014157191033974077,0.0,0.0,0.0,1.7320508075688772,0.0,0.0,3
IEEE33,gat,TP7,0,32064,364.1151919121897,-507.288161448203,-2536.440807241015,9.798017411257232,13.101641086734299,4.985390246398494,0.2035979872776402,0.4302387833595276,0.9731949170430502,1.0027969678243,1.1302830775578816,0.0,0.0,0.0,1.0,1.0,14.119521474227687,18.799799597098758,93.99899798549353,0.3786279363743648,0.2781590977156599,0.387606022490214,0.0021541875287700656,0.008664880819011088,0.0017873905723512825,0.00021057872511454174,0.06728957093247193,0.0,0.0,0.0,0.0,0.0,3
IEEE33,gat,TP7,1,32160,295.56899185649837,-415.1862536705875,-2075.9312683529374,8.186144840236418,14.069030500587994,4.980901873317353,0.1744005965689818,0.3725721637407939,0.9760765433311462,1.004452109336853,0.9842884540557862,0.0,0.0,0.0,1.0,1.0,10.926324881818282,14.592317534791345,72.96158767395633,0.3102085549210102,0.27014286036108615,0.4049146074844075,0.0016474815739882902,0.0061784665185395165,0.00014359702821152865,0.0011264573433463281,0.04296653041246401,0.0,0.0,0.0,0.0,0.0,3
IEEE33,gat,TP7,2,32256,512.7464772353586,-710.803204661111,-3554.0160233055553,14.046682497871707,7.538821257693026,5.364513418331374,0.31523896298474735,0.6048941413561503,0.9598275025685629,1.0009764432907104,1.5411396423975627,0.0,0.0,0.0,1.0,1.0,12.441814421015069,16.7519639099529,83.75981954976494,0.30072356104119896,0.28438024179485355,0.1011956211781878,0.003310296291604163,0.006327772152735011,0.0020156212985377306,0.00010217571393849939,0.03503881199904765,0.0,0.0,0.0,0.0,0.0,3
IEEE33,gat,TP7,3,32352,593.5565701561046,-817.6256967609128,-4088.1284838045635,13.993305283722991,9.899004168297026,5.142099260321463,0.31701425980362624,0.6277177929878235,0.958361009756724,1.0016321738560994,1.5989525318145752,0.0,0.0,0.0,1.0,1.0,17.758793518523643,23.774359765223686,118.87179882611856,0.400899535533388,0.3282590131446753,0.3573507566498474,0.003942036238423947,0.007716659472604406,0.002302889960110171,0.00016686065962108742,0.0331193110529407,0.0,0.0,0.0,0.0,0.0,3
IEEE33,gat,TP7,4,32448,771.5745073938712,-1050.3916487801819,-5251.95824390091,16.773603608142277,0.4065503395779096,4.170750841727801,0.3769619709087743,0.6170159975687662,0.9590418537457784,1.0009607474009197,1.5672508875528972,0.0,0.0,0.0,1.0,1.0,9.054594105319293,12.003271242341427,60.016356211707546,0.0689850939960104,0.14265604974485463,0.6846670301046026,0.001722195295250169,0.02506005251249284,0.0025196430801251637,0.0002851425487744409,0.03259193313527928,0.0,0.0,0.0,0.0,0.0,3
IEEE33,gat,TP7,5,32544,1368.5250792143186,-1840.7207991917928,-9203.603995958963,24.730436334456467,0.0,3.2223782355000528,0.4937710776511166,0.6256564656893412,0.9594305753707886,1.0,1.6054370005925496,0.0,0.0,0.0,1.0,1.0,2.8831408254483613,3.7582476968531013,18.791238484265364,0.025031630861207705,0.0,0.4093099937174647,0.0009410895142024206,0.025350211695660395,0.0025816283819469926,0.0,0.027312959243653255,0.0,0.0,0.0,0.0,0.0,3
IEEE33,gat,TP7,6,32640,1222.270759439473,-1650.4033868153892,-8252.016934076944,24.478138733255037,0.0,3.2876552914323747,0.4922713645630412,0.624280591805776,0.9591358105341593,1.0,1.5980597734451294,0.0,0.0,0.0,1.0,1.0,4.036786395250746,5.315086610530064,26.575433052649934,0.00907812676478803,0.0,0.11099386873129775,0.0006435976264419831,0.019127590296017717,0.0028543480264209336,0.0,0.008997556020596332,0.0,0.0,0.0,0.0,0.0,3
IEEE33,gat,TP7,7,32736,695.4548054506864,-943.8083395707112,-4719.041697853555,14.511255819055753,0.0,3.508243100344315,0.318136576977041,0.47054970264434814,0.9692276914914449,1.0007335742314656,1.1971803903579712,0.0,0.0,0.0,1.0,1.0,8.623138662017437,11.216193536041,56.08096768020542,0.11797518918362607,0.0,1.014812083171088,0.0004244865114151124,0.008888389766350292,0.002133038482402189,8.642848879037672e-05,0.032436809559706445,0.0,0.0,0.0,0.0,0.0,3
IEEE33,gat,TP7,8,32832,439.97155601657624,-606.5476086292416,-3032.738043146208,9.852357990902238,10.936752445699364,5.265057209551739,0.21978258279462656,0.42768700917561847,0.9708727598190307,1.0029174089431763,1.0844100713729858,0.0,0.0,0.0,1.0,1.0,17.719747980715173,23.94849591093298,119.74247955466477,0.3912517149828125,0.4579564697757312,0.43706641938846064,0.0049343503389943245,0.004875782978153047,0.0008687456966509538,0.0007017610610450522,0.03229148649550908,0.0,0.0,0.0,0.0,0.0,3
IEEE33,gat,TP7,9,32928,694.4203621167062,-950.7293789371848,-4753.646894685924,14.481327343324708,9.325045771677177,5.227927603376255,0.3358370109150807,0.6730344494183859,0.9550746281941732,1.001654028892517,1.6974520285924275,0.0,0.0,0.0,1.0,1.0,22.61033193473116,30.225238123993336,151.12619061996705,0.44152465860842977,0.40650537194009956,0.46234908313359435,0.004664649865670529,0.013381070060153703,0.002576797465800526,0.00015977656255109965,0.010945193411230734,0.0,0.0,0.0,0.0,0.0,3
IEEE33,gat,TP7,10,33024,820.1291759950005,-1113.5840532218417,-5567.920266109209,15.396570619687358,5.18518934207283,5.573953329043792,0.3528299555182457,0.6639426946640015,0.9555842280387878,1.0014780759811401,1.6693867047627766,0.0,0.0,0.0,1.0,1.0,15.849282733548947,21.226135363978386,106.13067681989209,0.3137926794275436,0.3027658769409073,0.37385962705054493,0.0033775521667810814,0.02505603665707903,0.0026541011821033626,0.0001971917318556383,0.04384093350164995,0.0,0.0,0.0,0.0,0.0,3
IEEE33,gat,TP7,11,33120,877.7159336645474,-1190.679636925459,-5953.3981846272945,17.405690210334033,0.0,3.3559791663515033,0.3976980783045292,0.6068924864133199,0.9602251052856445,1.0,1.5559648672739665,0.0,0.0,0.0,1.0,1.0,6.13079699645245,7.9384388427966766,39.69219421398341,0.03381693501017847,0.0,0.9264893890005022,0.00021893335691212525,0.02317509668333409,0.002442308281733734,0.0,0.0429391589748008,0.0,0.0,0.0,0.0,0.0,3
IEEE33,gat,TP7,12,33216,580.3517653196565,-797.1381463413437,-3985.6907317067185,13.113892970022759,9.635822066497113,5.328239637288289,0.291669869588481,0.595995823542277,0.9615328709284464,1.0016258557637532,1.5446650981903076,0.0,0.0,0.0,1.0,1.0,19.797163517022543,26.54626986589565,132.73134932947792,0.44916660425194355,0.3889435664131297,0.3540327519300533,0.004628219766288244,0.014006910114221172,0.0023070140622123334,0.00016314388326826905,0.007844411670392333,0.0,0.0,0.0,0.0,0.0,3
IEEE33,gat,TP7,13,33312,782.6808015421585,-1071.6491393804552,-5358.245696902275,20.15667375849164,0.15706727600697165,3.7794572902938754,0.43333358752230805,0.6262357433636984,0.957603653271993,1.000402291615804,1.5902187426884968,0.0,0.0,0.0,1.0,1.0,5.231966558904527,6.737713247257624,33.68856623628828,0.18820682193724686,0.04104640951726164,0.48001900826122174,0.0003689774861514469,0.012833769700101019,0.0019675038773013767,5.751787483477534e-05,0.011615310678191182,0.0,0.0,0.0,0.0,0.0,3
IEEE33,gat,TP7,14,33408,377.62577436728407,-528.1394503939897,-2640.6972519699484,10.536192579495053,13.746649508079656,4.760913312027141,0.22659330959949228,0.46532352765401197,0.9694021542867025,1.0023324886957805,1.1815752585728962,0.0,0.0,0.0,1.0,1.0,10.676064061557835,14.301983921406094,71.50991960703031,0.30137045307035887,0.24315180375750955,0.38035048015540923,0.002196352711473164,0.006077668889169216,0.002006514219461273,0.000350907043881382,0.0367077801915294,0.0,0.0,0.0,0.0,0.0,3
IEEE33,gat,TP7,15,33504,339.8461256015633,-469.5923917866312,-2347.961958933156,9.429605560403234,2.005906787781697,5.219361715139371,0.2122133440441555,0.4094115694363912,0.9726118246714274,1.004050890604655,1.0399967829386394,0.0,0.0,0.0,1.0,1.0,1.5688256704071035,1.885187359640393,9.425936798202025,0.0928869999429233,0.039545123000491574,0.22837420819136242,0.0011588371645956655,0.025267458744258252,0.0016240996590445947,0.0006694731011283077,0.04427085002344965,0.0,0.0,0.0,0.0,0.0,3
IEEE33,gat,TP7,16,33600,566.4749577340117,-781.127281798857,-3905.636408994285,15.119242650552964,3.5340308064199717,5.388135498907655,0.3398129706167512,0.617077112197876,0.9577253063519796,1.0012343327204387,1.5696895519892375,0.0,0.0,0.0,1.0,1.0,2.771626127365705,3.5159098481395272,17.579549240698178,0.1265844544605972,0.07797734331023871,0.33871101599002396,0.0010903763090191823,0.01113522805089106,0.0012356803154782003,0.00010535871405046519,0.030332110880248578,0.0,0.0,0.0,0.0,0.0,3
IEEE33,gat,TP7,17,33696,723.2977451193309,-990.9215836090347,-4954.607918045173,17.20950213530621,4.4203097321032025,4.889677070411405,0.38245775033202434,0.6414207418759664,0.9571516712506613,1.0007420778274536,1.6427280108133953,0.0,0.0,0.0,1.0,1.0,12.893998204085287,17.33044074323259,86.65220371616275,0.24161396646451308,0.27831072999042095,0.33915282699805116,0.003439244242893468,0.012914432738286888,0.001996828967793749,0.0002512962078275812,0.005847330899533539,0.0,0.0,0.0,0.0,0.0,3
IEEE33,gat,TP7,18,33792,886.1802778574205,-1209.027552569906,-6045.137762849529,21.790283703841954,0.0,3.0320393911444357,0.45655895997252727,0.6091559727986654,0.9605194727579752,1.0,1.5692121982574463,0.0,0.0,0.0,1.0,1.0,6.893848234484113,8.958534812467642,44.79267406233779,0.034480584187622086,0.0,0.7681088163810231,2.8274246373025917e-05,0.02577950130281262,0.002520790234514239,0.0,0.034161240967619806,0.0,0.0,0.0,0.0,0.0,3
IEEE33,gat,TP7,19,33888,460.8063287946977,-645.3534496478736,-3226.767248239368,14.107244623623023,10.331080033110878,4.984486692736288,0.3171280285136567,0.6156527201334635,0.9586947361628214,1.0017512639363606,1.5672475894292195,0.0,0.0,0.0,1.0,1.0,7.585672874939953,10.151848355029864,50.75924177514951,0.24030677464141756,0.1531098004243953,0.20423070033281363,0.0016559878090202647,0.014516818373031292,0.0020667398281848577,0.00011029960436815426,0.03755945435109023,0.0,0.0,0.0,0.0,0.0,3
IEEE33,gat,TP7,20,33984,430.55518392458794,-605.8150405868888,-3029.075202934444,14.261003551784121,9.072217592285234,5.024214949409397,0.32204165951245356,0.6276079018910726,0.9573140144348145,1.0015944639841716,1.5705819924672444,0.0,0.0,0.0,1.0,1.0,5.694993892332422,7.67270209289347,38.36351046446737,0.18915134913107748,0.13002059432592228,0.17999133749921561,0.001483753556239664,0.019384798892095073,0.002016287407490432,0.0001249915133052699,0.0840820741542148,0.0,0.0,0.0,0.0,0.0,3
IEEE33,gat,TP7,21,34080,302.22402217628246,-428.71132553364924,-2143.556627668246,10.640592330361473,11.809247998163565,4.926880491331916,0.22533181247611836,0.45202310880025226,0.9712369044621786,1.0020697514216106,1.1728177070617676,0.0,0.0,0.0,1.0,1.0,9.327839458728793,12.609174982303298,63.04587491151625,0.3163094477537909,0.26519067732773444,0.2604846351049155,0.0023915781561567625,0.0032712556463932387,0.0022094083976704993,0.000425113369380801,0.0308234125464439,0.0,0.0,0.0,0.0,0.0,3
IEEE33,gat,TP7,22,34176,240.74908235098962,-345.2056858883395,-1726.0284294416972,8.535881178895613,14.141689143044587,4.9879635737487495,0.18433644353515566,0.4134779373804727,0.9726029833157858,1.003989855448405,1.0347859859466555,0.0,0.0,0.0,1.0,1.0,9.493941374001093,12.865364469053032,64.3268223452651,0.32424739413272924,0.29777158581970753,0.4091301213471736,0.002762874142370337,0.021907953049081982,0.0016742839006711118,0.0011127612848824066,0.01821928396333084,0.0,0.0,0.0,0.0,0.0,3
IEEE33,gat,TP7,23,34272,615.6403587520261,-851.9510286922256,-4259.755143461128,18.099221852334903,0.008886209102445806,3.037028444089055,0.41340436848501366,0.6301795244216919,0.9562998215357462,1.0010590553283691,1.585944135983785,0.0,0.0,0.0,1.0,1.0,2.759157587564555,3.5724418282264443,17.862209141132325,0.15487350462357627,0.015338160227604161,0.6597250785812161,0.0002780087702196092,0.016899214127208486,0.0014574571438784889,0.0003356447789209621,0.04845576413133418,0.0,0.0,0.0,0.0,0.0,3
IEEE33,gat,TP7,24,34368,697.9566504074156,-960.8932630273202,-4804.466315136601,19.847104873372064,0.07132714294689446,3.2887709652874766,0.4287614958981673,0.6222885251045227,0.9587172269821167,1.0005076726277669,1.5891341368357341,0.0,0.0,0.0,1.0,1.0,3.939815814405951,5.1030773406938215,25.515386703469545,0.07342232726124422,0.019667225939332053,0.736885219315089,8.132039784964357e-05,0.021649643699904603,0.002260742656051447,0.00022227777470294695,0.042543132380178934,0.0,0.0,0.0,0.0,0.0,3
IEEE33,gat,TP7,25,34464,891.8725479321865,-1217.2555096924305,-6086.2775484621525,22.89889298553285,0.0,3.4015581638017154,0.4631798157675398,0.6090367237726847,0.9610604842503866,1.0,1.5856242577234905,0.0,0.0,0.0,1.0,1.0,6.008678379349774,7.893082789678776,39.46541394839359,0.018877691818056673,0.0,0.25483256935954146,0.0008418691301383146,0.02934423412491308,0.0029893637143773005,0.0,0.045127350376988416,0.0,0.0,0.0,0.0,0.0,3
IEEE33,gat,TP7,26,34560,523.4266398599317,-724.9141564935445,-3624.570782467723,13.725218459392368,9.735062752782527,4.924146294060143,0.30551528972056174,0.6113146940867106,0.9598349730173746,1.0017240444819133,1.574751575787862,0.0,0.0,0.0,1.0,1.0,11.58912831900648,15.492943230201162,77.46471615100585,0.31312001921593574,0.21704404626478604,0.3582113088931671,0.0024827797842890886,0.00830230737628044,0.002160972643946097,0.0001246589691324087,0.02938917358719891,0.0,0.0,0.0,0.0,0.0,3
IEEE33,gat,TP7,27,34656,411.3275644308421,-581.0364491100113,-2905.1822455500565,14.05946293248285,9.791415539646387,4.978835417098094,0.3200233338607682,0.6212318142255148,0.9579667448997499,1.001665472984314,1.5600368579228718,0.0,0.0,0.0,1.0,1.0,4.36762618741239,5.817719285559569,29.088596427797967,0.1934176364741383,0.07921846520492035,0.22974118520055664,0.0008030005182518064,0.021073317607578412,0.0020374774677934956,4.9289257233979324e-05,0.0863647229634896,0.0,0.0,0.0,0.0,0.0,3
IEEE33,gat,TP7,28,34752,346.79808218127613,-489.85415139719845,-2449.270756985992,14.217020278758469,0.0,3.227116993904064,0.31251290585431785,0.4628631075223287,0.9700829982757568,1.0003320773442586,1.177460749944051,0.0,0.0,0.0,1.0,1.0,7.851337022531816,10.223179187306696,51.11589593653346,0.058635923598081605,0.0,1.2541957739091498,0.0010175618323849105,0.015194373297816087,0.0016167371070597832,0.00019600357649887735,0.016191796035930406,0.0,0.0,0.0,0.0,0.0,3
IEEE33,gat,TP7,29,34848,377.3517370535665,-528.0040333271027,-2640.0201666355133,14.100118700746249,0.0,3.5918535992466034,0.2999143478357129,0.4393842220306396,0.970947265625,1.0,1.107882340749105,0.0,0.0,0.0,1.0,1.0,6.08661219778783,7.941116970004107,39.7055848500205,0.038776162910283,0.0,0.8285856588389438,0.0006845974444082691,0.024448474886729195,0.0011074369557375519,0.0,0.06150826191550021,0.0,0.0,0.0,0.0,0.0,3
IEEE33,gat,TP7,30,34944,476.9312374542811,-667.9116007062296,-3339.558003531148,16.14623061436617,2.1794466129411467,5.5384136337759236,0.372507390876611,0.6715544859568278,0.9533931612968445,1.001178503036499,1.6455621321996052,0.0,0.0,0.0,1.0,1.0,7.309635760118734,9.926890317785126,49.63445158892529,0.23303541843450593,0.18996294312419562,0.3040572819125475,0.0023103962203797597,0.01042278208105259,0.002195909242719799,5.5748667483758555e-06,0.06954131818554714,0.0,0.0,0.0,0.0,0.0,3
IEEE33,gcn,TP1,0,32064,349.1925947195673,-492.1795109329125,-2460.897554664562,9.37713876010796,12.689246557674666,5.264623757759222,0.2399303973135021,0.4903258482615153,0.9700950384140015,1.0039710601170857,1.045667250951131,0.0,0.0,0.0,1.0,1.0,18.61871263597949,25.457848791425075,127.28924395712518,0.48305138864452535,0.4839276095115116,1.087508299362541,0.007529615759073896,0.025670792896380034,0.0029317887784803313,0.0011435652786176182,0.023765050737877304,0.0,0.0,0.0,0.0,0.0,3
IEEE33,gcn,TP1,1,32160,280.68828075196865,-398.95048552503187,-1994.7524276251595,7.755563748809635,13.673438594152259,5.225305424135315,0.20129801788263846,0.45640844106674194,0.971889058748881,1.0042215983072917,0.962099313735962,0.0,0.0,0.0,1.0,1.0,17.39524470057323,24.087184849666848,120.43592424833422,0.47075458120099917,0.487229647534341,1.043438235161901,0.009368842848593554,0.010285838119523267,0.0016687833531368419,5.2644141397818346e-05,0.0,0.0,0.0,0.0,0.0,0.0,3
IEEE33,gcn,TP1,2,32256,510.2001098455209,-715.5037842253845,-3577.518921126922,14.016009500018138,7.4879505232125085,5.653778068564662,0.3796530647410286,0.6750870148340861,0.9582600394884745,1.000981370608012,1.4490069548288982,0.0,0.0,0.0,1.0,1.0,13.232004257855925,17.654572529455645,88.27286264727813,0.23220406696454204,0.2532176921661626,1.2233660186468256,0.00260259786815756,0.004051843096392681,0.00043910553830255153,0.00011024767015614766,0.04555312212395806,0.0,0.0,0.0,0.0,0.0,3
IEEE33,gcn,TP1,3,32352,576.4240250794703,-802.5619771753749,-4012.809885876874,13.630613884750893,9.5248826201887,5.503255637549922,0.3765974239342742,0.7034825881322225,0.9553749163945516,1.0017273426055908,1.5385568539301555,0.0,0.0,0.0,1.0,1.0,17.792999550540554,23.894500201127084,119.47250100563488,0.297546409587513,0.3652014738299976,1.0416115431798636,0.004313141392685469,0.04031434729893692,0.0008636930163286931,6.642557265280255e-05,0.07770101541800586,0.0,0.0,0.0,0.0,0.0,3
IEEE33,gcn,TP1,4,32448,782.4042757935454,-1074.0955228497585,-5370.477614248793,16.942107554084377,0.5822130354448739,4.204667154996688,0.45329631430407363,0.7037322719891866,0.9557710687319437,1.001268267631531,1.502941370010376,0.0,0.0,0.0,1.0,1.0,14.776218278365993,19.24412003852027,96.2206001926009,0.1441361838205623,0.12811600432821504,2.0558752569695713,0.0028985295273860094,0.03651067632460096,0.0009135767086553156,8.676315470287467e-05,0.10484353499066867,0.0,0.0,0.0,0.0,0.0,3
IEEE33,gcn,TP1,5,32544,1378.6740813605963,-1865.8400289535523,-9329.200144767761,24.77254564413461,0.0,2.554770712404872,0.5893820886396699,0.7148980100949606,0.9560579657554626,1.0,1.552422285079956,0.0,0.0,0.0,1.0,1.0,3.3238492802865007,4.214035467638456,21.070177338192174,0.07079196009721256,0.0,1.202163676631074,0.0009256429210379063,0.044371127154619244,0.0014999737160845928,0.0,0.10365629104086517,0.0,0.0,0.0,0.0,0.0,3
IEEE33,gcn,TP1,6,32640,1231.462046712587,-1674.2302769978842,-8371.15138498942,24.523316710642003,0.0,2.7036406079329747,0.5875004699660672,0.7217111388842264,0.9554972449938456,1.0,1.550467054049174,0.0,0.0,0.0,1.0,1.0,1.2514535139003222,1.7318220504678496,8.659110252339957,0.07107045572489323,0.0,1.2534242667550641,0.000947198828468561,0.0386001364764505,0.0011750924373875786,0.0,0.10084760484612089,0.0,0.0,0.0,0.0,0.0,3
IEEE33,gcn,TP1,7,32736,692.9172224866987,-948.6173079892993,-4743.0865399464965,14.366941256237931,0.0,3.3915815572317105,0.3830979886568255,0.5188592871030172,0.967452605565389,1.0008219083150227,1.0881895621617634,0.0,0.0,0.0,1.0,1.0,8.708438964422626,11.186698691622915,55.933493458114135,0.014523963238367101,0.0,1.6124024812399018,0.0014849044105918127,0.01728000829033084,0.0005366998102803764,0.00013370618996071777,0.033680500391121804,0.0,0.0,0.0,0.0,0.0,3
IEEE33,gcn,TP1,8,32832,418.5594593660514,-583.1979638776431,-2915.989819388216,9.352313616942686,10.619164852616322,5.31059933107036,0.25748215760621757,0.5067601799964905,0.9676216046015423,1.0017627875010173,1.0689082145690918,0.0,0.0,0.0,1.0,1.0,22.93514952348307,30.70420638988485,153.52103194942381,0.34664377015355047,0.38563768780390417,1.1122125935752396,0.005270920719212266,0.0,0.0010218868400803847,0.00028952499165741,0.0,0.0,0.0,0.0,0.0,0.0,3
IEEE33,gcn,TP1,9,32928,682.0168589268006,-942.2759995112816,-4711.379997556408,14.159819498395208,9.017370819020165,5.223235996084507,0.39887377143734026,0.7622987230618795,0.951528787612915,1.001676082611084,1.6137213309605916,0.0,0.0,0.0,1.0,1.0,16.558835731668893,22.252996050030482,111.26498025015256,0.27376908585682735,0.3491645469740975,0.929523241986847,0.004193984191362208,0.027125535968613453,0.0007006754850148723,0.0001012586609536663,0.07859641020861731,0.0,0.0,0.0,0.0,0.0,3
IEEE33,gcn,TP1,10,33024,820.7442953787036,-1122.7123643765847,-5613.561821882923,15.275944620758453,5.062423339051936,5.1705627134430125,0.4204273695747058,0.7571004231770834,0.9527839620908102,1.0016776323318481,1.6244614124298096,0.0,0.0,0.0,1.0,1.0,34.638004314936005,46.33594903827306,231.67974519136519,0.5479661470686631,0.5996027620818787,1.542131186308457,0.007403732120573199,0.025678894778232923,0.0014744672353383197,0.00022813465802935134,0.06683957896476701,0.0,0.0,0.0,0.0,0.0,3
IEEE33,gcn,TP1,11,33120,881.0359087691808,-1204.8680970827738,-6024.340485413869,17.51172351889657,0.0,3.705462414056729,0.4767903985662592,0.6830736796061198,0.9572259187698364,1.000184694925944,1.493621587753296,0.0,0.0,0.0,1.0,1.0,6.1055312464047224,7.739106759746217,38.6955337987309,0.09520204188724164,0.0,1.9479932575078975,0.0015967310004512368,0.03923203773333479,0.0010185341057250014,0.00031990099563521324,0.07592219771496847,0.0,0.0,0.0,0.0,0.0,3
IEEE33,gcn,TP1,12,33216,563.643600276404,-782.1803707594672,-3910.9018537973366,12.71823606983009,9.268346101481256,5.299081463818289,0.3476503472775221,0.6645004550615946,0.9588206807772318,1.0017998615900676,1.462328592936198,0.0,0.0,0.0,1.0,1.0,17.842599040383213,24.0328048209823,120.16402410491175,0.3662365908212245,0.40085592799559083,1.0669078262372604,0.004884676297586662,0.041803097040097874,0.0012731166436690847,0.00024275362257766456,0.08126676856845257,0.0,0.0,0.0,0.0,0.0,3
IEEE33,gcn,TP1,13,33312,779.2673569834841,-1077.8761046664167,-5389.3805233320845,20.22400190430746,0.14150771816220756,4.638868941994815,0.5188772707349725,0.7164715727170309,0.9549303452173868,1.0010430415471394,1.504730184872945,0.0,0.0,0.0,1.0,1.0,18.611070439761118,24.119083512113413,120.59541756056657,0.10092079533288736,0.08009405967063138,2.30151294899699,0.0010265774301799289,0.016105637996065215,0.0008145801069515334,0.0004142733666887496,0.039091736813451655,0.0,0.0,0.0,0.0,0.0,3
IEEE33,gcn,TP1,14,33408,369.45021335132645,-522.7194540111192,-2613.5972700555963,10.287012105085552,13.435557962818208,5.216423230393311,0.26984932666851413,0.5514824589093527,0.9652917981147766,1.002033789952596,1.125849962234497,0.0,0.0,0.0,1.0,1.0,15.859040291504183,21.48696311629188,107.43481558145936,0.37509134714702663,0.4036075528918366,1.0558159759101475,0.004898598358223634,0.03041882261927394,0.0023213307805944254,0.00015397652245126894,0.021639582337878726,0.0,0.0,0.0,0.0,0.0,3
IEEE33,gcn,TP1,15,33504,335.6581804231775,-469.1952245188877,-2345.9761225944385,9.272032023394468,2.0454631271018595,4.934424723973579,0.25266273733642364,0.4883616367975871,0.9690951903661092,1.0034537712732952,1.0048946142196655,0.0,0.0,0.0,1.0,1.0,27.233015011232908,36.50789657323055,182.53948286615253,0.5533280715811413,0.37740591050897937,1.4316801871962488,0.007038648805182907,0.014127700312987043,0.0019452767344826157,0.0010934187075146901,0.0,0.0,0.0,0.0,0.0,0.0,3
IEEE33,gcn,TP1,16,33600,566.4650758278099,-789.8055668552716,-3949.027834276358,15.121779294454809,3.5044597332466836,5.419188866915788,0.40954210236668587,0.7167677084604899,0.9554957548777262,1.001758615175883,1.509201169013977,0.0,0.0,0.0,1.0,1.0,31.39085575795975,41.66864209111429,208.34321045557192,0.5210852967837247,0.4943557756029601,1.8312094652444797,0.005664691568171885,0.011461204585786549,0.0011892938092493911,0.000492274675799609,0.029537294609038436,0.0,0.0,0.0,0.0,0.0,3
IEEE33,gcn,TP1,17,33696,721.2514274877275,-997.4562552149097,-4987.281276074548,17.201542513511043,4.286304544281696,5.420120731001238,0.45691931785808665,0.7348343928654989,0.9538903832435608,1.0013454755147297,1.5521481831868489,0.0,0.0,0.0,1.0,1.0,22.774061774957037,30.256172385337084,151.2808619266866,0.26596563010853885,0.34518491074610114,1.852044708819196,0.0031991679107478818,0.02543031861800309,0.001256125953988007,0.0004490083577146942,0.03769869517011067,0.0,0.0,0.0,0.0,0.0,3
IEEE33,gcn,TP1,18,33792,886.3844413527207,-1220.5544297893841,-6102.772148946921,21.874077540706654,0.0,3.685252258067045,0.54676797054708,0.7046336531639099,0.9564494490623474,1.0,1.4838193257649739,0.0,0.0,0.0,1.0,1.0,3.8266015170969867,4.74636450607709,23.73182253038504,0.10063244491304536,0.0,1.9350218533651713,0.0017616293701962018,0.021753366240089635,0.001124318518270511,0.0,0.04675962938194104,0.0,0.0,0.0,0.0,0.0,3
IEEE33,gcn,TP1,19,33888,457.795756810181,-649.477977593243,-3247.3898879662156,14.098717146527887,10.242640598514715,5.483171880247835,0.38201348690523035,0.720360517501831,0.9551892876625061,1.001900553703308,1.53101380666097,0.0,0.0,0.0,1.0,1.0,15.116762937221583,20.439519196091457,102.19759598045707,0.39756633171019984,0.3964726241732876,1.1078521176681462,0.005250501353827009,0.014355581876088803,0.0009978727960154453,0.00023632203622897714,0.033537187651937216,0.0,0.0,0.0,0.0,0.0,3
IEEE33,gcn,TP1,20,33984,431.9563541051339,-616.0387511347731,-3080.1937556738653,14.32232999920816,9.089972493089386,5.347952361830593,0.3891904472062984,0.7332893013954163,0.9541816910107931,1.001827557881673,1.5820549726486206,0.0,0.0,0.0,1.0,1.0,13.263816726991124,18.139934784279127,90.69967392139552,0.4111596301480866,0.416639552663653,1.0710526926461275,0.005465356677714503,0.010893709351900989,0.0009543808192688599,0.00020722615219638613,0.005310965087981688,0.0,0.0,0.0,0.0,0.0,3
IEEE33,gcn,TP1,21,34080,301.73543725898634,-433.9633018445224,-2169.816509222612,10.665122211897733,11.760840162761944,5.44335720742665,0.27281666567756063,0.5897307594617208,0.9632030526796976,1.002073844273885,1.2631031274795532,0.0,0.0,0.0,1.0,1.0,9.990047003759594,13.5090427950434,67.54521397521683,0.2013475665574589,0.2418373562293558,1.0374793614432116,0.002871604651736659,0.06707850312360324,0.0031781480600009755,0.0002919277621997838,0.12770216533041706,0.0,0.0,0.0,0.0,0.0,3
IEEE33,gcn,TP1,22,34176,238.6056050909758,-346.9751236288498,-1734.8756181442488,8.531789390236183,14.10222629767182,5.3468558483810265,0.22106712373594442,0.5389060378074646,0.966501255830129,1.0037115414937336,1.1068593263626099,0.0,0.0,0.0,1.0,1.0,10.777072993976903,14.539233782066093,72.69616891033027,0.20510658186372524,0.22797143635303488,0.8829351096278494,0.003835332818187183,0.03238887302970586,0.0008661997180395201,0.0007777356238899818,0.07394890734814992,0.0,0.0,0.0,0.0,0.0,3
IEEE33,gcn,TP1,23,34272,617.9498831644439,-865.3035321995616,-4326.517660997808,18.239872845379004,0.027165833657967833,4.572119546380471,0.49614476495318943,0.7223032911618551,0.9542766213417053,1.0008950630823772,1.5451239347457886,0.0,0.0,0.0,1.0,1.0,3.0063507429181215,3.638970285565348,18.19485142782686,0.19457654855081144,0.04705260412556497,2.253965032650866,0.002710830131249666,0.015230372127732957,0.00039142077509379076,0.00013411497179107674,0.03603480220153559,0.0,0.0,0.0,0.0,0.0,3
IEEE33,gcn,TP1,24,34368,700.8537364666381,-975.5652666985989,-4877.826333492994,19.96060768524793,0.09357386599538431,4.119344415203247,0.5160063879771365,0.71770046154658,0.9553854862848917,1.0010379155476887,1.5526234308878581,0.0,0.0,0.0,1.0,1.0,5.34339736644177,6.659475447545675,33.29737723772809,0.07951159681552425,0.04901572610544706,2.0104557109344356,0.0023632172930581462,0.023210630026486004,0.0010686984195943845,0.00045185451061114447,0.027227375694802866,0.0,0.0,0.0,0.0,0.0,3
IEEE33,gcn,TP1,25,34464,895.5138106179162,-1233.5956713676453,-6167.978356838226,22.976032797242922,0.0,3.5144318320592816,0.556174058881071,0.7022358973821005,0.957151452700297,1.0,1.506660262743632,0.0,0.0,0.0,1.0,1.0,4.795017615139102,6.10608947654664,30.530447382732554,0.08006231729694896,0.0,1.4748166213160523,0.001462079616919892,0.03087828871052215,0.0012472271867028167,0.0,0.0657288189445034,0.0,0.0,0.0,0.0,0.0,3
IEEE33,gcn,TP1,26,34560,519.3057020335831,-727.3841592659552,-3636.9207963297763,13.654826238842114,9.627460036803841,5.4857739842103,0.3686542376461956,0.7111297448476156,0.9561475316683451,1.0019445419311523,1.523914893468221,0.0,0.0,0.0,1.0,1.0,19.67164590962855,26.430566148018755,132.15283074009386,0.40327105282088777,0.42370407377003055,1.16061946112207,0.0053841850104954965,0.013427878971355564,0.0011979307435955634,0.0002011764399861405,0.0339974998089043,0.0,0.0,0.0,0.0,0.0,3
IEEE33,gcn,TP1,27,34656,413.8178582424735,-592.5689174205064,-2962.8445871025324,14.18919954906798,9.817376152990354,5.394494805788877,0.3862967555307679,0.7165127396583557,0.9550072153409322,1.0016223589579265,1.5364354054133098,0.0,0.0,0.0,1.0,1.0,13.486486146980043,18.386876927590805,91.93438463795404,0.3925484561186566,0.41380351498968315,1.115922337890476,0.005452438618648773,0.02252998524237198,0.00041829850198721227,0.00010868751846893835,0.05802481016570308,0.0,0.0,0.0,0.0,0.0,3
IEEE33,gcn,TP1,28,34752,350.44894153523734,-502.6183806404471,-2513.0919032022357,14.295882650643435,0.0,3.4388940904441196,0.3767417903161711,0.6003845532735189,0.9625121355056763,1.0009312232335408,1.2651718854904175,0.0,0.0,0.0,1.0,1.0,3.266507292836151,4.229493381037642,21.147466905188203,0.06276808079413056,0.0,1.3815745290154475,0.0015858958477637272,0.06644728432198306,0.0034457591588654885,0.0005623070260720919,0.14384013643712312,0.0,0.0,0.0,0.0,0.0,3
IEEE33,gcn,TP1,29,34848,379.2630946083286,-538.0439945141475,-2690.2199725707374,14.111357407295493,0.0,3.0644494109704383,0.3604735994918478,0.5675929188728333,0.965100884437561,1.0,1.1643640597661336,0.0,0.0,0.0,1.0,1.0,4.317518322556224,5.513393339620431,27.566966698101975,0.0492043134587692,0.0,0.9018872901812004,0.0009636173175235372,0.009057258789180926,0.00041804724999033,0.0,0.059823027907730295,0.0,0.0,0.0,0.0,0.0,3
IEEE33,gcn,TP1,30,34944,493.1267079991944,-699.0026834761103,-3495.0134173805513,16.613922567125798,2.5724168846071516,5.191936876427554,0.45079037257366705,0.7638278007507324,0.9512332280476888,1.0014103651046753,1.6142886479695637,0.0,0.0,0.0,1.0,1.0,18.885779499143624,25.405442271513234,127.02721135756683,0.554908689169633,0.4540773864721944,1.902888064869128,0.0058930968577612245,0.016537862678374118,0.0005857024399451953,0.0003141447521419527,0.04658914261052337,0.0,0.0,0.0,0.0,0.0,3
IEEE33,gcn,TP2,0,32064,347.75228814380154,-483.1431108998756,-2415.715554499378,9.335776100737723,12.682661810983793,5.319395757387558,0.18249407783150665,0.3688748876253764,0.9763147830963135,1.0059277216593425,1.0458176533381145,0.0,0.0,0.0,1.0,1.0,18.827883049479468,25.595942056070914,127.97971028035474,0.4857216689571454,0.4887092630506972,1.0871489793840052,0.006428031323575112,0.014665789187050719,0.0031183770294632963,0.0015400716784440582,0.015349583285484567,0.0,0.0,0.0,0.0,0.0,3
IEEE33,gcn,TP2,1,32160,280.0047279409362,-392.30272270888094,-1961.5136135444045,7.736105552312746,13.67722360434301,5.234983511229189,0.1551454038255744,0.33337507645289105,0.9778009057044983,1.0061417818069458,0.9582035541534424,0.0,0.0,0.0,1.0,1.0,17.08710334928857,23.22800578824327,116.1400289412165,0.4621041176010865,0.4829542387711597,1.0276772861334085,0.005705771778199842,0.00754671282129275,0.002098008186305519,0.0007833023533384843,0.0,0.0,0.0,0.0,0.0,0.0,3
IEEE33,gcn,TP2,2,32256,507.21008178134633,-699.7388875568907,-3498.6944377844534,13.927557571436429,7.471989739402538,5.666664964698583,0.28452473961644703,0.4949321349461873,0.9672203063964844,1.0015709400177002,1.4344767332077026,0.0,0.0,0.0,1.0,1.0,12.631322242444933,16.775096276646906,83.87548138323527,0.19895188775957284,0.23727193711826983,1.175088007052817,0.0017058335662510304,0.012014601938748079,0.000993823240192798,0.00037893674362370056,0.0972254074233887,0.0,0.0,0.0,0.0,0.0,3
IEEE33,gcn,TP2,3,32352,571.6655373382933,-784.5151728960376,-3922.5758644801876,13.507749376158875,9.468993987268584,5.643941630307139,0.2818555569069253,0.5201657811800638,0.9639886418978373,1.0018467505772908,1.5199487606684368,0.0,0.0,0.0,1.0,1.0,18.728234606005163,25.086980882669746,125.434904413349,0.33116459578144847,0.4096508346496414,1.1694481912275845,0.0038474388710855105,0.023344691503475314,0.0011108866361162425,0.0005380581549590379,0.08180921561756384,0.0,0.0,0.0,0.0,0.0,3
IEEE33,gcn,TP2,4,32448,776.9586289050754,-1052.726784836004,-5263.633924180021,16.840204619538593,0.5818054057020302,4.197062380150698,0.3387874886393547,0.5187186797459921,0.9646966457366943,1.0017269055048625,1.4959259430567424,0.0,0.0,0.0,1.0,1.0,14.508581296360035,18.85376187369467,94.26880936847336,0.13741983576889427,0.12791563004557513,2.008097001814555,0.002251398966731046,0.019140641496776526,0.0004885123633919541,0.00035544958590609196,0.09295058441782068,0.0,0.0,0.0,0.0,0.0,3
IEEE33,gcn,TP2,5,32544,1369.7206637350635,-1834.9460283279416,-9174.73014163971,24.61743319618445,0.0,2.5481505788084085,0.4350922279473808,0.5304791927337646,0.9656871954600016,1.0,1.56084410349528,0.0,0.0,0.0,1.0,1.0,3.381289026245889,4.326444295364604,21.632221476820572,0.06853142746660253,0.0,1.1936172708692123,0.000559519613551977,0.024538359957702177,7.90139398812634e-05,0.0,0.09925745443846432,0.0,0.0,0.0,0.0,0.0,3
IEEE33,gcn,TP2,6,32640,1223.892830868439,-1645.2292642593384,-8226.146321296692,24.368266837055263,0.0,2.672355305321407,0.43396124492088956,0.5275241533915201,0.9651978015899658,1.0,1.537936011950175,0.0,0.0,0.0,1.0,1.0,1.3455833907621946,1.822767832718909,9.113839163594468,0.06881256124469548,0.0,1.2376197087558822,0.0006521732070367797,0.024844256013106192,0.00023406170261715538,0.0,0.10066973432079822,0.0,0.0,0.0,0.0,0.0,3
IEEE33,gcn,TP2,7,32736,689.7134486611253,-932.1885036855937,-4660.942518427968,14.302275119975432,0.0,3.4486302378496165,0.28482629193200004,0.39283982912699383,0.9734192291895548,1.0009969472885132,1.0804794629414876,0.0,0.0,0.0,1.0,1.0,8.815854332742143,11.356291146787951,56.78145573394029,0.014564395839393252,0.0,1.5995365133639112,0.0011176129322350756,0.004784120600911162,0.001100332852660335,0.0005836970353666443,0.0380242341902347,0.0,0.0,0.0,0.0,0.0,3
IEEE33,gcn,TP2,8,32832,416.96936500158364,-573.2477978141357,-2866.2389890706786,9.320824190225961,10.626939344008273,5.33556306825447,0.19429295696318147,0.3734712600708008,0.9740089774131775,1.002099911371867,1.0641051530838013,0.0,0.0,0.0,1.0,1.0,22.52571062293659,30.018901341584233,150.09450670792077,0.33492287939305815,0.3797952370025477,1.1372049376724809,0.00401729500130318,0.0,0.001424171977663867,0.00045253112397239745,0.0,0.0,0.0,0.0,0.0,0.0,3
IEEE33,gcn,TP2,9,32928,676.7058845263105,-922.8761371349295,-4614.380685674648,14.045259019024243,8.98632659792971,5.245770839663728,0.29889342375099653,0.558794379234314,0.9611618916193644,1.0016891558965046,1.6030813058217366,0.0,0.0,0.0,1.0,1.0,17.91691670907208,23.979916961672753,119.89958480836339,0.3004189100551385,0.3768880813468658,0.907922491064805,0.0036900901119971893,0.020898797673393508,0.0005614060599022031,0.00042430091833474897,0.07699955436725042,0.0,0.0,0.0,0.0,0.0,3
IEEE33,gcn,TP2,10,33024,814.7303633491196,-1101.837833409508,-5509.189167047541,15.15998809805635,5.04579156332371,5.156539082815223,0.3158262140221066,0.5568256378173828,0.962043285369873,1.0026298364003499,1.6121173699696858,0.0,0.0,0.0,1.0,1.0,35.163215068784446,46.876580951198235,234.38290475599138,0.5589012010026547,0.6149100328936143,1.5310115588736448,0.006175983050030742,0.017781916328339205,0.0002300723228991823,0.0008459533029973351,0.06588448665294466,0.0,0.0,0.0,0.0,0.0,3
IEEE33,gcn,TP2,11,33120,875.971984581521,-1183.0182464927436,-5915.0912324637175,17.405365510778655,0.0,3.6608554996883185,0.3544525421328015,0.5025057792663574,0.9658786257108053,1.0008506774902344,1.4831685622533162,0.0,0.0,0.0,1.0,1.0,6.143909358589999,7.831454467889532,39.15727233944802,0.10826686341099286,0.0,1.8798299691792908,0.001229814180175905,0.025175194500229613,0.0003991896047095376,0.0006685202114707421,0.07206746244416475,0.0,0.0,0.0,0.0,0.0,3
IEEE33,gcn,TP2,12,33216,559.7092103978865,-766.0743618505697,-3830.3718092528484,12.62789283614267,9.259013241475126,5.276346237578722,0.2596005164086818,0.48801841338475543,0.9675174752871195,1.0017824172973633,1.4526306788126628,0.0,0.0,0.0,1.0,1.0,18.537405080597036,24.821708729673706,124.10854364836854,0.38106955382374713,0.40932628947915245,1.032226809992806,0.0038997433753750806,0.028514031372522314,0.00022417444249665878,0.0005440948481814542,0.07968872960144684,0.0,0.0,0.0,0.0,0.0,3
IEEE33,gcn,TP2,13,33312,775.1610020577755,-1055.9982314576705,-5279.991157288353,20.115635518587364,0.15209649979363626,4.650931386153726,0.3862122752600246,0.5194044709205627,0.9647408127784729,1.001276969909668,1.476792295773824,0.0,0.0,0.0,1.0,1.0,17.72214967301851,23.01053433616632,115.05267168083174,0.10125385099635054,0.06944186843851538,2.278246537355902,0.0007731919245721715,0.009271097623481968,0.00041231074764261144,0.0003070427969173934,0.06149936860829487,0.0,0.0,0.0,0.0,0.0,3
IEEE33,gcn,TP2,14,33408,367.71255243632527,-512.2411032583565,-2561.2055162917823,10.237337989642576,13.434514091508921,5.213126546824983,0.20392664935853744,0.4059567054112752,0.9722631176312765,1.00340469678243,1.1203233003616333,0.0,0.0,0.0,1.0,1.0,15.915929714130442,21.469526875803123,107.34763437901582,0.3732433500059185,0.40036182285379224,1.0524015809320024,0.004172899724079853,0.02164494098208697,0.0024629705636080358,0.0011339291474374974,0.0131958694007638,0.0,0.0,0.0,0.0,0.0,3
IEEE33,gcn,TP2,15,33504,334.9916880714705,-460.50834274248535,-2302.5417137124264,9.253314619754248,2.0625686625039443,4.947633590892804,0.18988889083266258,0.36278098821640015,0.9744919737180074,1.0032524665196736,1.00059175491333,0.0,0.0,0.0,1.0,1.0,26.92862540562017,35.71991689706591,178.59958448532942,0.5418454520907285,0.3632582585562147,1.3361134172746227,0.004022948671953395,0.014452602950292883,0.0022734879388626793,0.0012229287052896829,0.0,0.0,0.0,0.0,0.0,0.0,3
IEEE33,gcn,TP2,16,33600,563.5094024058684,-773.0416543935736,-3865.208271967868,15.039754876229082,3.5074474533208004,5.400534068295857,0.306000843230221,0.5166808764139811,0.9645267327626547,1.0025235811869304,1.5000787576039631,0.0,0.0,0.0,1.0,1.0,31.098588600338232,41.16515709622986,205.8257854811496,0.5133520157596828,0.48836733126458903,1.7977078623044,0.004344966578076972,0.009555070082965562,0.001087684047512691,0.0001896161311310806,0.05741249534244363,0.0,0.0,0.0,0.0,0.0,3
IEEE33,gcn,TP2,17,33696,717.4409201823759,-978.2604092662532,-4891.302046331267,17.103545241854835,4.2918359788456,5.400738064901382,0.3427556115720007,0.5277143915494283,0.9634368419647217,1.002312183380127,1.5285684665044148,0.0,0.0,0.0,1.0,1.0,22.04513245061784,29.211893192860657,146.05946596430343,0.2533124819457548,0.339706926002835,1.85129363901314,0.0025041512814579846,0.014298629963103925,0.0011428000827738408,7.621008018696121e-05,0.04379889345946434,0.0,0.0,0.0,0.0,0.0,3
IEEE33,gcn,TP2,18,33792,881.9500277862211,-1197.0733782172201,-5985.3668910861015,21.747314746088474,0.0,3.764702989540776,0.4048072366664807,0.5124422510464987,0.9659732580184937,1.0,1.481007695198059,0.0,0.0,0.0,1.0,1.0,3.2491284897691686,4.059320598479582,20.296602992396473,0.10508041709482221,0.0,1.9845201828707133,0.001289359753622281,0.011448923279189905,0.0007083958820982506,0.0,0.062454636022247455,0.0,0.0,0.0,0.0,0.0,3
IEEE33,gcn,TP2,19,33888,455.22896763717154,-634.1182853872577,-3170.591426936289,14.01810154310732,10.243355662439557,5.4910432478807385,0.2856584512111214,0.5189595023790995,0.9656871358553568,1.0017761786778767,1.5127971172332764,0.0,0.0,0.0,1.0,1.0,15.320032380429426,20.59405429050693,102.97027145253422,0.3930106253817675,0.3989265280843674,1.1004028665192505,0.004111563559169482,0.011296213106155606,0.0003699959000576054,0.0005300795224525367,0.04660215236363696,0.0,0.0,0.0,0.0,0.0,3
IEEE33,gcn,TP2,20,33984,429.5569004937326,-600.7235853567719,-3003.6179267838597,14.240314134456987,9.089544367126697,5.361157221133687,0.29145924829774433,0.5386198163032532,0.963744580745697,1.0018543004989624,1.5571759541829426,0.0,0.0,0.0,1.0,1.0,13.335001636555825,18.100635927092117,90.50317963546075,0.4089858178386733,0.4195001211533043,1.0668852037457364,0.004324368794984989,0.005887101268625418,0.0010845403624705854,0.0005413187780307898,0.021862707471822816,0.0,0.0,0.0,0.0,0.0,3
IEEE33,gcn,TP2,21,34080,300.7411433847307,-424.38231963266935,-2121.9115981633463,10.62466387770427,11.772712494962406,5.378044836074371,0.20626934555669618,0.4363881746927896,0.9703565835952759,1.0032388766606648,1.253216822942098,0.0,0.0,0.0,1.0,1.0,9.691402173240142,13.080018522900719,65.4000926145034,0.191407942144979,0.23165328820514722,0.9396488117497656,0.0026372638765304423,0.03500499341223282,0.00033547306634549483,0.0006880142880533082,0.12542295704816872,0.0,0.0,0.0,0.0,0.0,3
IEEE33,gcn,TP2,22,34176,238.0173244037002,-339.74548237596946,-1698.7274118798475,8.50652618414181,14.11531904039076,5.2908406934047765,0.16913353920810748,0.3894285360972087,0.9742575089136759,1.0049625237782795,1.0979831218719482,0.0,0.0,0.0,1.0,1.0,10.558663731883765,14.13926495619966,70.69632478099815,0.20001129694263564,0.22078881506877207,0.8003420279567393,0.003475299846369073,0.01636555150436709,0.0005645129736624589,0.000536824465184916,0.06447488437185046,0.0,0.0,0.0,0.0,0.0,3
IEEE33,gcn,TP2,23,34272,613.5786106434596,-843.7620885819197,-4218.810442909598,18.10498264251567,0.02329843250111473,4.598686930080493,0.36912197185059387,0.5250059366226196,0.964683989683787,1.0016801754633586,1.5237011512120564,0.0,0.0,0.0,1.0,1.0,3.525160995319303,4.378915559156528,21.89457779578265,0.15897766506965846,0.04035406882864475,2.238056900198425,0.0018397340910104264,0.015463092601103545,0.0012656824308570952,0.0008666006796571029,0.05413846757464273,0.0,0.0,0.0,0.0,0.0,3
IEEE33,gcn,TP2,24,34368,696.7039179978925,-953.5791533907254,-4767.895766953628,19.842420757872368,0.09429846590510789,4.162058711752289,0.3830376542690727,0.5283495585123698,0.9650564591089884,1.0014426310857136,1.5423991680145264,0.0,0.0,0.0,1.0,1.0,5.118700720717211,6.449919308994829,32.249596544974665,0.0845505423373228,0.050240779739449494,2.021061120639686,0.001674070125141282,0.0110010233568444,0.0008958279136367042,0.00046286362649971836,0.027563871159761454,0.0,0.0,0.0,0.0,0.0,3
IEEE33,gcn,TP2,25,34464,889.9939380200348,-1208.213662099838,-6041.068310499191,22.83481585271957,0.0,3.486546654230315,0.4102933319906394,0.5051273902257284,0.9666779438654581,1.0,1.5004037221272786,0.0,0.0,0.0,1.0,1.0,4.26043295569478,5.44247220264937,27.212361013246614,0.07877428032544995,0.0,1.4652573745480095,0.0009898145890295006,0.02536405065178876,0.000998919006404782,0.0,0.05910250919007067,0.0,0.0,0.0,0.0,0.0,3
IEEE33,gcn,TP2,26,34560,516.2258807419196,-711.7370108254254,-3558.685054127127,13.571144087516565,9.617154842306638,5.492083563923146,0.27540089562535286,0.5133816202481588,0.9654861489931742,1.00188151995341,1.5142578681310017,0.0,0.0,0.0,1.0,1.0,19.35810821885302,25.854983985949254,129.27491992974603,0.37409499234149357,0.4012932130989493,1.169713822190012,0.003960345588652614,0.012755759647613487,0.0013637287961001494,0.000568889665987307,0.07629458153190563,0.0,0.0,0.0,0.0,0.0,3
IEEE33,gcn,TP2,27,34656,410.46311538711603,-576.0856807378431,-2880.4284036892154,14.069646236177052,9.788309510473669,5.429582754582493,0.28927567042410374,0.5201897621154785,0.9652256766955057,1.001632293065389,1.527589201927185,0.0,0.0,0.0,1.0,1.0,13.989036129702226,18.927481547218335,94.63740773609156,0.3947480065351878,0.4210631377713776,1.078442658920887,0.00433452058689202,0.019917248937084856,0.000582337447580882,0.00035839476084330334,0.05477040188869631,0.0,0.0,0.0,0.0,0.0,3
IEEE33,gcn,TP2,28,34752,348.61176421605774,-488.248368606468,-2441.24184303234,14.209395807051441,0.0,3.409258072531142,0.28074234868917197,0.4599430759747823,0.9694753487904867,1.0010661284128826,1.3041062355041504,0.0,0.0,0.0,1.0,1.0,4.116520120431127,5.342988145527337,26.714940727636705,0.03521163650437091,0.0,1.2708958054836803,0.0011003291749782183,0.011401693236118777,0.00040116079053257724,0.0006345079063222733,0.05812934933030757,0.0,0.0,0.0,0.0,0.0,3
IEEE33,gcn,TP2,29,34848,377.86014700758807,-524.5886341134707,-2622.9431705673537,14.051171077348608,0.0,3.0544416252989355,0.2672729835742049,0.4105672041575114,0.9730929931004842,1.000083367029826,1.1577068169911702,0.0,0.0,0.0,1.0,1.0,4.177416398049613,5.358808121311035,26.794040606555217,0.04760521525247751,0.0,0.8760814756345201,0.0006442245990277916,0.004081315894940182,0.0001836905041892409,0.0001443959313344438,0.055042870238002084,0.0,0.0,0.0,0.0,0.0,3
IEEE33,gcn,TP2,30,34944,489.7904554293577,-680.5929779166977,-3402.9648895834885,16.505826389964895,2.565176978004344,5.235065041292885,0.3380614345272382,0.5579850673675537,0.9607540766398112,1.002656102180481,1.5988059043884277,0.0,0.0,0.0,1.0,1.0,18.895052505562163,25.28506557373729,126.42532786868621,0.554044201018138,0.45885547994336456,1.9392850032647289,0.005095524682503913,0.012138474194938737,0.0013649382345472538,0.0006803445853978833,0.052739377068916904,0.0,0.0,0.0,0.0,0.0,3
IEEE33,gcn,TP3,0,32064,353.73786141880663,-497.01305692096554,-2485.0652846048274,9.504935845412742,12.832017351577475,5.23890357607537,0.23047781466609896,0.47848695516586304,0.9732653697331747,1.002637465794881,1.0671806732813518,0.0,0.0,0.0,1.0,1.0,16.72900472273112,22.84255452788129,114.21277263940652,0.4353379411637005,0.4361219004960954,0.9580140135252379,0.006534778292632982,0.03843327358013305,0.0027982655938565814,0.000954123512912699,0.06014412495103533,0.0,0.0,0.0,0.0,0.0,3
IEEE33,gcn,TP3,1,32160,285.6516939791225,-404.6093733963867,-2023.0468669819336,7.891059739057117,13.809234160443628,5.090463570901029,0.19432130725019506,0.43702296415964753,0.9753429094950358,1.002657691637675,0.9723702271779379,0.0,0.0,0.0,1.0,1.0,15.858339295426678,21.9169049784385,109.58452489219246,0.4246034653125044,0.4398419716606651,0.8268104534895994,0.008427911292383876,0.023873378065322592,0.0018195057381906043,0.0003434682232687337,0.019093436834579293,0.0,0.0,0.0,0.0,0.0,3
IEEE33,gcn,TP3,2,32256,513.4693650264359,-717.5195890923342,-3587.5979454616704,14.144250701628485,7.621881062796489,5.588224548559727,0.3609379343688488,0.6152200301488241,0.9643749992052714,1.0009909470876057,1.4119148254394531,0.0,0.0,0.0,1.0,1.0,11.775514847977124,15.577559290392522,77.88779645196301,0.12168798632623201,0.19149063251498616,1.2632880289062898,0.0012383226050203943,0.02557124879365739,0.0019250653095441708,0.00012647180526416407,0.07521888292298196,0.0,0.0,0.0,0.0,0.0,3
IEEE33,gcn,TP3,3,32352,578.8537337349504,-803.2560498292247,-4016.280249146124,13.693212845920746,9.604759228701944,5.371763232671956,0.35641555736462266,0.6739315589269003,0.961053212483724,1.0017252763112385,1.5273536046346028,0.0,0.0,0.0,1.0,1.0,15.17255622774821,20.339998156620357,101.69999078310197,0.25593538462793786,0.3204673779417212,0.9371891781933483,0.003498683377098876,0.027683612977608473,0.0008329903424026769,6.372874804761658e-05,0.08720287834860521,0.0,0.0,0.0,0.0,0.0,3
IEEE33,gcn,TP3,4,32448,781.1914785708117,-1069.1921399384737,-5345.9606996923685,16.957890990283676,0.5799275152547053,4.260830242250299,0.42666186350915164,0.6502688129742941,0.9624361594518026,1.0012608766555786,1.4736319382985432,0.0,0.0,0.0,1.0,1.0,13.077284583499093,16.896552812224098,84.4827640611211,0.08106877566045587,0.12528973426793263,2.07936028395622,0.002861558499493306,0.009629896260315227,0.0012686810784831703,7.991211418943338e-05,0.06727595666778685,0.0,0.0,0.0,0.0,0.0,3
IEEE33,gcn,TP3,5,32544,1376.6181319353138,-1858.7971314112344,-9293.985657056173,24.740253903780545,0.0,2.5817259596927826,0.5543641255547603,0.6734205881754557,0.96203084786733,1.0,1.5499811967213948,0.0,0.0,0.0,1.0,1.0,2.913993819405504,3.6693901446065422,18.346950723032162,0.07231512575845647,0.0,1.226760042689649,0.0009520627427451575,0.04476351865281539,0.0016523946443970173,0.0,0.10385045270322499,0.0,0.0,0.0,0.0,0.0,3
IEEE33,gcn,TP3,6,32640,1229.6099818442651,-1667.3866779327393,-8336.933389663696,24.485398638881957,0.0,2.6510353058621194,0.5519583773695761,0.678584078947703,0.9616837104161581,1.0,1.548428972562154,0.0,0.0,0.0,1.0,1.0,1.3496470321875864,1.8578098339508387,9.289049169753504,0.07183371196004994,0.0,1.2558865483717416,0.000942374104756448,0.040003351084671325,0.001322939365929017,0.0,0.10068626980609277,0.0,0.0,0.0,0.0,0.0,3
IEEE33,gcn,TP3,7,32736,691.5925258051607,-943.7827525794505,-4718.913762897253,14.362712251455958,0.0,3.508154709104281,0.35815576981339187,0.5100336074829102,0.9716591835021973,1.000781814257304,1.1135584513346355,0.0,0.0,0.0,1.0,1.0,9.38245081072865,12.03727472780277,60.186373639013965,0.014344782422065855,0.0,1.6814788194295842,0.0015309387693832697,0.03115842368752268,0.0026495916458026364,0.0001502352226078724,0.055219249140707694,0.0,0.0,0.0,0.0,0.0,3
IEEE33,gcn,TP3,8,32832,422.0303640703407,-585.8776864154885,-2929.3884320774428,9.45893428048432,10.696643385355081,5.369336144850564,0.24243689411216307,0.4882052540779114,0.9721268614133199,1.001729687054952,1.067562699317932,0.0,0.0,0.0,1.0,1.0,19.71779212640679,26.347116642568544,131.7355832128428,0.27572951780145194,0.35512295326298654,1.112111286645938,0.0043741899501557055,0.012854260559760687,0.0011200713351840368,0.00027632019893043347,0.0,0.0,0.0,0.0,0.0,0.0,3
IEEE33,gcn,TP3,9,32928,684.2552225864301,-942.3259229272604,-4711.629614636302,14.214104619687413,9.0723981256371,5.084493060153822,0.3756736587319109,0.715264896551768,0.9591038425763448,1.0016817649205525,1.6275569597880046,0.0,0.0,0.0,1.0,1.0,15.0982839810245,20.26684198238905,101.33420991194455,0.25900649170189405,0.3238737165583892,0.8236917666347386,0.003659238703018541,0.02637803013415012,0.0010787123300887574,0.00011088189978546589,0.06789825903288783,0.0,0.0,0.0,0.0,0.0,3
IEEE33,gcn,TP3,10,33024,821.2430918743439,-1120.1763611197473,-5600.881805598736,15.287499544210512,5.104516254672554,5.079518664655825,0.39463936537504196,0.7114919026692709,0.9595835010210673,1.0016754865646362,1.6252442200978596,0.0,0.0,0.0,1.0,1.0,33.94718074373857,45.329394508745416,226.64697254372592,0.5365114033086515,0.5776542472235345,1.4939135000652752,0.006596189642403256,0.023973650541875238,0.0011957463819024245,0.00022635304703792167,0.06681820222113942,0.0,0.0,0.0,0.0,0.0,3
IEEE33,gcn,TP3,11,33120,881.8145802730754,-1202.4372323483228,-6012.186161741614,17.508251698494437,0.0,3.5922080706442436,0.449204990433322,0.6621041893959045,0.9616846442222595,1.0002416372299194,1.4915055831273396,0.0,0.0,0.0,1.0,1.0,5.902903577033601,7.539645190863853,37.69822595431943,0.1291086288160348,0.0,1.8501918249084177,0.0014769989246442886,0.022093918505196226,0.0012976268626260436,0.0004185279592206614,0.07601013698637642,0.0,0.0,0.0,0.0,0.0,3
IEEE33,gcn,TP3,12,33216,568.2097002252176,-786.1673312157392,-3930.8366560786963,12.82894951838581,9.370475427008458,5.1715028539396535,0.3314969812830289,0.6503130992253622,0.9623354276021322,1.0017980337142944,1.4680670499801636,0.0,0.0,0.0,1.0,1.0,14.717902648114155,19.842263161070512,99.21131580535223,0.31635576564309176,0.3536609367828522,0.9142935493026617,0.004113609438036668,0.022615837183055043,0.0015801413719743573,0.0002418718295408294,0.07469111799810028,0.0,0.0,0.0,0.0,0.0,3
IEEE33,gcn,TP3,13,33312,778.8373387741259,-1073.504578136901,-5367.522890684505,20.255840684452806,0.17029475366852595,4.669109860808182,0.4881093615872992,0.6673109332720438,0.9616720676422119,1.0010725259780884,1.4848031202952068,0.0,0.0,0.0,1.0,1.0,17.136061764263125,22.225355216906706,111.12677608453377,0.13392256716110343,0.05900892838725786,2.3443358855723138,0.0016188964007687874,0.019647980845718106,0.0007231344080870622,0.0003447385700082793,0.06703956456911751,0.0,0.0,0.0,0.0,0.0,3
IEEE33,gcn,TP3,14,33408,372.8585026665842,-525.3706694076459,-2626.8533470382295,10.39099658147788,13.534137952426365,5.338989590985264,0.2551090355134672,0.5241576631863912,0.9705683787663778,1.0021002292633057,1.1793996095657349,0.0,0.0,0.0,1.0,1.0,11.976975367246471,16.13508600209866,80.67543001049334,0.25128010283373586,0.29525964625247797,1.111569161030893,0.0029805464330594205,0.0353090529428437,0.002518215278541138,0.00019670468365930865,0.04203099496214654,0.0,0.0,0.0,0.0,0.0,3
IEEE33,gcn,TP3,15,33504,341.6119443169984,-475.07035410910225,-2375.351770545511,9.435358659371964,2.056696059081774,5.156799013605469,0.23787653280629048,0.47250519196192425,0.9734031955401102,1.0031245549519856,1.0400216182072957,0.0,0.0,0.0,1.0,1.0,23.56069260856333,31.54771248647322,157.73856243236614,0.44204300821440096,0.3537972090167192,1.5516389806390904,0.005609701062845553,0.02432420311873824,0.0014905868410639905,0.0010457244241154802,0.04003660377165591,0.0,0.0,0.0,0.0,0.0,3
IEEE33,gcn,TP3,16,33600,567.8529359307155,-788.835461242497,-3944.177306212485,15.208033093071725,3.546417179158573,5.383932790590983,0.38719771305720013,0.6491452058156332,0.9625322421391805,1.0017248789469402,1.4730912446975708,0.0,0.0,0.0,1.0,1.0,31.10658582158679,41.08787094712898,205.4393547356447,0.43926101313294363,0.4174425426233592,1.8646563096628839,0.003920978529818356,0.01361430098303811,0.0007248989383428585,0.0003445757728985596,0.0625012962088669,0.0,0.0,0.0,0.0,0.0,3
IEEE33,gcn,TP3,17,33696,720.4494705706206,-993.1420611247421,-4965.71030562371,17.238821758106635,4.327077704213386,5.329607877114165,0.43046212175654036,0.6579853892326355,0.9618855516115824,1.001327912012736,1.4997327327728271,0.0,0.0,0.0,1.0,1.0,25.09694737486376,33.244907280787444,166.2245364039369,0.22723468446163814,0.34498117191682076,1.825941181130741,0.002952451723011786,0.005421808571978987,0.0006082017073365894,0.0004327120254074333,0.02910181872988407,0.0,0.0,0.0,0.0,0.0,3
IEEE33,gcn,TP3,18,33792,883.5969393669617,-1213.023162730535,-6065.115813652675,21.855252224892194,0.0,3.8337551309665003,0.5154525697645215,0.6538244088490804,0.9621488253275553,1.0,1.4762926896413167,0.0,0.0,0.0,1.0,1.0,5.438911755112447,6.84157578880251,34.20787894401345,0.10387910220641107,0.0,2.0192058093278513,0.0017784778422727141,0.020611388791856148,0.0024618995837182786,0.0,0.02620256179029237,0.0,0.0,0.0,0.0,0.0,3
IEEE33,gcn,TP3,19,33888,461.66463225233696,-652.2459104935328,-3261.2295524676642,14.241881792692107,10.375458524873485,5.430042014706449,0.363224241675602,0.6688126921653748,0.9614009658495585,1.0019008318583171,1.5073976914087932,0.0,0.0,0.0,1.0,1.0,10.456435471513695,13.94185154790177,69.70925773950916,0.22229669942747124,0.2310658525984399,1.0446462880660654,0.0026218477969906376,0.017053422380444022,0.00042807197043209734,0.00023229377186533698,0.06613426093073627,0.0,0.0,0.0,0.0,0.0,3
IEEE33,gcn,TP3,20,33984,435.4105068926936,-618.100486310323,-3090.5024315516152,14.450673421679141,9.194406922074364,5.3571291984312905,0.36923455922967857,0.6802913546562195,0.9606039524078369,1.0018032789230347,1.5406190156936646,0.0,0.0,0.0,1.0,1.0,9.17185083079852,12.415761779733609,62.07880889866778,0.25568252106081185,0.273565101525278,1.1028345804551003,0.0030140385156012814,0.019636225091159063,0.0003641917983779568,0.00018186223991240058,0.06382693469044037,0.0,0.0,0.0,0.0,0.0,3
IEEE33,gcn,TP3,21,34080,302.69896184909726,-433.40382839304704,-2167.019141965235,10.703944911624937,11.811170919870667,5.267912021519116,0.25807036086916924,0.5425531466801962,0.9701414505640665,1.0020725329717,1.245473861694336,0.0,0.0,0.0,1.0,1.0,8.646699763017558,11.649003763665453,58.24501881832716,0.15364914127232554,0.19759188038679193,0.9083622202883058,0.0021859742812175282,0.05541429598916653,0.0034107643591559968,0.0002913825310728343,0.09705979201629411,0.0,0.0,0.0,0.0,0.0,3
IEEE33,gcn,TP3,22,34176,239.683101922043,-346.8869474416754,-1734.4347372083769,8.571499532189767,14.147591719687794,5.222075684145816,0.20897743623289797,0.49856261412302655,0.9721417427062988,1.00310218334198,1.0683093865712483,0.0,0.0,0.0,1.0,1.0,9.539925400058443,12.794419333966946,63.972096669834556,0.16072475982348303,0.18821044596626332,0.8193495316588899,0.002224054624413313,0.019263457024263964,0.001547029905500794,0.0007799455873110869,0.01758718859921054,0.0,0.0,0.0,0.0,0.0,3
IEEE33,gcn,TP3,23,34272,617.3413380166257,-860.8023919587334,-4304.011959793667,18.23859782172778,0.027165830677735602,4.542801199963998,0.46642591804265976,0.6725983023643494,0.9610718687375387,1.0009138981501262,1.537197232246399,0.0,0.0,0.0,1.0,1.0,3.4084737287076394,4.244216603725379,21.22108301862687,0.18957309372865136,0.047052598963651326,2.320716323986943,0.002572061218708736,0.023905628250019833,0.00046672802081004403,0.00011867985779737551,0.04419558284256307,0.0,0.0,0.0,0.0,0.0,3
IEEE33,gcn,TP3,24,34368,700.8151918603802,-971.895149489989,-4859.475747449945,19.962636243251783,0.08724077777073214,4.247305998712927,0.48709462500280803,0.675200621287028,0.9608391523361206,1.0009040037790935,1.539012869199117,0.0,0.0,0.0,1.0,1.0,4.429144617651567,5.444772748418265,27.22386374209124,0.09133018168650107,0.053487554376599626,2.040270494458672,0.0024003430371663504,0.017421707215693076,0.0011750999030184426,0.00038364004116268197,0.03422120188473791,0.0,0.0,0.0,0.0,0.0,3
IEEE33,gcn,TP3,25,34464,892.342753674848,-1225.6415059407552,-6128.207529703776,22.95360923581463,0.0,3.5962314669233906,0.5254687606874439,0.6407728989919027,0.9633361299832662,1.0,1.46679683526357,0.0,0.0,0.0,1.0,1.0,6.135605649762602,7.83265686022421,39.16328430112184,0.07970453386741469,0.0,1.5183806154272372,0.0014840675222608448,0.035597013122795264,0.0006245073643635108,0.0,0.06333422323814485,0.0,0.0,0.0,0.0,0.0,3
IEEE33,gcn,TP3,26,34560,522.9796148268034,-730.1050452803571,-3650.525226401786,13.804141340865314,9.763317838990593,5.345941683304139,0.35153244911796516,0.6339781284332275,0.9637206792831421,1.0018956661224365,1.4631460110346477,0.0,0.0,0.0,1.0,1.0,14.489598846328645,19.21768962201388,96.08844811006894,0.18768783087376859,0.2301374603443423,1.026660708127663,0.0024156033987676657,0.02519863876260567,0.001301069667839229,0.0002806001070037538,0.08202617201111215,0.0,0.0,0.0,0.0,0.0,3
IEEE33,gcn,TP3,27,34656,416.88906959236164,-594.1302274554968,-2970.651137277484,14.30090531122625,9.915175216178909,5.371671668860729,0.36626996182733107,0.6796435316403707,0.9610925714174906,1.0017149448394775,1.5148650407791138,0.0,0.0,0.0,1.0,1.0,10.350491505147755,14.006427461288013,70.03213730643995,0.2505442028745496,0.29889215069446473,1.1328494609246567,0.003147609810649285,0.011809970958882417,0.00035645987761186843,0.00024081011208571443,0.0868786218208346,0.0,0.0,0.0,0.0,0.0,3
IEEE33,gcn,TP3,28,34752,349.5617136004267,-498.4066400339206,-2492.033200169603,14.259924874016058,0.0,3.2903322033712334,0.3522436035176118,0.5483035842577616,0.9699243108431498,1.0009528001149495,1.2463186184565227,0.0,0.0,0.0,1.0,1.0,2.560485440277522,3.2529345079540404,16.264672539770384,0.054011994885620605,0.0,1.2984382180624887,0.0013463211916627997,0.052648352363722846,0.003462596793974636,0.0005812835325149539,0.11963093049541466,0.0,0.0,0.0,0.0,0.0,3
IEEE33,gcn,TP3,29,34848,379.02375228434283,-534.8872011582057,-2674.4360057910285,14.086905280204354,0.0,2.9165866818526744,0.3376780905657344,0.5142015417416891,0.9710718989372253,1.0,1.1224628289540608,0.0,0.0,0.0,1.0,1.0,4.03560665565199,5.146813776729087,25.73406888364537,0.04579480865094686,0.0,0.8540636206483558,0.0008691328255811735,0.02798497031890838,0.0014793587931354,0.0,0.06657508084795284,0.0,0.0,0.0,0.0,0.0,3
IEEE33,gcn,TP3,30,34944,493.14368509564457,-695.5140077948571,-3477.570038974285,16.618776986105146,2.5582619549943306,5.1456916714524485,0.42278399773769904,0.711198647816976,0.9586038589477539,1.0014451742172241,1.6024003426233928,0.0,0.0,0.0,1.0,1.0,17.864412271889893,23.923800168049215,119.61900084024607,0.4296075106280699,0.41821302490684165,1.9470863696196141,0.004229557390664776,0.02494195975716045,0.0004565282974196811,0.0001906468888887636,0.06172535700816616,0.0,0.0,0.0,0.0,0.0,3
IEEE33,gcn,TP4,0,32064,346.9193669493902,-479.2308506019413,-2396.1542530097067,9.31586757720253,12.687056232606167,5.330906597599096,0.15984892162183917,0.3147177497545878,0.980766753355662,1.0054486592610676,1.0356738567352295,0.0,0.0,0.0,1.0,1.0,17.23030726587831,23.300107463621387,116.50053731810712,0.44506493188571195,0.4796147016145726,1.0328421339607843,0.004795916177104851,0.007559322546896965,0.0010007970403166748,0.0012248537099568673,0.029538340258831973,0.0,0.0,0.0,0.0,0.0,3
IEEE33,gcn,TP4,1,32160,280.114135092681,-390.09807892652856,-1950.4903946326424,7.739637388098245,13.687694799311515,5.213179422802683,0.13631020072433678,0.28295173247655225,0.982810894648234,1.0058614412943523,0.9561918377876282,0.0,0.0,0.0,1.0,1.0,16.749765933399683,22.62430725222872,113.12153626114362,0.45171690563131156,0.4755825827872285,0.9945486911930975,0.0044042160961705774,0.006776181707135436,0.00121705785874422,0.000843131854385585,0.0,0.0,0.0,0.0,0.0,0.0,3
IEEE33,gcn,TP4,2,32256,506.68006087207374,-693.3897583171726,-3466.9487915858626,13.904418139512778,7.482508092645578,5.608579305088547,0.23905635583731857,0.4214911460876465,0.974820872147878,1.0016074577967327,1.455322504043579,0.0,0.0,0.0,1.0,1.0,14.813518329308836,19.69486293421455,98.47431467107216,0.25111006542813163,0.30824602677602425,1.1851174248425242,0.0018331305380493638,0.004526173437935166,3.0910243157293537e-06,0.0005321093733545306,0.05074965573785483,0.0,0.0,0.0,0.0,0.0,3
IEEE33,gcn,TP4,3,32352,570.4720498113402,-777.2079091697932,-3886.0395458489656,13.471727295576907,9.474941283465382,5.5775188724395255,0.2356169604592853,0.44327400128046673,0.9732879996299744,1.0016010999679565,1.522887110710144,0.0,0.0,0.0,1.0,1.0,21.420148806380134,28.64044352531437,143.20221762657158,0.40107654436582946,0.4716856157226464,1.165728784356955,0.003908847406304032,0.0182488722458082,6.557981911286577e-05,0.00035016025846750344,0.0732727671164589,0.0,0.0,0.0,0.0,0.0,3
IEEE33,gcn,TP4,4,32448,773.7938091294715,-1041.7248488001526,-5208.624244000763,16.772282446110122,0.5577120307116283,4.167974857606762,0.2837397280252642,0.43591582775115967,0.9735774000485738,1.0017627875010173,1.5066115061442058,0.0,0.0,0.0,1.0,1.0,15.333834387227007,20.009407446805284,100.04703723402642,0.15918077231581507,0.16627971675583536,1.9654232092987216,0.0021482510616459313,0.021992227934870955,6.319290885654989e-05,0.0003118387721804708,0.07373807984082031,0.0,0.0,0.0,0.0,0.0,3
IEEE33,gcn,TP4,5,32544,1365.4957039915873,-1820.9797409057617,-9104.898704528809,24.54064964697443,0.0,2.5835079918959023,0.36719153800772303,0.4524298707644145,0.9740477601687113,1.0,1.5591286023457844,0.0,0.0,0.0,1.0,1.0,3.4323466875057056,4.392897866366963,21.964489331834823,0.06851869428901199,0.0,1.1968412252813314,0.0005625035017342968,0.024627662193426228,6.824173064596001e-05,0.0,0.09985036254253142,0.0,0.0,0.0,0.0,0.0,3
IEEE33,gcn,TP4,6,32640,1220.2318882888253,-1631.988488769531,-8159.942443847656,24.286934765345933,0.0,2.6238530960519957,0.36600173409614295,0.4548082947731018,0.97356249888738,1.0,1.5542911291122437,0.0,0.0,0.0,1.0,1.0,1.5515229805799546,2.0876260596667686,10.43813029833346,0.0658855811794536,0.0,1.1800707717340475,0.0005825031932514408,0.021493140633909703,0.0003678585646180427,0.0,0.08843194103320458,0.0,0.0,0.0,0.0,0.0,3
IEEE33,gcn,TP4,7,32736,688.2055717285833,-924.8611795847614,-4624.305897923808,14.274109396608239,0.0,3.464117962599641,0.24181979894638053,0.33822451035181683,0.9793914755185446,1.0009950002034504,1.0802193482716878,0.0,0.0,0.0,1.0,1.0,8.788183531982897,11.33331733501782,56.66658667508893,0.011931022717045447,0.0,1.6070444098726804,0.0009751257369084502,0.00763524400147157,0.0009915946371595688,0.000590679399335177,0.04271030644965042,0.0,0.0,0.0,0.0,0.0,3
IEEE33,gcn,TP4,8,32832,417.254525114411,-569.9687001562367,-2849.8435007811836,9.324159688761496,10.62414588407473,5.331846306561187,0.16504845416380295,0.316372811794281,0.9802912473678589,1.0021321376164753,1.0612332820892334,0.0,0.0,0.0,1.0,1.0,23.1021296882842,30.69783762549319,153.48918812746572,0.3432930280636825,0.3703728870512119,1.1244233016386276,0.0034874149563101477,0.0,0.0009312092235249399,0.00041765138059270476,0.0,0.0,0.0,0.0,0.0,0.0,3
IEEE33,gcn,TP4,9,32928,675.6196814650265,-915.2229178448518,-4576.114589224259,14.007311774908034,8.961839428432976,5.2565774848500135,0.2489179347952207,0.4689516027768453,0.9713269273440043,1.0017213821411133,1.5964627663294475,0.0,0.0,0.0,1.0,1.0,23.6736692214996,31.575843105091494,157.879215525458,0.41551613443772645,0.4697394749359616,0.9788262315214759,0.003987140218906073,0.021765456359200165,0.0008211876093524598,0.00037189637823193176,0.07660043823833793,0.0,0.0,0.0,0.0,0.0,3
IEEE33,gcn,TP4,10,33024,810.9483879765577,-1090.3351243421437,-5451.675621710718,15.084277666224386,5.0144126739776915,5.209005506641194,0.2631792906257841,0.4717939694722493,0.9714309771855673,1.002632737159729,1.6069035132726033,0.0,0.0,0.0,1.0,1.0,38.03941806477346,50.59570919066147,252.9785459533067,0.604100670704675,0.6595395597117076,1.5083106893026264,0.005754532481285007,0.01500877352684882,0.00035329355029052205,0.0008435394801103273,0.06568253476016404,0.0,0.0,0.0,0.0,0.0,3
IEEE33,gcn,TP4,11,33120,873.9323627415257,-1173.3631392826637,-5866.815696413319,17.354893968707298,0.0,3.5731707552966143,0.29833790597816306,0.4284801681836446,0.974498430887858,1.0008113781611125,1.474532167116801,0.0,0.0,0.0,1.0,1.0,5.5724255611757245,7.113558220465666,35.56779110232812,0.11115411286484195,0.0,1.791654833030051,0.0010149539013038264,0.016749059506755485,0.00011913730017238666,0.0006357102514052744,0.0653523281853156,0.0,0.0,0.0,0.0,0.0,3
IEEE33,gcn,TP4,12,33216,560.3298829875058,-761.7521526778737,-3808.760763389369,12.633423861515771,9.27362191696526,5.2451810041182485,0.218378749779529,0.4227254986763,0.9754480123519897,1.002039869626363,1.4714337984720867,0.0,0.0,0.0,1.0,1.0,19.532804142055365,26.101215876863748,130.50607938431887,0.40733700079699064,0.43446668757236584,0.9829782670404534,0.003514051953434615,0.01502459384458321,6.270604098830564e-05,0.0009139841558657953,0.06266230931352006,0.0,0.0,0.0,0.0,0.0,3
IEEE33,gcn,TP4,13,33312,774.4741071878183,-1047.472276311616,-5237.36138155808,20.075374978307895,0.1569554411144546,4.588370971915405,0.32504911865625113,0.4373026490211487,0.9734574755032858,1.0013763109842937,1.4731296300888062,0.0,0.0,0.0,1.0,1.0,16.063124337612027,20.871029551234205,104.3551477561712,0.1055804086219536,0.06504736959291049,2.206091211592103,0.0006990856744178735,0.007941961574746253,0.0005125135122015613,0.00020998777543648745,0.056620121252555784,0.0,0.0,0.0,0.0,0.0,3
IEEE33,gcn,TP4,14,33408,367.27967390140947,-508.02159159456687,-2540.1079579728344,10.224818741636868,13.436604595816187,5.218182281964309,0.1746033599807156,0.34404919544855755,0.9788713455200195,1.0037962992986043,1.1137593587239583,0.0,0.0,0.0,1.0,1.0,15.826506781585728,21.28320958167351,106.41604790836756,0.36952986808299204,0.403978630098719,1.0586082407895427,0.003610330972477257,0.01238959289505274,0.001521157446910702,0.0010339285947466852,0.01819874574614588,0.0,0.0,0.0,0.0,0.0,3
IEEE33,gcn,TP4,15,33504,337.23469864164537,-459.9105393136386,-2299.552696568193,9.30412242501098,2.0629393561113845,4.880951301320505,0.16179017784694824,0.31221638123194373,0.980683704217275,1.0032258033752441,1.0192090670267742,0.0,0.0,0.0,1.0,1.0,26.171592664939695,34.658803248071266,173.2940162403563,0.5176662901081766,0.34727541606371054,1.2892035211839954,0.003483921651979679,0.02428861257080928,0.001620946238347526,0.0012364928148765654,0.03636265338316254,0.0,0.0,0.0,0.0,0.0,3
IEEE33,gcn,TP4,16,33600,563.8195106171037,-767.3440425937374,-3836.720212968687,15.03108355503299,3.5011159804601903,5.273041772510616,0.2572501661876837,0.4313877622286479,0.9738694429397583,1.0024314721425374,1.4838018814722698,0.0,0.0,0.0,1.0,1.0,31.177297624162232,41.17924683807389,205.8962341903696,0.5055091861588745,0.47199677856241223,1.7888256388575299,0.0035415927854596982,0.02150581140689949,0.00036355363863995496,0.00029938050981197597,0.07551157904761549,0.0,0.0,0.0,0.0,0.0,3
IEEE33,gcn,TP4,17,33696,716.4123627427008,-970.0186738545696,-4850.093369272848,17.059148347334187,4.306129505462779,5.265669749873445,0.2873578429636028,0.4428688883781433,0.9728750387827555,1.0021543502807617,1.5270795027414958,0.0,0.0,0.0,1.0,1.0,24.70666117204406,32.69227671923202,163.46138359615975,0.29548462848890983,0.3915160186740724,1.8318528488822248,0.002393769782455263,0.008952747192759831,4.5165115589182566e-05,0.0002942348017159195,0.041050923530850034,0.0,0.0,0.0,0.0,0.0,3
IEEE33,gcn,TP4,18,33792,879.6672475591635,-1186.1830238640307,-5930.915119320154,21.673065825952094,0.0,3.6593822887062615,0.3413282599714067,0.43364858627319336,0.9743897716204325,1.0,1.4764690796534221,0.0,0.0,0.0,1.0,1.0,3.3851927721784443,4.273922309568346,21.36961154784165,0.09940019415625855,0.0,1.8952674222264316,0.0010984332121522762,0.01024932716089908,0.0005889469479891593,0.0,0.06181399685110406,0.0,0.0,0.0,0.0,0.0,3
IEEE33,gcn,TP4,19,33888,454.59928793159446,-627.5340469328065,-3137.6702346640327,13.984214886327882,10.246419570396789,5.509754723809202,0.23939789831638328,0.43080844481786085,0.9740593036015829,1.0017863512039185,1.494522213935852,0.0,0.0,0.0,1.0,1.0,15.477520960331695,20.69856495619321,103.49282478096592,0.36817470621588083,0.3705707886239719,1.0848760375194864,0.0032288847769419383,0.02126589488292382,0.00040292180115526966,0.0005312478629945892,0.06782927514345673,0.0,0.0,0.0,0.0,0.0,3
IEEE33,gcn,TP4,20,33984,428.5264735303892,-593.5184029278656,-2967.5920146393278,14.205790023061196,9.099547428200728,5.339968273376127,0.2443666892747084,0.4379040797551473,0.9734688202540079,1.001592477162679,1.5189635356267293,0.0,0.0,0.0,1.0,1.0,13.200799035000665,17.859703282625883,89.29851641312929,0.39643395645186075,0.4221898689116769,1.0778594739436131,0.003639003526404791,0.024307524062524025,0.0007032291798086455,0.00044183913400578983,0.07471725023164198,0.0,0.0,0.0,0.0,0.0,3
IEEE33,gcn,TP4,21,34080,299.59319270893724,-419.3697806523958,-2096.8489032619786,10.585823123055276,11.757542530929479,5.360229695679702,0.17816762419210538,0.3687855402628581,0.978126068909963,1.0034741560618083,1.2390745083491008,0.0,0.0,0.0,1.0,1.0,8.063180623816013,10.829751561399156,54.148757806995576,0.1538815859534637,0.20943199562883422,0.8452125442477124,0.0026546053322268853,0.02551196923932459,0.0012316851196622364,0.000717286825575166,0.1182388671780836,0.0,0.0,0.0,0.0,0.0,3
IEEE33,gcn,TP4,22,34176,237.7142429176334,-336.54053864615656,-1682.7026932307829,8.493922512961236,14.1464262894548,5.147170736931343,0.14643686989115337,0.32400842507680255,0.9809937675793966,1.0051952203114827,1.080795685450236,0.0,0.0,0.0,1.0,1.0,10.587032493186522,14.148288119181888,70.74144059590944,0.20632081721942977,0.2130300802824285,0.6491951305208135,0.0036544491157630018,0.013805300560280828,0.0009197491771346171,0.0012870634388527703,0.02464015355324128,0.0,0.0,0.0,0.0,0.0,3
IEEE33,gcn,TP4,23,34272,612.0465626587969,-834.3986011631787,-4171.993005815893,18.041047026057328,0.020915952494728367,4.479283557811311,0.31008395614723366,0.43872912724812824,0.9735349416732788,1.0017385880152385,1.513430118560791,0.0,0.0,0.0,1.0,1.0,3.7189502047172356,4.7123475709902625,23.561737854951534,0.15473699772318344,0.03622749240956654,2.2026983116473704,0.0015425809681151028,0.019551003195190087,0.0014419601244593072,0.0009662428521893454,0.06090027833253881,0.0,0.0,0.0,0.0,0.0,3
IEEE33,gcn,TP4,24,34368,695.4908801890019,-944.5422678515315,-4722.7113392576575,19.788706511880104,0.0876655370268119,4.0406691741921295,0.32329420331451625,0.4399845202763875,0.9739135305086771,1.0015132824579875,1.522396167119344,0.0,0.0,0.0,1.0,1.0,4.2884333381729105,5.417452561403888,27.087262807019226,0.08594094315571775,0.03910850176882471,1.9159030143415483,0.001328425257361795,0.01346654328464878,0.00040854588113760864,0.00034728987487255795,0.04432650918251408,0.0,0.0,0.0,0.0,0.0,3
IEEE33,gcn,TP4,25,34464,887.5652782519451,-1197.226031557719,-5986.130157788594,22.76269942050321,0.0,3.387847900666639,0.34755427452425164,0.4325153430302937,0.9749899307886759,1.0,1.5137393474578857,0.0,0.0,0.0,1.0,1.0,3.8885743472178818,4.9717106417094925,24.858553208546862,0.07250687399061587,0.0,1.3610927377732673,0.0007969429643878144,0.02807731103290399,0.0004194746117813495,0.0,0.09975124653410507,0.0,0.0,0.0,0.0,0.0,3
IEEE33,gcn,TP4,26,34560,515.5482073410797,-705.3407327709098,-3526.703663854549,13.546330348207492,9.610518714943005,5.4070030534089035,0.23120807545880473,0.4330713748931885,0.9746324022610983,1.0016533931096394,1.5145894686381023,0.0,0.0,0.0,1.0,1.0,20.91536513544745,27.873700232802904,139.36850116401465,0.3914180779091274,0.4251133131754517,1.169203592420884,0.0035592754719689893,0.01391749427568846,9.458596706880835e-05,0.0005265339553929868,0.061541354517282584,0.0,0.0,0.0,0.0,0.0,3
IEEE33,gcn,TP4,27,34656,410.40686228724763,-570.1303468357772,-2850.651734178886,14.061803387649134,9.78793679352821,5.436705684142514,0.24212083613706956,0.43503910303115845,0.9738327860832214,1.0016137758890789,1.5100089311599731,0.0,0.0,0.0,1.0,1.0,14.443105741254149,19.49449487999842,97.47247439999234,0.39715277527232445,0.4334911282807063,1.1022424611325905,0.0037403694388631354,0.02360890421766176,0.0006773142120980085,0.0003882405230914649,0.07458833270218773,0.0,0.0,0.0,0.0,0.0,3
IEEE33,gcn,TP4,28,34752,347.7616720869584,-481.8495748765767,-2409.2478743828833,14.171686769219221,0.0,3.3660888332018986,0.2383268850131167,0.39269769191741943,0.9770838220914205,1.0008652210235596,1.3159615596135457,0.0,0.0,0.0,1.0,1.0,4.526433463092451,5.87644660666748,29.38223303333743,0.03302611139572002,0.0,1.2108371717613489,0.0009073135247242448,0.008307893070476502,0.00034059471628357027,0.0007679358341461456,0.03986781732080295,0.0,0.0,0.0,0.0,0.0,3
IEEE33,gcn,TP4,29,34848,377.19501940619983,-518.6571460008621,-2593.2857300043106,14.020061592526297,0.0,3.0106791023342385,0.22667526019116235,0.34622138738632197,0.9797815680503845,1.0000835259755452,1.1476880311965942,0.0,0.0,0.0,1.0,1.0,4.229857477333077,5.43821561396669,27.19107806983356,0.04518193708390636,0.0,0.8355308706323904,0.000546227516211085,0.003711110942502936,0.00019126759020577521,0.00014467123339599586,0.04799296649518543,0.0,0.0,0.0,0.0,0.0,3
IEEE33,gcn,TP4,30,34944,488.8527871542868,-672.3689283544819,-3361.8446417724094,16.469263607487484,2.5719055270189246,5.291005769705653,0.28186862150000197,0.46477729082107544,0.9718276262283325,1.0025478998819988,1.5873437722524006,0.0,0.0,0.0,1.0,1.0,19.04931319363551,25.389889891767172,126.94944945883604,0.5319929654535056,0.4411035962243154,1.9406467631116955,0.004210420025061959,0.01761318214542512,0.0012442321490930153,0.0007767815279618027,0.06004923664859361,0.0,0.0,0.0,0.0,0.0,3
IEEE33,gcn,TP5,0,32064,353.0410882025206,-496.08340450134125,-2480.4170225067064,9.489054494750564,12.841088645363342,5.04982019473233,0.23036614474323058,0.48231860001881915,0.9648812015851339,1.010873556137085,1.0295929511388142,0.0,0.0,0.0,1.0,1.0,9.699135428947917,13.313867368683423,66.56933684341698,0.23019317841693804,0.24075710927948266,0.9199314095132366,0.0060159013501863085,0.028469220057340743,0.0031809201324735133,0.002528409154648374,0.028885959992333125,0.0,0.0,0.0,0.0,0.0,3
IEEE33,gcn,TP5,1,32160,284.84639909387244,-403.8590105993828,-2019.2950529969141,7.881696337526008,13.824690775204123,4.947726035246655,0.1965597153951724,0.4361007610956828,0.9679456353187561,1.0095210075378418,0.961335301399231,0.0,0.0,0.0,1.0,1.0,8.880444841152375,12.452599285092054,62.262996425460315,0.23807525109205424,0.2670679569191012,0.8704997701273137,0.007739625478286216,0.01271365568345966,0.0025339624995569634,0.0039020190366966558,0.0,0.0,0.0,0.0,0.0,0.0,3
IEEE33,gcn,TP5,2,32256,510.81514241139257,-714.2505954143902,-3571.2529770719507,14.019054384137014,7.547110771956597,5.356840925777914,0.3628947933514913,0.6546653111775717,0.9540553092956543,1.003379265467326,1.4503291845321655,0.0,0.0,0.0,1.0,1.0,10.79124516798704,14.458942091488439,72.29471045744214,0.24870050466926535,0.23920128890409953,1.133310394044675,0.003460303343650864,0.008912924762151348,0.0012872037905176457,0.0023807689034036103,0.0387887599603375,0.0,0.0,0.0,0.0,0.0,3
IEEE33,gcn,TP5,3,32352,578.9681449812656,-803.8003604918719,-4019.001802459359,13.698366606121738,9.638092132354013,5.396742345260961,0.3594773150980472,0.7073416312535604,0.9512019356091818,1.0042543808619182,1.5434999465942383,0.0,0.0,0.0,1.0,1.0,13.074809401345231,17.47866832007093,87.39334160035457,0.20138231463086254,0.24767851560968032,1.048388363064973,0.004214163934635955,0.02359595464440569,0.001459186294254991,0.0033119685930909646,0.05402590318797361,0.0,0.0,0.0,0.0,0.0,3
IEEE33,gcn,TP5,4,32448,782.1512348058283,-1071.3792299455574,-5356.896149727788,16.987424307013924,0.5550771332143508,4.14799287828984,0.43431577769418556,0.6676931778589884,0.9537567694981893,1.0009141365687053,1.4775326649347942,0.0,0.0,0.0,1.0,1.0,14.765071152501287,19.311252095929863,96.55626047964897,0.26179730389123557,0.12406343931751801,2.0258732529703636,0.003767282268741457,0.01413390166506583,0.0018359022080221838,0.0007812430639200507,0.00357887609717775,0.0,0.0,0.0,0.0,0.0,3
IEEE33,gcn,TP5,5,32544,1375.9016597660686,-1893.266521326701,-9466.332606633505,24.739962068628724,0.0,2.485046969170684,0.5709183913552099,0.6932686368624369,0.9508732954661051,1.0,1.5011687278747559,0.0,0.0,1.6666666666666667,1.0,1.0,2.4177398006773854,54.741676001282066,273.70838000640964,0.058042770461929044,0.0,1.0059300151082151,0.0008948523805979677,0.024444897890638518,0.0008514214218437346,0.0,0.061673835006723854,0.0,0.0,2.8867513459481287,0.0,0.0,3
IEEE33,gcn,TP5,6,32640,1228.6654612589537,-1688.3161823908488,-8441.580911954245,24.493226251570082,0.0,2.6573835758249813,0.5692184354282088,0.6990485787391663,0.9512490034103394,1.0,1.522788365681966,0.0,0.0,1.0,1.0,1.0,1.799676805336239,32.855854086234544,164.2792704311726,0.06974607084217938,0.0,1.2390465580837735,0.0013208314048348152,0.019134032737647445,0.001413849972128842,0.0,0.04035332202965854,0.0,0.0,1.7320508075688772,0.0,0.0,3
IEEE33,gcn,TP5,7,32736,690.2458715203032,-943.4439768110714,-4717.2198840553565,14.35033060658153,0.0,3.6560144142932103,0.3694494031369686,0.5308586756388346,0.9606413841247559,1.0009134610493977,1.099086085955302,0.0,0.0,0.0,1.0,1.0,6.350185671493944,8.117784692989456,40.588923464947364,0.00878627643055315,0.0,1.6175876983551296,0.0016970680038597276,0.01873829689302862,0.0014358566564658581,0.0002689197848259222,0.03817585103578084,0.0,0.0,0.0,0.0,0.0,3
IEEE33,gcn,TP5,8,32832,421.99392419289234,-586.8604694185158,-2934.3023470925787,9.451476395301551,10.727728785349775,5.1671010168939375,0.2505519400454229,0.4959855278333028,0.9637241959571838,1.0043327808380127,1.0682283639907837,0.0,0.0,0.0,1.0,1.0,18.09595296363838,24.17010746616937,120.8505373308469,0.2519362847583769,0.2952872691646828,1.0303866654112708,0.00395747554691531,0.006713722551899031,0.002252635203073528,0.002892286484395552,0.0,0.0,0.0,0.0,0.0,0.0,3
IEEE33,gcn,TP5,9,32928,683.4973044119826,-1002.137120286127,-5010.685601430635,14.214594549373807,9.112254821394997,5.204604680195968,0.3818419114169147,0.7271736661593119,0.949483851591746,1.0033888419469197,1.5637576182683308,0.0005634711180592666,0.0,3.0,0.9791666666666666,1.0,14.860594929505305,30.74146318053187,153.70731590265888,0.1992761240077955,0.26670862201502504,0.9602106811744259,0.0031887028142456248,0.005749167366156873,0.0005699440931271582,0.0028603061740106067,0.009699098108412,0.00048798030253814547,0.0,1.0,0.018042195912175797,0.0,3
IEEE33,gcn,TP5,10,33024,819.626021327463,-1192.4861719049513,-5962.430859524757,15.278206770671892,5.146398311212632,4.920623862516918,0.4029872889320056,0.7237979173660278,0.9497730135917664,1.0028624137242634,1.5590444008509319,0.0002270116504421,0.0,3.6666666666666665,0.9895833333333334,1.0,31.874786634460158,39.49397997056365,197.46989985281857,0.5092518509256152,0.5155415541178536,1.370092910526403,0.006220316435943999,0.0,0.0,0.002278990932549008,0.0011224753308551002,0.0,0.0,3.055050463303893,0.0,0.0,3
IEEE33,gcn,TP5,11,33120,880.2824808090212,-1201.5639913961293,-6007.819956980646,17.52913216574552,0.0,3.8682288211360714,0.4581594914197922,0.6837435960769653,0.9522326588630676,1.0,1.4964849551518757,0.0,0.0,0.0,1.0,1.0,5.0398947204246145,6.290630164666512,31.453150823331974,0.12120958505742598,0.0,2.074301739485134,0.0021124521302036793,0.023006163266225614,0.0018174486615488389,0.0,0.038461380131907606,0.0,0.0,0.0,0.0,0.0,3
IEEE33,gcn,TP5,12,33216,568.9462433902023,-787.1181768539051,-3935.5908842695258,12.842586384661082,9.409215031663033,5.210245476829232,0.33133590821590686,0.6680417458216349,0.9541090130805969,1.0046689907709758,1.473039706548055,0.0,0.0,0.0,1.0,1.0,12.726512513093907,17.229078876006028,86.14539438003027,0.23940308167008034,0.2933260078139886,1.0033790831412577,0.004534914335715422,0.031052340868154754,0.0030154371805857934,0.0033009258865218565,0.05515386263648615,0.0,0.0,0.0,0.0,0.0,3
IEEE33,gcn,TP5,13,33312,779.4570408607727,-1076.0597169217965,-5380.298584608982,20.205873970483335,0.152880759706183,4.434556266954551,0.5021769247121282,0.6901174187660217,0.9508676926294962,1.0005027850468953,1.499274492263794,0.0,0.0,0.0,1.0,1.0,14.884397613381433,19.211757895368677,96.05878947684369,0.020107749876495433,0.0704256776228539,2.291940938184377,0.0014712879233024262,0.019318218850036654,0.001016582119466134,0.00022865492571675895,0.006615254314958676,0.0,0.0,0.0,0.0,0.0,3
IEEE33,gcn,TP5,14,33408,367.9277003197646,-519.3927236678079,-2596.9636183390394,10.25452736939359,13.451968715015832,5.158525726563764,0.259122597053647,0.5266571839650472,0.9619984229405721,1.0086727539698284,1.1516358455022175,0.0,0.0,0.0,1.0,1.0,9.756789621945726,13.316864684005296,66.58432342002601,0.20216520747510808,0.23313169692301383,0.9493039599322742,0.006163876392239261,0.04282618989585957,0.0033037720603770206,0.004024050949356097,0.040678545288911856,0.0,0.0,0.0,0.0,0.0,3
IEEE33,gcn,TP5,15,33504,336.09671541065376,-468.9960923130934,-2344.980461565467,9.29067902618428,2.019554178912615,4.918544115046553,0.2467808982150422,0.47929195562998456,0.9636444648106893,1.006257692972819,1.012196699778239,0.0,0.0,0.0,1.0,1.0,23.028778408793734,30.71558248041151,153.5779124020575,0.4117330298426524,0.3873672357852329,1.742468991209859,0.008109236169606996,0.02744355791360141,0.0011004076540921607,0.004644248212080549,0.01389945048849374,0.0,0.0,0.0,0.0,0.0,3
IEEE33,gcn,TP5,16,33600,564.6290845626767,-785.1422089807689,-3925.7110449038446,15.086582188586624,3.5301448104429425,5.097293475352207,0.3910280192891756,0.6821940739949545,0.9528065125147501,1.0023311376571653,1.4990235567092896,0.0,0.0,0.0,1.0,1.0,26.91077805202308,35.83509069367205,179.17545346836008,0.42693637959046954,0.4748538603660438,1.70750510056801,0.005783450645323806,0.017348751591439532,0.00198670427046118,0.0009403367267004899,0.030251072874415058,0.0,0.0,0.0,0.0,0.0,3
IEEE33,gcn,TP5,17,33696,723.6398271180357,-998.4784158709148,-4992.392079354574,17.252423924035725,4.400917166975138,5.013006866149525,0.4395162796394692,0.6964237491289774,0.9522960186004639,1.0006927649180095,1.5378653208414714,0.0,0.0,0.0,1.0,1.0,21.729605979974128,28.732176416932436,143.66088208466167,0.26310428679834963,0.2801236708782853,1.76955774763274,0.0027026522053399354,0.007695351735890829,0.002415235067102875,0.00022048773511860296,0.033662373258581214,0.0,0.0,0.0,0.0,0.0,3
IEEE33,gcn,TP5,18,33792,885.0897449333846,-1216.5642958958945,-6082.821479479472,21.841450311530963,0.0,3.5532050900223706,0.5282895078675615,0.6760678887367249,0.9517345627148946,1.0,1.4680345455805461,0.0,0.0,0.0,1.0,1.0,5.252494947274772,6.577499622354172,32.88749811177087,0.09790721393786872,0.0,1.8564244820234632,0.002067145577954003,0.011654163689654398,0.0023441844062415955,0.0,0.019202507120942524,0.0,0.0,0.0,0.0,0.0,3
IEEE33,gcn,TP5,19,33888,457.7804686610331,-647.2143228078882,-3236.071614039441,14.084129372423476,10.303075313402584,5.408221730652868,0.36364603187474936,0.6790610949198405,0.9535982211430868,1.0051963329315188,1.5058345397313435,0.0,0.0,0.0,1.0,1.0,9.875124485412904,13.643572789781102,68.21786394890553,0.31836524440923814,0.3151994478936586,0.9427590841761764,0.007212751209743396,0.018885123964321973,0.0032280354210697565,0.004633895966963398,0.031073029024103884,0.0,0.0,0.0,0.0,0.0,3
IEEE33,gcn,TP5,20,33984,433.11664299644536,-615.3425502727429,-3076.7127513637147,14.359650214279783,9.17269257996483,5.263724373159386,0.37110280700855786,0.6990638772646586,0.9520548979441324,1.005526105562846,1.5771832863489788,0.0,0.0,0.0,1.0,1.0,11.112221693534686,15.478520455936193,77.39260227968083,0.36108977023640343,0.37703495441310275,0.9513194458028535,0.007743366207597986,0.011908025582967828,0.0012565301949234685,0.004018228571199175,0.004626969900755531,0.0,0.0,0.0,0.0,0.0,3
IEEE33,gcn,TP5,21,34080,303.6889647769987,-435.37519009777657,-2176.8759504888826,10.762935009641268,11.900664706682798,5.329538244435427,0.2631062018788523,0.6076348622639974,0.956475297609965,1.0105216105779011,1.2676938374837239,0.0,0.0,0.0,1.0,1.0,7.573198657048014,10.278288209753626,51.39144104876801,0.14180706878202928,0.17393246925729572,0.8653268336635512,0.006591875406860161,0.06424915128318709,0.004108255474786841,0.003608418235965826,0.14552363898332732,0.0,0.0,0.0,0.0,0.0,3
IEEE33,gcn,TP5,22,34176,241.75151344473878,-350.684155318141,-1753.420776590705,8.684812048177653,14.283160119940556,5.352232336701225,0.21708100930684138,0.5517626404762268,0.9608517487843832,1.0080063343048096,1.1640815337498982,0.0,0.0,0.0,1.0,1.0,8.092900926694979,10.603118691839178,53.01559345919604,0.07288445454654613,0.07735797622993014,0.9095419821181708,0.007565843537999919,0.03140277857381784,0.0021830963386185905,0.0059900190399421556,0.06453347617624038,0.0,0.0,0.0,0.0,0.0,3
IEEE33,gcn,TP5,23,34272,615.7095326531847,-866.6872322283685,-4333.436161141843,18.17195523073737,0.026955270313783464,4.280806609191341,0.47722708537346786,0.6956955194473267,0.9526144862174988,1.001291275024414,1.526323676109314,0.0,0.0,0.3333333333333333,1.0,1.0,3.563650842932595,7.994473438915399,39.9723671945772,0.14277044400715166,0.04668789771522604,2.0751030887098247,0.0027185628583926333,0.01125231959590489,0.0024844100722399777,0.000792340189456374,0.03353067046971838,0.0,0.0,0.5773502691896258,0.0,0.0,3
IEEE33,gcn,TP5,24,34368,699.5596892779955,-971.4961890610557,-4857.480945305278,19.932464071544853,0.09462241522547614,4.0160243998729355,0.496881097762121,0.6941010554631551,0.951374888420105,1.0005651712417603,1.5486763715744019,0.0,0.0,0.0,1.0,1.0,5.71364782757503,7.119123709850413,35.595618549252244,0.08231925650648013,0.050659457580234706,1.9195419757377743,0.002562435538256645,0.01742695526229717,0.0017482402792024913,0.00035891612798334016,0.005269899596561577,0.0,0.0,0.0,0.0,0.0,3
IEEE33,gcn,TP5,25,34464,893.8499967183024,-1229.0827570438385,-6145.4137852191925,22.937690649432398,0.0,3.2643959198821784,0.5373568661097022,0.6753761172294617,0.9519828756650289,1.0,1.4829598665237427,0.0,0.0,0.0,1.0,1.0,5.984161877599873,7.637839329933365,38.18919664966736,0.08260419881141046,0.0,1.52934553811365,0.0015545455305787316,0.023190032300407105,0.002348298103632552,0.0,0.0274234050693173,0.0,0.0,0.0,0.0,0.0,3
IEEE33,gcn,TP5,26,34560,519.6617749602332,-725.5599076956511,-3627.7995384782553,13.663332720078587,9.685653511378037,5.312514691201851,0.3500575239045752,0.6777521173159281,0.9542200764020284,1.0056429306666057,1.5036991039911907,0.0,0.0,0.0,1.0,1.0,14.33956757530775,19.560372085879543,97.80186042939768,0.36273729064811466,0.3652774288741377,0.9906941711139655,0.007916031321059456,0.02245441117904017,0.003226220715307992,0.004903435840889981,0.02889705229853107,0.0,0.0,0.0,0.0,0.0,3
IEEE33,gcn,TP5,27,34656,413.9335456867996,-590.5580006676415,-2952.790003338208,14.195045703043327,9.86201766838064,5.412285840001232,0.36877460964024067,0.694058895111084,0.9530383149782816,1.0054051876068115,1.543390154838562,0.0,0.0,0.0,1.0,1.0,10.211652188770264,13.893890349204945,69.46945174602493,0.264486224635162,0.3037441375649149,0.9756546730869713,0.006265843729607996,0.014167859076016536,0.0027791626669022135,0.004162778530390467,0.038401576657592945,0.0,0.0,0.0,0.0,0.0,3
IEEE33,gcn,TP5,28,34752,350.15130207677976,-500.54007748241224,-2502.7003874120614,14.315273076633758,0.0,3.8333888491370103,0.36317393225100303,0.6219146450360616,0.9552295406659445,1.000403046607971,1.2833634217580159,0.0,0.0,0.0,1.0,1.0,2.5352241930516928,3.161330804956004,15.806654024779766,0.0834802266058593,0.0,1.620163895890077,0.001976306698339891,0.0491205104020333,0.001967042362238036,0.0001600193233331709,0.15256182225144208,0.0,0.0,0.0,0.0,0.0,3
IEEE33,gcn,TP5,29,34848,378.04797777187486,-535.377244785428,-2676.8862239271402,14.124196031247763,0.0,3.3850902530429052,0.35175055410299033,0.5525775154431661,0.9594069917996725,1.0,1.1600894927978516,0.0,0.0,0.0,1.0,1.0,4.773179922640001,6.018136690698118,30.09068345349062,0.06793633170073933,0.0,1.174284558955513,0.0016695148201904984,0.045703681652255114,0.0018307264603297992,0.0,0.07575466083855324,0.0,0.0,0.0,0.0,0.0,3
IEEE33,gcn,TP5,30,34944,491.457283001937,-767.8633165736993,-3839.3165828684964,16.571586744014287,2.564646184997512,5.034824180189543,0.4325143169197771,0.7311051487922668,0.9497415026028951,1.0028669436772664,1.5823802550633748,0.0009307576554569334,0.0,3.6666666666666665,0.9756944444444445,1.0,17.078845046769622,83.75054907072372,418.7527453536185,0.35954793266391066,0.3301359110610389,1.7522774312417577,0.005283826898685116,0.012283186497315017,0.0019704400934891604,0.0027403198436718574,0.009150920596471135,0.000806059774392548,0.0,3.511884584284246,0.02168402082777219,0.0,3
IEEE33,gcn,TP6,0,32064,354.5833479417049,-502.65782241796455,-2513.2891120898225,9.531006966877369,12.865178409888621,5.115492492030888,0.26685646631651455,0.5558298826217651,0.9622865915298462,1.0093119144439697,1.0618172486623128,0.0,0.0,0.0,1.0,1.0,14.142454501302028,19.361114749793032,96.80557374896507,0.35328408618694823,0.34430706884799095,0.9260727462263842,0.006441362340377904,0.026765748656327634,0.003676085707787502,0.0020931629200793083,0.0030190920815015903,0.0,0.0,0.0,0.0,0.0,3
IEEE33,gcn,TP6,1,32160,285.8125742973217,-408.31228761954117,-2041.5614380977058,7.905934508311795,13.831657262185496,4.987522130540655,0.22223075127436054,0.5115398168563843,0.9649887084960938,1.0074025789896648,0.9635955691337584,0.0,0.0,0.0,1.0,1.0,13.192232910993308,18.36696858181737,91.83484290908703,0.3550931949435804,0.3667501978668973,0.7978540548858667,0.008267305498707429,0.017156781131525117,0.0025602928327666534,0.0032422371334409994,0.0,0.0,0.0,0.0,0.0,0.0,3
IEEE33,gcn,TP6,2,32256,513.7663385872457,-725.0232760561008,-3625.1163802805045,14.123331682604956,7.598173915306048,5.414112842558734,0.41819777463873226,0.7434744437535604,0.9511722127596537,1.0021881262461345,1.4460615317026775,0.0,0.0,0.0,1.0,1.0,12.857390985895373,17.307424394758733,86.53712197379336,0.3076037856129527,0.2879474150106254,1.0536390555092339,0.004745652950094635,0.0062362683649412895,0.00081100207462486,0.001528026628041615,0.05581985394655159,0.0,0.0,0.0,0.0,0.0,3
IEEE33,gcn,TP6,3,32352,581.166157120642,-880.0876886146765,-4400.438443073382,13.750024075448806,9.627496095003197,5.348346344578431,0.4137656461033556,0.7769617438316345,0.9492352604866028,1.0037272771199544,1.5012465318044026,0.0007647173157767001,0.0,3.3333333333333335,0.9791666666666666,1.0,15.63544815143917,31.456536234071574,157.28268117035768,0.3098637124729589,0.3139092302089156,0.8350192282279231,0.005633040206660869,0.0,0.0,0.0034123985408350634,0.0024332531398901206,0.0,0.0,1.5275252316519465,0.010416666666666671,0.0,3
IEEE33,gcn,TP6,4,32448,785.0868259462815,-1102.9654253989459,-5514.827126994729,17.043888115775772,0.5594571910163388,4.136504529783191,0.49661207012832165,0.7513219515482584,0.9504020611445109,1.0012425184249878,1.487640102704366,0.00013974135096986667,0.0,1.0,0.9895833333333334,1.0,14.721646481711584,50.06994266106325,250.34971330531704,0.2633732027380281,0.11237836379628709,1.9409328137135857,0.003289975577278718,0.022867423089689285,0.0009044611903720505,7.915380129487121e-05,0.008210913720014536,0.00024203911979812345,0.0,1.7320508075688772,0.018042195912175797,0.0,3
IEEE33,gcn,TP6,5,32544,1380.5433427501712,-2049.1161752700805,-10245.580876350403,24.799153648010066,0.0,2.340025019125209,0.6495751438455449,0.7649896542231241,0.9500601887702942,1.0,1.5072887341181438,0.0,0.0,8.666666666666666,1.0,1.0,2.1897636143729646,216.6540288392492,1083.2701441962463,0.04702841059399761,0.0,0.8162549619820123,0.0007886951560943451,0.005417458288043152,8.006987243781236e-05,0.0,0.03970757414975297,0.0,0.0,10.969655114602888,0.0,0.0,3
IEEE33,gcn,TP6,6,32640,1231.6070401562001,-1975.2409737904866,-9876.204868952433,24.543224087270442,0.0,2.358094715847947,0.647500563826826,0.7744333148002625,0.949249029159546,1.0,1.4982551733652751,0.0007509442538931,0.0,14.666666666666666,0.9513888888888888,1.0,2.1753987117367846,209.7867596515704,1048.9337982578522,0.049260377160658994,0.0,0.8867466894773429,0.0010287434281215672,0.0,0.0,0.0,0.01091318020028047,0.0,0.0,10.598742063723098,0.006014065304058661,0.0,3
IEEE33,gcn,TP6,7,32736,692.5745838655321,-953.2730121297142,-4766.365060648571,14.388302008075664,0.0,3.6049362286795072,0.4239494370089636,0.6005746920903524,0.9580249587694804,1.0008082787195842,1.0952043135960896,0.0,0.0,0.0,1.0,1.0,6.08613501777364,7.754591989160022,38.7729599457997,0.016215060161590057,0.0,1.5280178413599907,0.0018766157077620845,0.017050787129002282,0.0014508067558573108,0.00019453247946271823,0.05397143349856612,0.0,0.0,0.0,0.0,0.0,3
IEEE33,gcn,TP6,8,32832,420.9351701388341,-589.90436343352,-2949.5218171676,9.421347701944958,10.675057456976006,5.216550604365101,0.286210185330775,0.5669371287027994,0.9607006311416626,1.0035906235376995,1.070910930633545,0.0,0.0,0.0,1.0,1.0,20.90685301515173,28.057802443585107,140.28901221792586,0.32347271971008085,0.3490065287697202,0.993542371198569,0.005386645284272054,0.0055006931488433344,0.002114022693366069,0.0021385682871178416,0.0,0.0,0.0,0.0,0.0,0.0,3
IEEE33,gcn,TP6,9,32928,684.0013614565282,-1089.7634782572588,-5448.817391286294,14.228814165466304,9.064977107473494,5.152105034452887,0.43798116222023964,0.8285819292068481,0.9453467726707458,1.0032271544138591,1.574663162231445,0.0046532453841334,0.0,7.0,0.9340277777777778,1.0,16.157032991062657,12.519890378399868,62.5994518919997,0.23291478386537356,0.3070544124912048,0.8572797188598243,0.0038265514349696697,0.0,0.0,0.002626173046923404,0.0,0.0,0.0,1.0,0.00601406530405858,0.0,3
IEEE33,gcn,TP6,10,33024,821.2888041641063,-1268.5527862588563,-6342.763931294282,15.304783174713526,5.119722772832673,4.862674697166502,0.4611210736135642,0.8205568790435791,0.946021854877472,1.0016862154006958,1.5635414123535156,0.0039781538219831,0.0,7.0,0.9409722222222222,1.0,33.2580281334881,40.611484582562234,203.0574229128112,0.5310594091801946,0.5372723537485697,1.245983942221709,0.007805355373826857,0.0,0.0,0.00020755877867636904,0.0,0.0,0.0,2.6457513110645907,0.01202813060811716,0.0,3
IEEE33,gcn,TP6,11,33120,881.9426189405012,-1245.2637274374565,-6226.318637187283,17.555836150095725,0.0,3.8050348387109025,0.523935594699449,0.7486854592959086,0.9506699840227762,1.0002430280049641,1.4421615997950237,0.0,0.0,1.6666666666666667,1.0,1.0,6.603849988905185,51.12564443315188,255.62822216575952,0.10209628296470045,0.0,1.9522050830863116,0.002057869606004872,0.014244332954013244,0.0008175384774368775,0.00042093685226006705,0.04321118917077769,0.0,0.0,2.8867513459481287,0.0,0.0,3
IEEE33,gcn,TP6,12,33216,567.4212173493787,-811.352947592487,-4056.7647379624345,12.818173820934826,9.340869210712079,5.318000167162963,0.3815148154066668,0.7471850315729777,0.9515583713849386,1.0032650629679363,1.4565804799397786,0.0,0.0,1.0,1.0,1.0,15.704818943399417,39.233241001795044,196.16620500897537,0.3079668491703561,0.35037046716009296,0.971887808668567,0.005081889402868762,0.013597869005758045,0.001199970665876429,0.00234641003789284,0.027937069622510267,0.0,0.0,1.7320508075688772,0.0,0.0,3
IEEE33,gcn,TP6,13,33312,780.9968139402232,-1153.475686254228,-5767.3784312711405,20.24648494884983,0.15318973054436624,4.34678352708828,0.5722229406237602,0.7593875726064047,0.9496426184972128,1.001013159751892,1.4771853685379028,0.0003693476920119667,0.0,3.3333333333333335,0.9722222222222222,1.0,17.527379787921188,96.97946799319026,484.8973399659516,0.06802789797337894,0.06581082531217212,1.9531440821714188,0.0013232319690719798,0.01807178882315791,0.000650332855077611,0.00048562811082273797,0.04211814599654376,0.0006397289682230278,0.0,4.041451884327381,0.048112522432468864,0.0,3
IEEE33,gcn,TP6,14,33408,370.5907178227025,-527.8896507798383,-2639.448253899192,10.328286480773132,13.488958063292893,5.114213864018265,0.29925504016379517,0.6057958205540975,0.9585429032643636,1.0066489378611247,1.1414597431818645,0.0,0.0,0.0,1.0,1.0,13.85105515171394,18.886888572627576,94.43444286313758,0.31609379809987537,0.3343754506777537,0.87247736361059,0.006380200043327705,0.018551386033882785,0.0031353629956940164,0.003929576557690938,0.001382293147369096,0.0,0.0,0.0,0.0,0.0,3
IEEE33,gcn,TP6,15,33504,337.2924143480541,-474.94246854589636,-2374.7123427294814,9.326946733697513,2.0300911312551624,5.045044968054988,0.28196472115814686,0.5589479804039001,0.9613044261932373,1.0053459405899048,1.0412651697794597,0.0,0.0,0.0,1.0,1.0,26.285456050952405,35.0836910475568,175.41845523778392,0.5160758792373051,0.38832547084686053,1.4742391622874893,0.007771388838574719,0.03795247200499072,0.0023617477747204475,0.00367257543242557,0.060003804974108364,0.0,0.0,0.0,0.0,0.0,3
IEEE33,gcn,TP6,16,33600,566.090961639785,-807.7255712628365,-4038.6278563141823,15.14242668674001,3.529499479235676,5.127310081602624,0.4499962474736902,0.7612202962239584,0.9500227570533752,1.0019377867380779,1.470812161763509,7.396287140423333e-05,0.0,0.6666666666666666,0.9965277777777778,1.0,27.5129119441741,59.740593362830296,298.70296681415147,0.4558925382232085,0.48153355435954565,1.4903601152931218,0.0065831646137664325,0.008205933019752695,0.00023104255764924922,2.7907537147112406e-05,0.04824615756090409,0.00012810745114581537,0.0,1.1547005383792517,0.006014065304058548,0.0,3
IEEE33,gcn,TP6,17,33696,723.1037747012551,-1085.5969705358148,-5427.984852679074,17.257312180678106,4.35387929938858,5.059706906413375,0.502393369252483,0.7685644626617432,0.9502089619636536,1.0013374884923298,1.4994443257649739,0.0005659737346788667,0.0,4.0,0.9826388888888888,1.0,23.693237835989954,90.83511609363754,454.1755804681876,0.32188504584369504,0.32593045191182607,1.6285451988157547,0.0037518469142859127,0.019328571094407453,0.0019269346739516366,0.0004711160524242114,0.03775336231064724,0.0009802952642133044,0.0,3.605551275463989,0.030070326520293067,0.0,3
IEEE33,gcn,TP6,18,33792,886.1189416998441,-1233.7792651335396,-6168.896325667699,21.90109484360974,0.0,3.589585156846534,0.6020918076650964,0.755238393942515,0.9504381219546,1.0,1.4696828921635945,0.0,0.0,0.3333333333333333,1.0,1.0,6.268719467466103,13.883042263697531,69.41521131848738,0.08580632355006443,0.0,1.666226045452617,0.0019543362278179165,0.011475416519883031,0.0004202022294719363,0.0,0.04148842129970304,0.0,0.0,0.5773502691896258,0.0,0.0,3
IEEE33,gcn,TP6,19,33888,461.1958976153899,-671.9980724955599,-3359.9903624777994,14.191538134013365,10.349502456723531,5.244871284112228,0.4196552303102281,0.7630377610524496,0.9508778055508932,1.0045822461446126,1.482542355855306,2.7041009716029702e-05,0.0,0.6666666666666666,0.9965277777777778,1.0,13.57275753408055,30.09678689749934,150.48393448749707,0.43022368209031747,0.43546653488611925,0.9384831351237182,0.007935349169349789,0.008697725969950042,0.001510418127019473,0.0030114726897412882,0.044492437349388014,4.6836402716127105e-05,0.0,0.5773502691896258,0.006014065304058548,0.0,3
IEEE33,gcn,TP6,20,33984,434.4697207753906,-704.1314794118206,-3520.657397059103,14.411621758909893,9.181833958068575,5.108764006105031,0.4273813606964217,0.7865597009658813,0.9491518338521322,1.0038773616154988,1.527716040611267,0.0009254465177193999,0.0,4.0,0.9861111111111112,1.0,12.53038046370373,105.97064679239209,529.8532339619601,0.4249405630230533,0.43283663617831647,0.938427262059512,0.007962513762692656,0.0011433638747826407,0.0009352699289342507,0.0031990479530527305,0.006064296096808895,0.000801460194188846,0.0,4.58257569495584,0.015911721163041112,0.0,3
IEEE33,gcn,TP6,21,34080,303.31513060870594,-439.8314865231514,-2199.1574326157574,10.74322312621767,11.849618307630685,5.368501766117404,0.30297326565616656,0.6939246654510498,0.9525841474533081,1.0073304971059163,1.2749403317769368,0.0,0.0,0.0,1.0,1.0,10.102211589491343,13.927281238956747,69.63640619478356,0.2828512689638161,0.2921499244390209,0.9202964903641896,0.006087172348212165,0.049455738100701786,0.002503941970789671,0.0015672640396547854,0.11993271564678253,0.0,0.0,0.0,0.0,0.0,3
IEEE33,gcn,TP6,22,34176,241.26189843490738,-353.5517546998337,-1767.7587734991685,8.650639892082332,14.231588609061733,5.403749204122484,0.24542890137268433,0.6360642910003662,0.956692119439443,1.006348689397176,1.157275636990865,0.0,0.0,0.0,1.0,1.0,10.079012283042802,13.642987250017246,68.21493625008614,0.21915897331991657,0.18775310058519784,0.9611539438820359,0.005771888860997421,0.018632742837136593,0.0007631924662611848,0.0038317714387869624,0.08100503491712453,0.0,0.0,0.0,0.0,0.0,3
IEEE33,gcn,TP6,23,34272,618.5466494068559,-965.4983281793693,-4827.491640896847,18.258958320147258,0.02716582956014853,4.239300896532312,0.5449853541536464,0.7780822515487671,0.949846088886261,1.0010079145431519,1.496687610944112,0.0005472613313354,0.0,4.666666666666667,0.9791666666666666,1.0,3.0480089797052417,81.65231088545477,408.26155442727315,0.1612058692794652,0.04705259702793375,2.054134813019039,0.002855444588356073,0.014605348744110767,0.0014156728366797576,0.00029035274425600753,0.030057345904760904,0.0009478844308906985,0.0,4.041451884327381,0.036084391824351615,0.0,3
IEEE33,gcn,TP6,24,34368,701.1148175715683,-1075.7613169712324,-5378.806584856163,19.9794285008208,0.09373887638527427,3.8886990495136544,0.5682955831289291,0.7693905035654703,0.9503074884414673,1.0010545253753662,1.5149143934249878,9.323142897086667e-05,0.0,4.666666666666667,0.9930555555555555,1.0,6.209838735944809,98.37532186070584,491.876609303529,0.06491829554588845,0.049173095449101395,1.7627751796316902,0.002513185811350099,0.0025046329874348645,0.0007689144790180964,0.0004282644289139004,0.031236289826180718,0.00016148157183979003,0.0,5.033222956847167,0.012028130608117273,0.0,3
IEEE33,gcn,TP6,25,34464,895.4095789304897,-1240.621820608775,-6203.109103043874,23.000988968155742,0.0,3.289087213142689,0.6135721800641881,0.7477450172106425,0.9505757292111715,1.0,1.4593696196873982,0.0,0.0,0.0,1.0,1.0,7.836809966769513,10.067629985822174,50.33814992911113,0.06722557633682688,0.0,1.2608331752517388,0.0015653885585570442,0.004134846812338693,0.0007252375584848074,0.0,0.03961478475592979,0.0,0.0,0.0,0.0,0.0,3
IEEE33,gcn,TP6,26,34560,522.2889757436486,-735.8144573579233,-3679.072286789616,13.747187791576868,9.719498318823204,5.250558433142969,0.40468421309358543,0.7599513928095499,0.9512840112050375,1.0042766729990642,1.4853030840555828,0.0,0.0,0.0,1.0,1.0,18.759217906188294,25.435220547380403,127.17610273690165,0.44448437246420236,0.43989997381841406,0.9043849441086497,0.008432320732349384,0.006177229270490718,0.001742250500417595,0.003770078151748895,0.05570508463046036,0.0,0.0,0.0,0.0,0.0,3
IEEE33,gcn,TP6,27,34656,416.3906041128028,-660.732120487094,-3303.6606024354696,14.281574363706326,9.920215120866807,5.135538635226946,0.42439504774908227,0.7799765268961588,0.9499956170717875,1.0037025213241577,1.5145378510157268,0.0005772022626422,0.0,3.0,0.9861111111111112,1.0,12.582299184320142,75.25772989825796,376.28864949128956,0.4448461909501139,0.46570619763870397,0.958888028155537,0.008438854520598485,0.00010740221680050829,0.001492068348617908,0.0034463646995757324,0.004752736422592497,0.0004998718225700028,0.0,3.0,0.015911721163041112,0.0,3
IEEE33,gcn,TP6,28,34752,351.45495673540216,-508.92122877836226,-2544.6061438918114,14.346629289880868,0.0,3.8111715196355007,0.41675158341725665,0.7139500578244528,0.9517308274904887,1.000891129175822,1.3063877423604329,0.0,0.0,0.0,1.0,1.0,1.3551005616641305,1.600152536833998,8.000762684169855,0.08569650960771352,0.0,1.6835939919567613,0.002245754637631762,0.03403151861120546,0.0017231053144299063,0.0005318025724738632,0.11036550569507703,0.0,0.0,0.0,0.0,0.0,3
IEEE33,gcn,TP6,29,34848,379.2138168569025,-543.159293705225,-2715.796468526125,14.15310842146186,0.0,3.380644769068372,0.4019629162632756,0.6476309895515442,0.9557058612505595,1.0,1.1666870911916096,0.0,0.0,0.0,1.0,1.0,3.821782400492452,4.754998272819109,23.774991364095563,0.06927281486784469,0.0,1.2011809007758427,0.0018827620090672216,0.014715495393017019,0.0006982387818849078,0.0,0.07067987641740543,0.0,0.0,0.0,0.0,0.0,3
IEEE33,gcn,TP6,30,34944,493.2018920156308,-931.1591671849292,-4655.795835924645,16.610207436063522,2.562856176466553,4.860273258058355,0.49403849844303394,0.836994469165802,0.9447911977767944,1.001696268717448,1.5900484323501587,0.0052088175934883,0.0,11.333333333333334,0.9236111111111112,1.0,17.74328093190113,164.62928899790097,823.1464449895042,0.4415892023953049,0.36648056630920567,1.7100490302802813,0.005422486248538015,0.0,0.0,0.00010213894317864002,0.0,0.0,0.0,7.234178138070234,0.06935758456749368,0.0,3
IEEE33,gcn,TP7,0,32064,348.3874460774246,-486.50766648463906,-2432.5383324231952,9.352700691245277,12.680293297354387,5.182225344948455,0.20281940512359142,0.4137454430262248,0.9732502698898315,1.0054248968760173,1.049910585085551,0.0,0.0,0.0,1.0,1.0,14.476687945390571,19.925669711722737,99.62834855861377,0.3639976956568109,0.38086770849156143,1.0951882882326491,0.006867282368741321,0.016739004701937624,0.003070918516237959,0.0013250542405769366,0.020322816082395497,0.0,0.0,0.0,0.0,0.0,3
IEEE33,gcn,TP7,1,32160,280.4149805251888,-395.44787676495815,-1977.2393838247906,7.749498537286698,13.675233443774596,5.19720896950842,0.1760221268567774,0.37323596080144245,0.9751243591308594,1.0061333576838176,0.959481716156006,0.0,0.0,0.0,1.0,1.0,12.607917603133716,17.374259039248763,86.87129519624372,0.3408360927074776,0.39483926891812166,1.083446820800117,0.006003289296513545,0.007328196753497764,0.0019310718986735895,0.0008213045304219927,0.0,0.0,0.0,0.0,0.0,0.0,3
IEEE33,gcn,TP7,2,32256,507.79015443414374,-704.2168128997088,-3521.0840644985437,13.92884638296428,7.459303569445717,5.632069159907606,0.31441815156075686,0.5509465138117472,0.963300863901774,1.0009464820226033,1.406884789466858,0.0,0.0,0.0,1.0,1.0,12.791056750175569,17.084351263082954,85.42175631541443,0.20070675250677336,0.26769671855007393,1.3847821847078265,0.0023971887386749122,0.007309689123245547,0.00103302155320889,0.0001698720803695542,0.036329487377809624,0.0,0.0,0.0,0.0,0.0,3
IEEE33,gcn,TP7,3,32352,573.9995944600939,-791.4105817809701,-3957.0529089048505,13.568159107949997,9.515172860935136,5.475628379089399,0.31252578542464304,0.6134588321050009,0.9591875871022543,1.001696030298869,1.555200417836507,0.0,0.0,0.0,1.0,1.0,18.540519426233185,24.805810215432782,124.0290510771646,0.32302627451795685,0.3746341741449026,1.0990934735772433,0.0037711469108894784,0.020816459803741163,0.0014894676911647031,9.7933774925115e-05,0.06382882864148769,0.0,0.0,0.0,0.0,0.0,3
IEEE33,gcn,TP7,4,32448,781.6442271140244,-1063.8486668774237,-5319.243334387119,16.909953004130784,0.5954128390582003,4.125565008764913,0.37901953566405505,0.5994046727816263,0.9601348042488098,1.000835378964742,1.5184611479441326,0.0,0.0,0.0,1.0,1.0,13.814982521386254,17.96369441969263,89.81847209846251,0.1339647739811075,0.10195462738005277,1.9946143031143577,0.002069684308086209,0.02107400781215404,0.0004703545391452445,0.0005662524364932603,0.07925841781464711,0.0,0.0,0.0,0.0,0.0,3
IEEE33,gcn,TP7,5,32544,1373.782197222051,-1847.4570352554322,-9237.28517627716,24.68934980260133,0.0,2.4817824262847172,0.4930357115550173,0.6032095154126486,0.9609342614809672,1.0,1.5475624799728394,0.0,0.0,0.0,1.0,1.0,2.8702302521150846,3.6425808069016434,18.212904034509048,0.06967929786880647,0.0,1.1925388747702783,0.0007195450418035359,0.029972432532849057,0.00044736238374137584,0.0,0.10190862670399362,0.0,0.0,0.0,0.0,0.0,3
IEEE33,gcn,TP7,6,32640,1227.0099438331188,-1656.4836596806845,-8282.418298403421,24.442375873622222,0.0,2.658585097413868,0.4916714160806603,0.6015982429186503,0.9604909618695577,1.0,1.5444551308949788,0.0,0.0,0.0,1.0,1.0,1.1467414392251372,1.5684390532366967,7.842195266183672,0.0731385245322245,0.0,1.3046640920528652,0.000822796229466291,0.029578143788662237,0.0002484766682464299,0.0,0.09940866826079302,0.0,0.0,0.0,0.0,0.0,3
IEEE33,gcn,TP7,7,32736,691.2588960488051,-938.3501933693884,-4691.750966846943,14.329279580853296,0.0,3.4802869438250554,0.31810027091867393,0.43926892677942914,0.9708083073298136,1.0006691217422485,1.1106568177541096,0.0,0.0,0.0,1.0,1.0,8.607022261400187,11.075800117681233,55.37900058840626,0.015051293970959053,0.0,1.6863814058998063,0.001248121602818647,0.004801770671911768,0.00039295514852255234,9.852725306773238e-05,0.01007794093425949,0.0,0.0,0.0,0.0,0.0,3
IEEE33,gcn,TP7,8,32832,419.8166489540688,-579.8254705031713,-2899.1273525158563,9.381543142917804,10.680282410071294,5.270283443651978,0.21704926610820818,0.4224720597267151,0.970961292584737,1.0018523534138997,1.0657665729522705,0.0,0.0,0.0,1.0,1.0,19.77411488078175,26.44117868355429,132.20589341777176,0.2833283261811306,0.3356411930658069,1.168983077883659,0.004431945984028896,0.0,0.001336281794482602,0.00011100249879833469,0.0,0.0,0.0,0.0,0.0,0.0,3
IEEE33,gcn,TP7,9,32928,679.8797899198545,-931.1623783051969,-4655.811891525984,14.104185161856705,9.017513939099201,5.255384990204706,0.3320066920585102,0.6471442381540934,0.9563062985738119,1.0017115672429402,1.617735743522644,0.0,0.0,0.0,1.0,1.0,17.281816575811423,23.088309931121838,115.4415496556094,0.27727915490354127,0.34763868766842165,1.029574530557911,0.00349557602988267,0.0194566568896678,0.0006527126375455124,0.0001446825783561791,0.07019479045248073,0.0,0.0,0.0,0.0,0.0,3
IEEE33,gcn,TP7,10,33024,816.8859672331233,-1109.027358572185,-5545.136792860925,15.204998030556462,5.052300741317301,5.0938138016972685,0.3509013060894277,0.637640138467153,0.9574599663416544,1.0017478466033936,1.6231002410252888,0.0,0.0,0.0,1.0,1.0,34.84431590472967,46.46232466124317,232.31162330621598,0.5651056255101181,0.6104115203108631,1.5270698166669647,0.006258644694033387,0.02138309799777668,0.0006655467188917862,0.00026529335720230863,0.06654287452660672,0.0,0.0,0.0,0.0,0.0,3
IEEE33,gcn,TP7,11,33120,879.6247126965359,-1193.2010025650263,-5966.005012825131,17.477650186744608,0.0,3.7094883123915046,0.3980034782240787,0.5803429484367371,0.9614838560422262,1.0,1.488950292269389,0.0,0.0,0.0,1.0,1.0,5.1365316657308835,6.5111783315103615,32.55589165755126,0.128595889174917,0.0,2.009954713085587,0.001447672293265946,0.022977900192432562,0.0003897265108362996,0.0,0.07404305723537802,0.0,0.0,0.0,0.0,0.0,3
IEEE33,gcn,TP7,12,33216,562.5495777094288,-773.243516451617,-3866.2175822580853,12.685097328441897,9.289315548079813,5.235719151230334,0.2872856878158119,0.5629316369692484,0.963236133257548,1.0016330083211262,1.45863942305247,0.0,0.0,0.0,1.0,1.0,17.559760127778556,23.546571068392936,117.73285534196457,0.3552363385712956,0.3854225258874337,1.0878684005248531,0.003988344036473118,0.025450833078277012,0.0004786066005229746,0.00010721166394815476,0.07689863211950568,0.0,0.0,0.0,0.0,0.0,3
IEEE33,gcn,TP7,13,33312,778.8839327776165,-1066.7892807931328,-5333.946403965664,20.18373254873757,0.15327575966642004,4.540896343926518,0.4339073975053098,0.591714064280192,0.9602015217145284,1.0003892183303833,1.48639182249705,0.0,0.0,0.0,1.0,1.0,16.935831075849087,21.941606236558773,109.70803118279314,0.07823942830609655,0.06862239240888457,2.4369120569303835,0.0010172473806050208,0.01753345780335252,0.0002579777600422593,8.381396516746019e-05,0.04799332318607864,0.0,0.0,0.0,0.0,0.0,3
IEEE33,gcn,TP7,14,33408,368.62044899185594,-515.9931653523818,-2579.965826761909,10.26289333894179,13.452251003976778,5.213043060849891,0.22440572828054428,0.45920294523239136,0.9687883853912354,1.0032720565795898,1.1287713448206584,0.0,0.0,0.0,1.0,1.0,10.091227568178162,13.621561394735783,68.10780697367882,0.19749208286147835,0.23526429267350346,1.0546046951278127,0.0027943467407704264,0.009753967109417448,0.0023043243712503035,0.0012443284918860693,0.02956669585665661,0.0,0.0,0.0,0.0,0.0,3
IEEE33,gcn,TP7,15,33504,337.5923161425544,-466.52978232590635,-2332.648911629532,9.309194708659296,2.07716854146779,4.862280671732485,0.2109519882748524,0.3992616931597392,0.9717232783635458,1.0036111275355022,1.002044439315796,0.0,0.0,0.0,1.0,1.0,21.624360323358005,28.901471129302955,144.50735564651492,0.3935045252723918,0.3465641080298587,1.6832187586197798,0.004544175527816867,0.010214204149415254,0.00217649343901006,0.0016415625795590568,0.0,0.0,0.0,0.0,0.0,0.0,3
IEEE33,gcn,TP7,16,33600,564.1760394620445,-778.0081599409382,-3890.040799704691,15.039458509781435,3.463819985541196,5.359220573376535,0.3389606573101547,0.6030980745951334,0.9601254264513651,1.001414696375529,1.5410349766413372,0.0,0.0,0.0,1.0,1.0,32.37526505404494,42.90090786724553,214.50453933622745,0.507380361020318,0.48638711725566436,2.0510893244592605,0.0045235728572416865,0.019101950532498826,0.0014287090772434822,0.0003945749931303834,0.07245621066444045,0.0,0.0,0.0,0.0,0.0,3
IEEE33,gcn,TP7,17,33696,719.6883432103301,-986.0274242127934,-4930.137121063967,17.145334851471905,4.3033423104601844,5.31355497594034,0.3814829501012961,0.6177246967951456,0.958729604880015,1.001068154970805,1.565603256225586,0.0,0.0,0.0,1.0,1.0,22.7278363169016,30.088597991588347,150.4429899579415,0.23972917505597818,0.3301487294793641,1.9623542126795317,0.002529135721442088,0.016146691462030675,0.0012214974627281971,0.0007230767803169974,0.053465202391228414,0.0,0.0,0.0,0.0,0.0,3
IEEE33,gcn,TP7,18,33792,885.0665730794391,-1207.6414522290231,-6038.207261145115,21.802279491383548,0.0,3.585367689925173,0.4570302805966801,0.5863131483395895,0.9613609313964844,1.0,1.4844563802083333,0.0,0.0,0.0,1.0,1.0,3.540626810619944,4.412255349521774,22.06127674760916,0.10613081123196329,0.0,2.0241765375584406,0.0015316939825270907,0.017993125903101877,0.0007215146632391851,0.0,0.06341644322390563,0.0,0.0,0.0,0.0,0.0,3
IEEE33,gcn,TP7,19,33888,452.98239474214034,-634.8859483271837,-3174.4297416359186,13.94417956966391,10.162962580863367,5.627618343674499,0.31550442613661284,0.6007842620213827,0.9601465264956156,1.001729925473531,1.5252190033594768,0.0,0.0,0.0,1.0,1.0,11.42321299103155,15.155856863609664,75.77928431804848,0.1818137640079032,0.2053214556768839,1.117596488846833,0.0017045735199543966,0.02047124733309499,0.0014333691085235375,9.119388583673566e-05,0.03216048246090287,0.0,0.0,0.0,0.0,0.0,3
IEEE33,gcn,TP7,20,33984,428.7222628283319,-603.388940474391,-3016.944702371955,14.205902071253194,9.029425616657916,5.487552185379641,0.3217599596828222,0.6201980511347452,0.9590632120768229,1.0016220410664876,1.5738987525304158,0.0,0.0,0.0,1.0,1.0,10.714501170725487,14.425347748407507,72.12673874203776,0.28184939354527794,0.2943439690887855,1.1029700710643635,0.0027769192159846335,0.007086427641777073,0.00125099534583163,0.00012682643391429368,0.004733892457582123,0.0,0.0,0.0,0.0,0.0,3
IEEE33,gcn,TP7,21,34080,304.0659559183019,-431.47909831255674,-2157.3954915627837,10.760484211196102,11.890963453095305,5.3646029083030795,0.22786675372885332,0.5249336163202921,0.965500017007192,1.002811074256897,1.324124852816264,0.0,0.0,0.0,1.0,1.0,8.327461446883515,11.32328986187231,56.61644930936144,0.1655979340533319,0.19521748178111276,0.8434097012863574,0.0031902460795974574,0.015681655431453872,0.00043000011211501594,0.0006997956825773157,0.052886747691572124,0.0,0.0,0.0,0.0,0.0,3
IEEE33,gcn,TP7,22,34176,240.65048268590672,-345.8131337096294,-1729.065668548147,8.609724470383894,14.199741515443392,5.252039822670378,0.18986414393617043,0.4548582037289937,0.9706302285194397,1.0051414171854656,1.1491975784301758,0.0,0.0,0.0,1.0,1.0,9.332424210419035,12.84292319163969,64.2146159581985,0.1876100480349221,0.22588853957728922,0.8242992300483772,0.005883437028647265,0.009993285700103952,0.00022727877885612833,0.000546625775222193,0.034870399214653604,0.0,0.0,0.0,0.0,0.0,3
IEEE33,gcn,TP7,23,34272,614.6672567227837,-850.7882236306865,-4253.941118153433,18.118355472444463,0.0,4.5299352775824495,0.41439471807744765,0.6115397214889526,0.9588040709495544,1.00079611937205,1.5385531584421794,0.0,0.0,0.0,1.0,1.0,3.68395700784021,4.57332162441111,22.866608122055258,0.12479870295767795,0.0,2.3132854417981297,0.001801569402357785,0.01891330201350609,0.0013695207604034066,2.4237137584960896e-05,0.0314503209803033,0.0,0.0,0.0,0.0,0.0,3
IEEE33,gcn,TP7,24,34368,698.776151825476,-962.0919007927179,-4810.45950396359,19.891380514982444,0.08863907846377135,4.261234598990476,0.42969557498064304,0.6085415085156759,0.9601601362228394,1.000349998474121,1.5541892846425374,0.0,0.0,0.0,1.0,1.0,5.380722645606825,6.762750276691862,33.813751383459135,0.07706117471631942,0.040729667534632426,2.2681059759294513,0.0019849965332573217,0.012648449229489125,0.0010364741400208028,4.541733131328834e-05,0.016341038461028638,0.0,0.0,0.0,0.0,0.0,3
IEEE33,gcn,TP7,25,34464,893.0213084615712,-1218.7441476186116,-6093.720738093059,22.896487602393705,0.0,3.406576262361868,0.46313975668615764,0.5884624918301901,0.9620506763458252,1.0,1.5242832501729329,0.0,0.0,0.0,1.0,1.0,4.176773618526372,5.287858392027271,26.439291960136202,0.089707898894216,0.0,1.6613322171243325,0.0012567443687530073,0.02822990963368701,0.0011706193494472423,0.0,0.0975114709383144,0.0,0.0,0.0,0.0,0.0,3
IEEE33,gcn,TP7,26,34560,516.432167453771,-715.6080603435636,-3578.040301717818,13.563900126238627,9.60350176648889,5.424004769258503,0.3042841648889912,0.5975327690442404,0.9609069426854452,1.0017060438791912,1.5362768173217773,0.0,0.0,0.0,1.0,1.0,13.056305654542975,17.309833230833767,86.54916615416856,0.17758695114530937,0.23331474880907618,1.2042161125159783,0.002064564777731501,0.020770749224696693,0.0015359745105479395,0.00012935204035406477,0.06517272061400067,0.0,0.0,0.0,0.0,0.0,3
IEEE33,gcn,TP7,27,34656,410.79144309657187,-580.3454800859093,-2901.727400429547,14.07966186190729,9.761968756782904,5.561221099875685,0.3201030689395136,0.6122471292813619,0.9596574505170187,1.0016770362854004,1.5564318895339966,0.0,0.0,0.0,1.0,1.0,12.54992309460645,16.846448626983957,84.23224313491987,0.27389957747558885,0.3120823268563617,1.117117487664929,0.0029692202769059884,0.004889302479806394,0.0007858318148498091,9.392035345490222e-05,0.014180384254206157,0.0,0.0,0.0,0.0,0.0,3
IEEE33,gcn,TP7,28,34752,349.4648215971899,-493.3809870743503,-2466.9049353717514,14.26253744747561,0.0,3.5531860805530733,0.31297603911823696,0.5195029377937317,0.9657956957817078,1.0002989371617634,1.328771710395813,0.0,0.0,0.0,1.0,1.0,4.276597242255424,5.533094142942727,27.665470714713617,0.0573789167187541,0.0,1.3699583740887562,0.0011711439918881687,0.026464000588601842,0.0004292293363922469,0.0001249461978098152,0.04781186971255429,0.0,0.0,0.0,0.0,0.0,3
IEEE33,gcn,TP7,29,34848,378.14465469512373,-529.0037454366684,-2645.018727183342,14.078761199249632,0.0,3.092367851034154,0.29968495232363535,0.4607856472333272,0.9696367383003235,1.0,1.1526451110839846,0.0,0.0,0.0,1.0,1.0,5.115191804651564,6.567435011095194,32.83717505547616,0.05290203320778173,0.0,0.9569715081228959,0.0007919418592100562,0.024491755719271577,0.0003942368132990912,0.0,0.07068203330363912,0.0,0.0,0.0,0.0,0.0,3
IEEE33,gcn,TP7,30,34944,492.87916792599714,-689.4798852731784,-3447.399426365892,16.605275362412097,2.569608486689495,5.295442033827425,0.37719629518687725,0.6565377712249756,0.9557307362556458,1.00151260693868,1.6354862054189045,0.0,0.0,0.0,1.0,1.0,16.02545036064617,21.41833032793994,107.0916516396997,0.33825166070465834,0.363952801237229,1.9182259877149768,0.003898407960140814,0.008962730157104259,0.0016539502329207978,0.0004556398672965313,0.011664741515895343,0.0,0.0,0.0,0.0,0.0,3
IEEE33,mlp,TP1,0,32064,364.340747685379,-512.9312098144243,-2564.6560490721217,9.750360732475505,13.098970537878962,4.387297108320378,0.2460598837998178,0.4811580777168274,0.9699737429618835,1.0025113026301067,1.0308343370755513,0.0,0.0,0.0,1.0,1.0,16.47227876062025,22.779347144784364,113.89673572392198,0.4071939189662362,0.4686732548147174,0.6671083137390099,0.008794873401596607,0.037964630290827805,0.003846424434594112,0.0004026779048026111,0.03440584785730383,0.0,0.0,0.0,0.0,0.0,3
IEEE33,mlp,TP1,1,32160,295.8449610146694,-420.00926059981185,-2100.046302999059,8.14242031252968,14.055918234821652,4.343495612529549,0.2100555722912152,0.44354599714279175,0.9723419745763143,1.00359042485555,0.9515868226687113,0.0,0.0,0.0,1.0,1.0,16.699657265967204,23.469498641282954,117.34749320641485,0.4343911014590929,0.48055789809453736,0.5521001305107525,0.011930756474385467,0.016999891706005982,0.0019129930276123982,0.0013825173961452097,0.027631516711383006,0.0,0.0,0.0,0.0,0.0,3
IEEE33,mlp,TP1,2,32256,517.521914879484,-725.4450610463819,-3627.225305231909,14.118271547595498,7.652331416374082,4.516343553771635,0.3816364037079943,0.7081461151440939,0.9555074771245321,1.0013771851857503,1.4895482460657756,0.0,0.0,0.0,1.0,1.0,22.56945087931495,30.817930786798662,154.08965393399274,0.517277356629145,0.5701627016670646,0.7240668868021097,0.008925638721109184,0.037591189705729354,0.0024535611075857298,0.0005004765227858018,0.08002002026355542,0.0,0.0,0.0,0.0,0.0,3
IEEE33,mlp,TP1,3,32352,595.2067568070696,-827.9780417189003,-4139.890208594501,13.97245913140902,9.913260552076787,4.57035095252307,0.38226933653155964,0.7287784417470297,0.9538763761520386,1.0017437934875488,1.550762454668681,0.0,0.0,0.0,1.0,1.0,25.29184768460127,34.16925270122157,170.8462635061078,0.4956055562640823,0.49254518941874903,0.7288501873226635,0.007939531308912572,0.03695126785069898,0.002687403148465587,6.306306624810934e-05,0.09217680102360082,0.0,0.0,0.0,0.0,0.0,3
IEEE33,mlp,TP1,4,32448,774.6194901318789,-1063.760655627648,-5318.80327813824,16.78365151737224,0.4736402567576546,3.6786676941980403,0.45198623670472043,0.7247002919514974,0.9544671972592672,1.0009998480478923,1.559782862663269,0.0,0.0,0.0,1.0,1.0,9.69348685771019,12.68414187726609,63.420709386330714,0.11192295370120225,0.04270682486225374,0.10671296484163856,0.0011417915517678609,0.04530616510850038,0.003129804407918517,0.0004571320529443939,0.09909824633931161,0.0,0.0,0.0,0.0,0.0,3
IEEE33,mlp,TP1,5,32544,1382.1506774261852,-1870.5542336146038,-9352.771168073019,24.836183578180755,0.0,2.929484271188515,0.5908701132155126,0.7582147320111593,0.9529809753100077,1.0,1.6023574272791545,0.0,0.0,0.0,1.0,1.0,5.014336851543846,6.6553897741029795,33.276948870515426,0.08884517369375249,0.0,0.4854864479060136,0.001827117845035443,0.029542943142380623,0.0028394005621514592,0.0,0.08151486095349454,0.0,0.0,0.0,0.0,0.0,3
IEEE33,mlp,TP1,6,32640,1233.113618883736,-1676.5232774098715,-8382.616387049356,24.565606442431868,0.0,2.7716642454646987,0.5886100412656864,0.760439395904541,0.952642023563385,1.0,1.6020591656366985,0.0,0.0,0.0,1.0,1.0,4.185786550713599,5.622582681839834,28.112913409198843,0.08137928904345298,0.0,0.523862649082505,0.001708854662149746,0.02270145375290054,0.0023493583664803775,0.0,0.07031297708133913,0.0,0.0,0.0,0.0,0.0,3
IEEE33,mlp,TP1,7,32736,689.4335281518479,-944.07297017773,-4720.36485088865,14.3465368739647,0.0,2.7335278582307847,0.38295741669005817,0.5324201583862305,0.9653061827023822,1.0006451606750488,1.1005802154541016,0.0,0.0,0.0,1.0,1.0,1.9555295617266495,2.454515128906477,12.272575644532171,0.05381493241498695,0.0,0.6618687749354585,0.0014353196956929833,0.03698604165512124,0.003153429716444198,4.647343230778162e-05,0.023674291089297382,0.0,0.0,0.0,0.0,0.0,3
IEEE33,mlp,TP1,8,32832,434.4920579399133,-604.6157590857397,-3023.0787954286984,9.66078050395682,10.904396634919626,4.516149385168428,0.26148790224558777,0.49967581033706665,0.9682579835255941,1.00164798895518,1.055484135945638,0.0,0.0,0.0,1.0,1.0,25.04190508649664,34.05906462117949,170.29532310589732,0.48001601699009144,0.5938097533956698,0.6975596459333215,0.00905419012448767,0.015427391681355046,0.0015770845013821288,0.00020561944968462936,0.02630719607697967,0.0,0.0,0.0,0.0,0.0,3
IEEE33,mlp,TP1,9,32928,699.8631086647497,-986.4358948533733,-4932.179474266867,14.52383633628053,9.364675009775032,4.642195557822862,0.4044680918256442,0.7695358196894327,0.9514695405960083,1.0018699963887532,1.6328245004018147,0.0,0.0,1.0,1.0,1.0,29.062743202785583,42.018098871158145,210.0904943557909,0.5183022764287281,0.5167017084492507,0.6414205585251392,0.008456581879030124,0.0205083653254674,0.0015368167454930298,4.7805352835105e-05,0.061009587170417524,0.0,0.0,1.7320508075688772,0.0,0.0,3
IEEE33,mlp,TP1,10,33024,827.8270836739681,-1139.1452995697657,-5695.726497848828,15.455052395496617,5.2313320531643095,4.656589488593461,0.42335315007302493,0.7613398830095927,0.9518230756123861,1.0017250378926594,1.61808180809021,0.0,0.0,0.3333333333333333,1.0,1.0,37.496488982364596,47.979872965394165,239.8993648269708,0.5860773690447886,0.5572302929126289,0.8208576576838842,0.008844135674075668,0.02775000926592919,0.0017274667346250635,0.00013304570288816356,0.07658264873174918,0.0,0.0,0.5773502691896258,0.0,0.0,3
IEEE33,mlp,TP1,11,33120,880.2672990949274,-1203.8840871284406,-6019.420435642202,17.457477141940256,0.0,3.0314470802496474,0.476909810056289,0.703720768292745,0.9560191432634989,1.0,1.5189115206400554,0.0,0.0,0.0,1.0,1.0,5.6097395161852495,7.487791754377551,37.43895877188801,0.10460274033225492,0.0,0.4563743869391151,0.0016651749577988692,0.04387139184031674,0.0032480648345313665,0.0,0.09807205136049514,0.0,0.0,0.0,0.0,0.0,3
IEEE33,mlp,TP1,12,33216,580.873518601754,-805.5518165290356,-4027.759082645178,13.087214452121296,9.634925497150846,4.649778890001992,0.35333185456693167,0.6853266954421997,0.9575947324434916,1.001861612002055,1.4839917818705242,0.0,0.0,0.0,1.0,1.0,23.64341503632023,32.05839526227801,160.2919763113903,0.4851070922344987,0.5140413705078735,0.6261093844417486,0.008135293031360565,0.042309380786048977,0.0033342207186748377,0.00018263642567948053,0.09739092339301839,0.0,0.0,0.0,0.0,0.0,3
IEEE33,mlp,TP1,13,33312,785.0616220992166,-1085.3911941250165,-5426.955970625083,20.187171598989533,0.15357619685385457,3.2751553490591427,0.5184795020355119,0.7176510890324911,0.9546073277791342,1.0010277032852173,1.5382330417633057,0.0,0.0,0.0,1.0,1.0,8.561331411023966,11.486155727819199,57.43077863909552,0.15083283007471285,0.0884271047360939,0.5329282925423833,0.002606849118033938,0.017839455149633997,0.001288764838726892,0.0005564005060058624,0.05360689604220159,0.0,0.0,0.0,0.0,0.0,3
IEEE33,mlp,TP1,14,33408,378.5364358533547,-535.2181233424693,-2676.0906167123467,10.474993355416094,13.685386232031894,4.301890448907329,0.2738005494078,0.5247568289438883,0.966282327969869,1.0020978848139444,1.1181532144546509,0.0,0.0,0.0,1.0,1.0,16.203696927751107,22.254737623057498,111.27368811528747,0.4001974605470353,0.47756955282601987,0.6574748076902671,0.00715737297537036,0.027065060473133465,0.0032968273161464445,0.000161282561978652,0.03903141769389002,0.0,0.0,0.0,0.0,0.0,3
IEEE33,mlp,TP1,15,33504,332.89506021988456,-465.5818835033793,-2327.909417516896,9.184257852060208,2.0754874267601138,4.214764078100226,0.2520094153781732,0.46775851647059125,0.9702432751655579,1.0019336938858032,0.9973363081614176,0.0,0.0,0.0,1.0,1.0,10.587093985320635,14.513510205731919,72.56755102865942,0.27468284324890935,0.2775763385303368,0.40648781816279994,0.004888374752967142,0.013527971678061669,0.0021263965268858587,0.00047360234949513026,0.021276563870112345,0.0,0.0,0.0,0.0,0.0,3
IEEE33,mlp,TP1,16,33600,570.2667550767693,-794.6542006408175,-3973.2710032040873,15.136491455037648,3.4734850669012762,4.473581823347289,0.40892453491687775,0.7257979512214661,0.9541284044583639,1.0016793012619019,1.5208412806193035,0.0,0.0,0.0,1.0,1.0,12.789896449127902,17.73803565241183,88.69017826205896,0.2926928864760477,0.40960437889955814,0.6443873719503757,0.006504271108650531,0.03413940720717958,0.0024444300773450727,0.00042213958613357264,0.06640777375650389,0.0,0.0,0.0,0.0,0.0,3
IEEE33,mlp,TP1,17,33696,721.2547896275559,-997.6836819981536,-4988.418409990768,17.159770170216404,4.378280220934514,4.401580090560425,0.4580966408054034,0.7448566754659017,0.9528895219167074,1.001336415608724,1.582496205965678,0.0,0.0,0.0,1.0,1.0,25.198552420114286,34.11628898452983,170.5814449226492,0.5078367293549862,0.5110872906235219,0.5634082034096779,0.008497429317613613,0.03712466619252508,0.002477752497290195,0.0005600162808250476,0.08838913628001147,0.0,0.0,0.0,0.0,0.0,3
IEEE33,mlp,TP1,18,33792,890.0341198945185,-1225.3250013987224,-6126.625006993611,21.873660359608095,0.0,2.9430006641331885,0.5469790425979429,0.7201792399088541,0.9551058411598206,1.0,1.5369145075480144,0.0,0.0,0.0,1.0,1.0,2.0180528433134732,2.8431594700453795,14.215797350226255,0.08320231204526138,0.0,0.7133177977139815,0.0017017551791606725,0.030423072065345846,0.0025107245161335705,0.0,0.06332401175234108,0.0,0.0,0.0,0.0,0.0,3
IEEE33,mlp,TP1,19,33888,464.5849235773823,-658.6682285512487,-3293.3411427562437,14.180999699699461,10.384469872039539,4.502141342413812,0.3838544560389386,0.7296303510665894,0.9540292223294576,1.0019900401433308,1.534064531326294,0.0,0.0,0.0,1.0,1.0,17.545828668220707,24.061053140969033,120.305265704845,0.4652948056457076,0.47504608220052247,0.7023454242187115,0.007682542408481634,0.04005407802717775,0.0026664405379199143,0.00010364727300962866,0.08026416241316059,0.0,0.0,0.0,0.0,0.0,3
IEEE33,mlp,TP1,20,33984,435.9289705069918,-621.5167748898267,-3107.583874449134,14.383606089937606,9.196644435526222,4.5074048196116365,0.3907997403293848,0.7540321350097656,0.952472468217214,1.0018933614095051,1.5797775586446126,0.0,0.0,0.0,1.0,1.0,13.642356118618007,18.882259677263736,94.41129838631863,0.4168979678125911,0.4440592393622913,0.6820218248675011,0.00704734476283697,0.04245277431459273,0.002731739682243769,0.00018376700030185863,0.08593133714778942,0.0,0.0,0.0,0.0,0.0,3
IEEE33,mlp,TP1,21,34080,305.42989158500774,-439.04747786323225,-2195.2373893161616,10.695878145492998,11.86214752327926,4.326586713869161,0.27420021717747045,0.5352607369422913,0.964460551738739,1.002122402191162,1.1259115934371948,0.0,0.0,0.0,1.0,1.0,11.668303836135234,16.248908358528478,81.24454179264234,0.34756928989418145,0.43660656757412136,0.6955351958512301,0.006534398844816494,0.03321814921863347,0.0012275479145686461,0.0001849776350076052,0.11656190101669257,0.0,0.0,0.0,0.0,0.0,3
IEEE33,mlp,TP1,22,34176,243.37179144093227,-353.3678342736637,-1766.8391713683184,8.56911823327736,14.159464129884512,4.292242239025672,0.22220368641946045,0.47738349437713623,0.9702386061350504,1.0026300350824993,1.0171286066373189,0.0,0.0,0.0,1.0,1.0,13.032525117799754,18.315561885652507,91.57780942826281,0.37380760638193256,0.4478584880062527,0.6335226240581976,0.009066428188789947,0.015572413933321141,0.0011498267653350085,0.0006991474150529359,0.029079470845170253,0.0,0.0,0.0,0.0,0.0,3
IEEE33,mlp,TP1,23,34272,612.7506823198634,-858.3532083878914,-4291.766041939457,18.01144031982136,0.0,2.947426590899534,0.494878275733855,0.7406274278958639,0.9533920089403788,1.0009423891703289,1.546145995457967,0.0,0.0,0.0,1.0,1.0,3.7322503498540867,4.967821228819336,24.83910614409686,0.08960935327956354,0.0,0.6557728694223877,0.0018525877703332995,0.0364259624392347,0.0018828211347619813,0.00033155273899502065,0.07541555055483781,0.0,0.0,0.0,0.0,0.0,3
IEEE33,mlp,TP1,24,34368,698.080198844531,-971.8310443038741,-4859.155221519371,19.803031557465903,0.0416666877719929,3.2378211965551102,0.5152010870062642,0.7472448746363322,0.9538418054580688,1.0009214480717976,1.5739736954371135,0.0,0.0,0.0,1.0,1.0,2.5111264815821794,3.3244413449266017,16.62220672463331,0.06805335056785165,0.03776456076891832,0.24071560025809374,0.0010799717349052023,0.03627045001339977,0.002723460472873675,0.00045149394898444395,0.06966400999222622,0.0,0.0,0.0,0.0,0.0,3
IEEE33,mlp,TP1,25,34464,898.4770656290189,-1237.4586810588837,-6187.293405294418,22.961336655786056,0.0,2.5162848895052097,0.5562712889578608,0.7268014351526896,0.9552090167999268,1.0,1.5247678359349568,0.0,0.0,0.0,1.0,1.0,2.1815608191584475,3.0426494901157426,15.213247450579045,0.0769694556299491,0.0,0.5567804906603581,0.0016390376424433996,0.02195972458461415,0.001999431862732033,0.0,0.027309814827139404,0.0,0.0,0.0,0.0,0.0,3
IEEE33,mlp,TP1,26,34560,527.9963392369149,-739.1116616263986,-3695.558308131993,13.771753870809675,9.796794829092674,4.453702739586425,0.3708287771377298,0.7104660272598267,0.9554136196772257,1.0019476811091106,1.5070046186447144,0.0,0.0,0.0,1.0,1.0,21.387487164472493,29.049410153306376,145.24705076653154,0.46105175657626746,0.4838781582465405,0.6592583787904034,0.007739294141373211,0.03207803808116237,0.0025027924294307607,0.00015506477212401233,0.06375122843669068,0.0,0.0,0.0,0.0,0.0,3
IEEE33,mlp,TP1,27,34656,417.4378028732945,-597.5804508144656,-2987.9022540723286,14.227522947022104,9.925078598522292,4.543104333042191,0.38787287204629844,0.727590024471283,0.9541812936464945,1.001741607983907,1.5372377236684163,0.0,0.0,0.0,1.0,1.0,14.426420977013166,19.892544118566324,99.46272059283162,0.4108681182298425,0.45267241443963374,0.8063400046946327,0.006888482739369579,0.04092622672789276,0.002116697024674975,9.914331620471044e-05,0.08407438047256181,0.0,0.0,0.0,0.0,0.0,3
IEEE33,mlp,TP1,28,34752,346.81286396179894,-497.8661914944649,-2489.3309574723244,14.187415478813326,0.0,3.035359630338014,0.37654937224255663,0.5607405106226603,0.9634802937507629,1.0003703037897747,1.1540316343307495,0.0,0.0,0.0,1.0,1.0,2.4963081821438244,3.207392799633563,16.036963998167757,0.025026914012192997,0.0,0.6539816100285204,0.0005052623274754707,0.030002724631553287,0.0016701459255420831,0.00040945502303769765,0.09278744831148313,0.0,0.0,0.0,0.0,0.0,3
IEEE33,mlp,TP1,29,34848,379.5817623933504,-538.4965885877609,-2692.4829429388046,14.102991128005195,0.0,2.5850926669170273,0.36077001276943416,0.5213341116905212,0.9676961302757263,1.0,1.0977482795715332,0.0,0.0,0.0,1.0,1.0,0.6731383309005059,0.9567848814968953,4.783924407484176,0.06404416333519067,0.0,0.879443516975372,0.0015004317497631851,0.01972150407547206,0.0006151968695105233,0.0,0.03846719999343211,0.0,0.0,0.0,0.0,0.0,3
IEEE33,mlp,TP1,30,34944,485.4322607444149,-721.8207779506843,-3609.1038897534213,16.35739845889439,2.3425200232173116,4.436391440405134,0.4475638498034742,0.7673870722452799,0.950833797454834,1.0014934142430623,1.5969268878300984,0.0,0.0,1.6666666666666667,1.0,1.0,14.339549369752039,49.236245240247065,246.18122620123563,0.3409102289434567,0.27134110503632447,0.6931642578006334,0.0049028759789558635,0.02127110503087855,0.0012382095935047329,6.572847532133632e-05,0.04825933042487716,0.0,0.0,1.5275252316519468,0.0,0.0,3
IEEE33,mlp,TP2,0,32064,362.1727272392863,-502.79611571605005,-2513.9805785802505,9.691537811311036,13.064666109900378,4.373139982296267,0.18773030613859495,0.34362367788950593,0.976086954275767,1.003827651341756,1.0129586259524028,0.0,0.0,0.0,1.0,1.0,16.22919970383198,22.70855629124094,113.54278145620476,0.3998857507415177,0.4873041243919646,0.6585164321605025,0.010829848336425817,0.03410495464323228,0.003910483075107811,0.0015693879622492395,0.03778199585561358,0.0,0.0,0.0,0.0,0.0,3
IEEE33,mlp,TP2,1,32160,294.51664395566917,-412.23162228393295,-2061.1581114196647,8.106212300938656,14.047234152133099,4.350949705533121,0.1617346343894799,0.32499517997105914,0.9780016938845316,1.0056651433308919,0.9277231097221375,0.0,0.0,0.0,1.0,1.0,16.675433832291038,23.483008411811163,117.41504205905603,0.4339859224718328,0.49797074301581856,0.558925954157224,0.012471746806561622,0.010054812064827726,0.0024729248951601466,0.003845019945394994,0.007608179539419389,0.0,0.0,0.0,0.0,0.0,3
IEEE33,mlp,TP2,2,32256,512.9328164796277,-707.4152800415953,-3537.0764002079763,13.98689981196416,7.610020045989605,4.560033025363948,0.2852181355572409,0.5177365144093832,0.9644703467686971,1.0015703439712524,1.4704608917236328,0.0,0.0,0.0,1.0,1.0,21.66050407394836,29.2844350964587,146.42217548229328,0.4949684061921837,0.5659967049937195,0.7157936499081672,0.006116288735773943,0.02323520197632783,0.002017930777474616,0.0005829774512300987,0.06773661368155978,0.0,0.0,0.0,0.0,0.0,3
IEEE33,mlp,TP2,3,32352,590.1244418458333,-809.2946579143405,-4046.4732895717025,13.846971256409821,9.875317513138427,4.508776160138698,0.28573967475030154,0.5406870245933533,0.9628154834111532,1.0018248160680134,1.5268700520197551,0.0,0.0,0.0,1.0,1.0,24.896366824877262,33.3787612153719,166.8938060768592,0.48466858642789323,0.49811887423089934,0.7098162898416118,0.005664402020876936,0.03129076066582574,0.0024897854747890635,0.00020958540235121079,0.08749113351050564,0.0,0.0,0.0,0.0,0.0,3
IEEE33,mlp,TP2,4,32448,768.7549035527642,-1041.8155472805101,-5209.077736402552,16.650339057184226,0.45970152072082965,3.54047162733908,0.3372988767094082,0.5285406708717346,0.9638627370198568,1.001110553741455,1.5324008464813232,0.0,0.0,0.0,1.0,1.0,9.648668083775735,12.7247518995731,63.62375949786477,0.11227407023543899,0.06462000659103971,0.20276487698463355,0.00120257255262274,0.03275476866893272,0.0030098382384968637,0.0005684733304564951,0.09561258474025897,0.0,0.0,0.0,0.0,0.0,3
IEEE33,mlp,TP2,5,32544,1372.4166435861553,-1838.5532312393188,-9192.766156196594,24.653420656901137,0.0,2.6473328867475874,0.43586617108020514,0.5466514229774475,0.9631538788477579,1.0,1.5623201131820679,0.0,0.0,0.0,1.0,1.0,2.6765145478440036,3.558598429433878,17.792992147169556,0.0694590838235242,0.0,0.4713953896163553,0.0010981184464201052,0.023378553213451832,0.0025569028649414663,0.0,0.07333809914570298,0.0,0.0,0.0,0.0,0.0,3
IEEE33,mlp,TP2,6,32640,1224.4875324668758,-1646.0807644526164,-8230.403822263082,24.393438986900225,0.0,2.6103840693340756,0.43454820724825066,0.5505253275235494,0.9627474149068197,1.0,1.5715968608856201,0.0,0.0,0.0,1.0,1.0,2.5906355860538617,3.4993705400226536,17.496852700114115,0.0684697102746733,0.0,0.5883174919251563,0.0010724328250119966,0.019304759764208826,0.0022572826636328125,0.0,0.0660156351041474,0.0,0.0,0.0,0.0,0.0,3
IEEE33,mlp,TP2,7,32736,685.6007194186808,-926.7978006998698,-4633.989003499349,14.268559548852673,0.0,2.7325348352181194,0.2844647512667709,0.3933153748512268,0.9720374147097269,1.0001638333002727,1.0891571442286174,0.0,0.0,0.0,1.0,1.0,1.7293701215571868,2.1555257422224674,10.777628711112321,0.03507313271330509,0.0,0.6772283143517165,0.0007974298077831831,0.031163159289190483,0.0034299109514896284,0.00016135030552490495,0.0314184589770021,0.0,0.0,0.0,0.0,0.0,3
IEEE33,mlp,TP2,8,32832,432.5843834489271,-594.2078933355709,-2971.0394666778543,9.615522164851862,10.891855247629872,4.5343984381841045,0.1980689366658528,0.3691505988438924,0.9742240707079569,1.00189208984375,1.0521347522735596,0.0,0.0,0.0,1.0,1.0,24.835998214225597,33.701220979466434,168.5061048973323,0.47744200471041187,0.6077799920042604,0.7033579446608175,0.008284456072220722,0.010080558920766614,0.00208684610453814,0.0002986440629242003,0.02391638930964066,0.0,0.0,0.0,0.0,0.0,3
IEEE33,mlp,TP2,9,32928,694.648194750164,-946.9615027040244,-4734.807513520122,14.41462473671796,9.351102727125529,4.610675774457882,0.3028396405279636,0.5717842777570089,0.9603849450747172,1.0017478068669636,1.6373587449391682,0.0,0.0,0.0,1.0,1.0,28.526546007818478,38.133297381543166,190.66648690771615,0.5018734446162065,0.5185971709749857,0.6262686697279011,0.005893945420867652,0.03134367026130547,0.0029486756945813083,0.0004700966502475983,0.09362744230296322,0.0,0.0,0.0,0.0,0.0,3
IEEE33,mlp,TP2,10,33024,819.5541182289995,-1108.3506672586004,-5541.753336293002,15.300725074849614,5.178434101676496,4.684154893273271,0.3164973724633455,0.5645993749300638,0.9611537655194601,1.0017414093017578,1.6217217445373535,0.0,0.0,0.0,1.0,1.0,34.19720843026506,45.48647364189066,227.43236820945287,0.5310617850253734,0.5208191291959189,0.7004354718245845,0.0058006385403898,0.03161174803871479,0.003182748794375016,0.000584117891787346,0.09228197122551321,0.0,0.0,0.0,0.0,0.0,3
IEEE33,mlp,TP2,11,33120,873.5853386488369,-1179.886090018352,-5899.43045009176,17.328814344650556,0.0,2.8871541970523737,0.35423505989213777,0.5107976992925009,0.9652921756108602,1.0000906387964885,1.4877774715423584,0.0,0.0,0.0,1.0,1.0,4.5220661490002385,5.992042113718267,29.960210568591357,0.09258703556048081,0.0,0.5431044814321349,0.0010507538678338863,0.0356094109467897,0.003185913540893407,0.00012775155903025102,0.08368843782948328,0.0,0.0,0.0,0.0,0.0,3
IEEE33,mlp,TP2,12,33216,575.3096053678003,-787.0482942258318,-3935.241471129159,12.971365143349885,9.597432739182166,4.577321755706692,0.26325316499504775,0.4990983009338379,0.9662266770998637,1.0022162596384685,1.4480692942937214,0.0,0.0,0.0,1.0,1.0,22.298294498345182,29.97472872807478,149.87364364037404,0.45946451361103496,0.5033348390506349,0.6424688497713325,0.0055052329382386895,0.03252332923099223,0.002889497931729814,0.0007780892728604443,0.0975463480339042,0.0,0.0,0.0,0.0,0.0,3
IEEE33,mlp,TP2,13,33312,780.1189707395115,-1062.3967283556858,-5311.983641778429,20.049912061497327,0.15428099885514704,3.1561094061896466,0.38569040161867935,0.5463391542434692,0.9623655875523885,1.0014197429021199,1.5474708477656047,0.0,0.0,0.0,1.0,1.0,8.521810896818753,11.317023174276812,56.58511587138449,0.13348823076882244,0.08960682328861312,0.5356975332791724,0.0016107677389266117,0.028744296846856796,0.002256741753701923,0.0007531704077985079,0.06885886328471828,0.0,0.0,0.0,0.0,0.0,3
IEEE33,mlp,TP2,14,33408,376.0047595554128,-523.4473731096833,-2617.236865548417,10.403877059896237,13.656031918814692,4.307941964738337,0.20603323582973743,0.38588567574818927,0.9722447991371155,1.0029529333114624,1.0988833109537761,0.0,0.0,0.0,1.0,1.0,15.59245663112279,21.428664087143392,107.14332043571711,0.37813760818114106,0.465643635161971,0.6180190619486255,0.0070297658110823735,0.027441426912557833,0.0035427626285956205,0.001475223512335743,0.034273720333226426,0.0,0.0,0.0,0.0,0.0,3
IEEE33,mlp,TP2,15,33504,331.1791578266107,-455.56521949370705,-2277.826097468535,9.133316399550381,2.066399583165195,4.2205925631221675,0.18965507484972474,0.34404834111531574,0.9758895834287008,1.002334992090861,0.9931816260019938,0.0,0.0,0.0,1.0,1.0,10.090882621006932,13.710259660203354,68.55129830101667,0.2593036222990433,0.28420390533275036,0.41494389142474813,0.00385412224624565,0.0076534259001841435,0.0029535511119456377,0.0002898140464266953,0.01637385247821468,0.0,0.0,0.0,0.0,0.0,3
IEEE33,mlp,TP2,16,33600,565.8295356226881,-775.7914703396459,-3878.9573516982296,15.008480722606294,3.4144029377258787,4.476894601929602,0.3044496811926365,0.5378429492314657,0.9624200264612833,1.0017213026682537,1.5214222272237141,0.0,0.0,0.0,1.0,1.0,12.06274567876605,16.510158724234742,82.55079362117343,0.261873214977947,0.40366878507278536,0.6250731246027109,0.004368518761543962,0.02492573305296046,0.0023891104221377478,0.000531984531863363,0.07162208396940743,0.0,0.0,0.0,0.0,0.0,3
IEEE33,mlp,TP2,17,33696,715.6283062035872,-975.9313667724531,-4879.656833862265,17.011116632727028,4.348044947381179,4.320690737239255,0.3425735940949784,0.5520501732826233,0.9620798826217651,1.0017666419347127,1.558988889058431,0.0,0.0,0.0,1.0,1.0,24.606718485117963,33.0274190843739,165.1370954218694,0.49362946019624887,0.5112665324927375,0.5275491120133297,0.005777935815230203,0.03387362919673232,0.002564501197142492,0.0007363261700181539,0.09591954985734898,0.0,0.0,0.0,0.0,0.0,3
IEEE33,mlp,TP2,18,33792,884.0556747847864,-1199.8027893384296,-5999.013946692149,21.730073440548665,0.0,2.864222537245238,0.404759434155292,0.5266087055206299,0.9642365972201029,1.0,1.525957465171814,0.0,0.0,0.0,1.0,1.0,1.910656901374479,2.630092504390039,13.150462521950416,0.07865681027326239,0.0,0.7181124405026466,0.0011168350095928927,0.0229197001374954,0.002330985001435903,0.0,0.05445040324451992,0.0,0.0,0.0,0.0,0.0,3
IEEE33,mlp,TP2,19,33888,460.38032974147524,-640.9448356563846,-3204.7241782819233,14.043970814608201,10.332650804627045,4.456847078842315,0.2859510839399364,0.5383260448773702,0.9631273150444031,1.0019634167353313,1.525860071182251,0.0,0.0,0.0,1.0,1.0,15.934949753954765,21.63944488583904,108.19722442919574,0.4136437735432627,0.4482928859098891,0.6100906659831897,0.005229253750995749,0.02577122278768025,0.002145643283656177,0.0002995973341946102,0.07260365668636089,0.0,0.0,0.0,0.0,0.0,3
IEEE33,mlp,TP2,20,33984,431.90975049443387,-603.8655431717634,-3019.327715858817,14.246728418010301,9.138008770174062,4.517633538143689,0.29156867331928676,0.5498786568641663,0.9621839920679728,1.001935323079427,1.5547051827112834,0.0,0.0,0.0,1.0,1.0,12.821375828700454,17.53320613581423,87.66603067907124,0.38608160650664103,0.42977627275923896,0.7043620001055293,0.004877148361399452,0.0220706861029702,0.0020256051270444676,0.0003217152479300744,0.06335359287929838,0.0,0.0,0.0,0.0,0.0,3
IEEE33,mlp,TP2,21,34080,303.950731877509,-428.84647090757886,-2144.2323545378945,10.645938934610077,11.855865375920681,4.273613673692188,0.20792534616258407,0.3871564467748006,0.9707714716593424,1.002792755762736,1.115888277689616,0.0,0.0,0.0,1.0,1.0,11.597875097214493,16.296857921243486,81.48428960621746,0.3377797032453238,0.42854774107074517,0.6441600990656191,0.008104021199599222,0.018680023684771944,0.0020495201236020544,0.0005621807003681491,0.049936913874944575,0.0,0.0,0.0,0.0,0.0,3
IEEE33,mlp,TP2,22,34176,242.57554144967423,-345.8538077418382,-1729.269038709191,8.535466908272857,14.163375873677694,4.268187545821416,0.1702808079620202,0.3515738050142924,0.975582222143809,1.0037076075871785,1.0135223468144734,0.0,0.0,0.0,1.0,1.0,12.6554101914875,17.76387918579641,88.81939592898182,0.3595782323964415,0.4370651959765816,0.6062968247484364,0.009477076888697965,0.008488961091054565,0.001872273836453367,0.0010515206910415892,0.022500133700499955,0.0,0.0,0.0,0.0,0.0,3
IEEE33,mlp,TP2,23,34272,608.3048078162295,-836.7455584069094,-4183.727792034547,17.86330948880025,0.0,2.868069917573036,0.3680584312727054,0.5522317886352539,0.9614735047022501,1.0010015567143757,1.5465892155965169,0.0,0.0,0.0,1.0,1.0,3.6983397719719906,4.852408695066186,24.262043475330376,0.06583247944368566,0.0,0.6374160450066381,0.0009993087526542046,0.02573197715899752,0.0022605297019920893,0.0009648490110106046,0.06647485733340312,0.0,0.0,0.0,0.0,0.0,3
IEEE33,mlp,TP2,24,34368,693.4862826991927,-949.25745134751,-4746.28725673755,19.662036883263266,0.04196877560410777,3.130920193855156,0.38213881001704264,0.5447919368743896,0.9629785418510437,1.0011526346206665,1.539482315381368,0.0,0.0,0.0,1.0,1.0,2.2912413504739972,3.0445072418596766,15.222536209298857,0.05940572769525056,0.03550483663536205,0.28801849718615036,0.0006720909551613078,0.034485044347654516,0.002732507387828794,0.000666525107130077,0.08663515607791994,0.0,0.0,0.0,0.0,0.0,3
IEEE33,mlp,TP2,25,34464,892.6992897942869,-1211.7177274862925,-6058.588637431462,22.8064767958179,0.0,2.4300352786262835,0.4102096625914176,0.5305813749631246,0.9650944073994955,1.0,1.5178080002466838,0.0,0.0,0.0,1.0,1.0,2.2310946947377075,3.0238085984251692,15.119042992126543,0.0667709613297418,0.0,0.6357854411140919,0.0010357914125286754,0.022884105954335415,0.0023596767253574007,0.0,0.06007708398125734,0.0,0.0,0.0,0.0,0.0,3
IEEE33,mlp,TP2,26,34560,522.4197053815109,-719.9560876746973,-3599.780438373486,13.623177881919824,9.728601347980236,4.455447838886758,0.2758427821099758,0.5239268938700358,0.9645420908927917,1.0020430088043213,1.5029468139012654,0.0,0.0,0.0,1.0,1.0,20.37570802025755,27.458302323572475,137.2915116178628,0.4314004710368443,0.4710541325625553,0.5892980699628445,0.00552713938572364,0.03401110046143369,0.0028671999915703917,0.0001722750770208151,0.08759328501608196,0.0,0.0,0.0,0.0,0.0,3
IEEE33,mlp,TP2,27,34656,413.06576725356757,-579.5366628612081,-2897.6833143060408,14.072239455532818,9.838718541426607,4.543842239179898,0.2893344670948055,0.5315191745758057,0.9634903073310852,1.0016706387201946,1.5111735264460247,0.0,0.0,0.0,1.0,1.0,13.235744940403443,18.021487371127854,90.10743685563925,0.36507731693008666,0.42315493155122696,0.7943091143450712,0.004453708743047819,0.019026433618214118,0.0013755631786024612,0.00044637966358666354,0.053490931585572325,0.0,0.0,0.0,0.0,0.0,3
IEEE33,mlp,TP2,28,34752,345.6680889882791,-484.43684239039817,-2422.184211951991,14.140833375222334,0.0,3.0116051296224313,0.2808897820197873,0.4070633848508199,0.9692747592926025,1.0005399386088054,1.1280044317245483,0.0,0.0,0.0,1.0,1.0,2.443121499389186,3.1870073423527394,15.935036711763816,0.020010269557802194,0.0,0.6693237541461515,0.00025637494135189554,0.012317498500691667,0.0005834731648586863,0.0006465789372719243,0.060475344436461125,0.0,0.0,0.0,0.0,0.0,3
IEEE33,mlp,TP2,29,34848,377.6500504630889,-524.3414975802103,-2621.707487901052,14.036317393215029,0.0,2.5574348452236157,0.2674782944636212,0.38287129004796344,0.9737263321876526,1.0,1.0922309954961142,0.0,0.0,0.0,1.0,1.0,0.5636967056088275,0.8058350901376056,4.029175450688504,0.05537372895730748,0.0,0.8266300883141825,0.0009807486642718476,0.012402667592070291,0.0009081439904784953,0.0,0.03734596352185435,0.0,0.0,0.0,0.0,0.0,3
IEEE33,mlp,TP2,30,34944,479.68585504444746,-666.8023177961509,-3334.0115889807544,16.159001317047455,2.293171354893685,4.396178596447446,0.3339039085225926,0.5720546642939249,0.9598692258199056,1.0015869140625,1.5959279934565227,0.0,0.0,0.0,1.0,1.0,13.534039894249487,18.178687455983823,90.89343727991886,0.3088809637136513,0.26081297928266217,0.5788722058117036,0.0032676474428901645,0.025007391894197362,0.001506026991953792,0.0006258910142174518,0.07436725568907207,0.0,0.0,0.0,0.0,0.0,3
IEEE33,mlp,TP3,0,32064,363.94628037226107,-510.91722828174625,-2554.5861414087317,9.739915661186311,13.096156998194125,4.388784097480409,0.23404228273365227,0.45174407958984375,0.9736554225285848,1.0021601517995198,1.0275800625483196,0.0,0.0,0.0,1.0,1.0,16.373166576423113,22.463570465018822,112.31785232509442,0.404343805061099,0.4714144079753257,0.6718668625115535,0.007245947738570289,0.03145781793935005,0.003056872267979188,0.00023722266229269024,0.034155433154390825,0.0,0.0,0.0,0.0,0.0,3
IEEE33,mlp,TP3,1,32160,295.80167209736436,-418.5195881575967,-2092.5979407879836,8.141171155808783,14.05846123847468,4.3414301413594805,0.19857721941338644,0.41647305091222125,0.9763732353846232,1.0031341314315796,0.9508240222930908,0.0,0.0,0.0,1.0,1.0,17.03930945494021,23.689402079337764,118.44701039668882,0.4435463923991442,0.4924203491303651,0.5607370590610604,0.010053471653476751,0.014399835086479705,0.0018199030117258838,0.0013604166682796416,0.02660481586142686,0.0,0.0,0.0,0.0,0.0,3
IEEE33,mlp,TP3,2,32256,516.4948415200823,-721.504182216525,-3607.5209110826254,14.089671413938012,7.641313190727782,4.528261645578688,0.360824129026797,0.6678585608800253,0.9609910249710083,1.0013756752014158,1.489050269126892,0.0,0.0,0.0,1.0,1.0,22.472846233390694,30.6328109666493,153.1640548332463,0.5155411169983305,0.5716455312424675,0.7137353300825163,0.008440727228867653,0.03692586286192532,0.002330379440044574,0.0004971609235919666,0.08002279589447298,0.0,0.0,0.0,0.0,0.0,3
IEEE33,mlp,TP3,3,32352,594.0919013162202,-823.818950500091,-4119.094752500455,13.945262664733852,9.90623932575226,4.550398150872778,0.36060140675140745,0.6824820439020792,0.9601703683535258,1.001743753751119,1.5382050275802612,0.0,0.0,0.0,1.0,1.0,25.246786534935254,34.0646404118943,170.3232020594715,0.4942678969595223,0.49642347424405414,0.7328507636273208,0.007548787351681411,0.03338791924876391,0.0017902928084311837,6.30635544905326e-05,0.08662413886887838,0.0,0.0,0.0,0.0,0.0,3
IEEE33,mlp,TP3,4,32448,773.2023156014038,-1058.5687761428455,-5292.843880714227,16.752171579701024,0.470859554712457,3.653158352989195,0.42517166315681404,0.6787281632423401,0.961268146832784,1.0010011196136475,1.5536203781763713,0.0,0.0,0.0,1.0,1.0,9.617150260151671,12.564310216360017,62.821551081800415,0.11439308108059176,0.04370503677666442,0.1050704290048185,0.0010706399756762561,0.03686154271923554,0.0023379297209628887,0.0004588510499123248,0.09189394993506325,0.0,0.0,0.0,0.0,0.0,3
IEEE33,mlp,TP3,5,32544,1379.8877701018475,-1863.204760869344,-9316.02380434672,24.795153842501616,0.0,2.8593353064647236,0.5555550975518094,0.709587832291921,0.9601873556772867,1.0,1.5957278807957966,0.0,0.0,0.0,1.0,1.0,4.85423907462568,6.449457256296888,32.24728628148542,0.08405196465937047,0.0,0.46050422285706805,0.0016959825479752452,0.024594300383338482,0.0019819726266372957,0.0,0.08123481987810802,0.0,0.0,0.0,0.0,0.0,3
IEEE33,mlp,TP3,6,32640,1230.906081775797,-1669.197221883138,-8345.98610941569,24.52469964924209,0.0,2.723092542633085,0.552905175420973,0.7103275060653687,0.960018515586853,1.0,1.5943093697230022,0.0,0.0,0.0,1.0,1.0,3.894136604081272,5.233892227541219,26.169461137706218,0.07610799281198369,0.0,0.5229272029162739,0.0015546328436022313,0.017624666629923628,0.0013924999032930356,0.0,0.06881948133804011,0.0,0.0,0.0,0.0,0.0,3
IEEE33,mlp,TP3,7,32736,688.3679462683364,-939.5546831642588,-4697.773415821294,14.325960149919561,0.0,2.741363026137916,0.3578527942299843,0.4973052342732747,0.9707886974016825,1.0006452401479085,1.1046987374623616,0.0,0.0,0.0,1.0,1.0,1.9570823662090566,2.4647743878375574,12.323871939187962,0.05118507112119479,0.0,0.6597485665335603,0.001320464855263615,0.028117542180855885,0.002018821593448446,4.635146811277558e-05,0.012688991264741266,0.0,0.0,0.0,0.0,0.0,3
IEEE33,mlp,TP3,8,32832,433.8864201751607,-601.7349356770516,-3008.6746783852577,9.647244623167373,10.901026026050266,4.518087011387066,0.24473571860127974,0.46857959032058716,0.9734976689020792,1.0016478697458904,1.054415504137675,0.0,0.0,0.0,1.0,1.0,24.97320810047173,33.906907833196115,169.53453916598036,0.4793947861699731,0.5975495738766897,0.7024535930463245,0.00852849354939664,0.015403760579114368,0.001471622268621324,0.00020545271751991602,0.025925237899398337,0.0,0.0,0.0,0.0,0.0,3
IEEE33,mlp,TP3,9,32928,699.3969497378445,-962.8701975733042,-4814.350987866521,14.510559427127342,9.389949833707584,4.673349535015336,0.3805519332074456,0.730336864789327,0.9584642251332601,1.001811186472575,1.65604559580485,0.0,0.0,0.0,1.0,1.0,28.211390700487947,37.91551520482265,189.57757602411348,0.49725574775661474,0.49009487166529636,0.6288228002536322,0.007617566968500213,0.03502894533095673,0.0024356306815162183,6.463928842240592e-05,0.08706440620867727,0.0,0.0,0.0,0.0,0.0,3
IEEE33,mlp,TP3,10,33024,826.8183496153939,-1127.88422310551,-5639.421115527551,15.433878977915944,5.238298275161373,4.677830794651838,0.3970043468806479,0.7172652085622152,0.9589501619338989,1.0017243226369221,1.632291356722514,0.0,0.0,0.0,1.0,1.0,36.21789955601346,48.39916118415984,241.99580592079937,0.5617701050602979,0.5371473528088612,0.788741830147416,0.008043090024160881,0.041583015464410136,0.002432466155026156,0.00013275143130186972,0.10126546730976096,0.0,0.0,0.0,0.0,0.0,3
IEEE33,mlp,TP3,11,33120,878.8467920915697,-1198.605303947131,-5993.026519735654,17.43234616099225,0.0,3.031792927849087,0.4494096133857965,0.6592291394869486,0.9623069564501444,1.0,1.5133570830027263,0.0,0.0,0.0,1.0,1.0,5.684525833108823,7.580998856164392,37.904994280822635,0.10535760295439393,0.0,0.47400675305421264,0.0016183906914163774,0.03940840837731178,0.002320942083094335,0.0,0.09502834954362828,0.0,0.0,0.0,0.0,0.0,3
IEEE33,mlp,TP3,12,33216,579.8254511041496,-801.9352289507787,-4009.6761447538934,13.064854771088676,9.626906512370477,4.641216076091271,0.3353243557115395,0.6429147322972616,0.9633569121360779,1.0018603801727295,1.474874218304952,0.0,0.0,0.0,1.0,1.0,23.691942558902507,32.07681250798944,160.38406253994734,0.48670137148686726,0.5178017809088769,0.6187648124427301,0.007746612533230598,0.03926545717927206,0.0025176272808711455,0.0001817130079621514,0.09742892154415372,0.0,0.0,0.0,0.0,0.0,3
IEEE33,mlp,TP3,13,33312,783.8673925852742,-1079.943835057815,-5399.719175289075,20.155022454348266,0.1520607195153152,3.246388485271961,0.4872776601049635,0.6809353828430176,0.9608453313509623,1.0010250806808472,1.5469568967819214,0.0,0.0,0.0,1.0,1.0,8.594830919440987,11.509108326308075,57.5455416315397,0.1485470418409509,0.08582033478716207,0.5192318806525507,0.0025635213779935406,0.023947235895881554,0.0020872215889618847,0.0005554905259666104,0.06529949820468167,0.0,0.0,0.0,0.0,0.0,3
IEEE33,mlp,TP3,14,33408,377.7866911375924,-532.1562017341455,-2660.7810086707273,10.45360805081765,13.674427422140655,4.3067771419661565,0.2571406736969947,0.49190910657246906,0.9709659417470297,1.0021490255991619,1.1155116160710652,0.0,0.0,0.0,1.0,1.0,15.87757969257888,21.760001733205954,108.80000866602978,0.3893202208862619,0.46863109443561957,0.6418171525124237,0.0066478982840284945,0.023129156349249298,0.002747348447638571,7.371312307372943e-05,0.03809925964953469,0.0,0.0,0.0,0.0,0.0,3
IEEE33,mlp,TP3,15,33504,332.5212518841395,-463.1778100874585,-2315.8890504372926,9.17318167747779,2.0753919242400536,4.2178707428054345,0.2366424560960796,0.4400183955828349,0.975011388460795,1.0019415219624836,0.9966663916905721,0.0,0.0,0.0,1.0,1.0,10.468376072404125,14.31569264543977,71.57846322719878,0.27159826412213917,0.2776418164374436,0.4060690371589935,0.0044981272641073265,0.013574840822345238,0.0017393078537863006,0.0004826079445359361,0.021113990496029945,0.0,0.0,0.0,0.0,0.0,3
IEEE33,mlp,TP3,16,33600,569.2842800280491,-790.4886442368229,-3952.4432211841145,15.107995839684236,3.461412587106414,4.461744988367026,0.3858696963224146,0.6918436686197916,0.9598607818285624,1.0016769568125408,1.5356314182281494,0.0,0.0,0.0,1.0,1.0,12.700369962921593,17.5789598894011,87.89479944700537,0.2886200429036307,0.41064451220599285,0.6457336333156158,0.006190418721325724,0.03971455972532768,0.002480059133048106,0.0004229440147052166,0.08197370787563525,0.0,0.0,0.0,0.0,0.0,3
IEEE33,mlp,TP3,17,33696,719.7912376752647,-992.3822179322441,-4961.911089661221,17.122284976556745,4.369203252249483,4.381030686537255,0.4309124704450369,0.6969189842542013,0.9593995014826456,1.0013344685236611,1.5736226638158162,0.0,0.0,0.0,1.0,1.0,24.844493066497918,33.58523843306451,167.9261921653224,0.500140228252053,0.5079825814521253,0.5644406029294801,0.007976352532571687,0.03266906546037371,0.001755038732441445,0.0005595202182111521,0.08450547912858701,0.0,0.0,0.0,0.0,0.0,3
IEEE33,mlp,TP3,18,33792,888.8077212609923,-1219.79979865551,-6098.99899327755,21.846134972282453,0.0,2.932405516007247,0.5154824917101197,0.6751774152119955,0.9614635507265726,1.0,1.5333464940388997,0.0,0.0,0.0,1.0,1.0,1.9533523290840222,2.755868994809194,13.779344974045653,0.08249611333811722,0.0,0.7022947458156568,0.0016704867008429253,0.024609683391414637,0.001817253727524807,0.0,0.059420274402548615,0.0,0.0,0.0,0.0,0.0,3
IEEE33,mlp,TP3,19,33888,463.7444406901646,-654.9809821094076,-3274.904910547038,14.151177476291954,10.380171836828067,4.480603815598662,0.3630562749587827,0.6899259289105734,0.9598175684611002,1.001969337463379,1.5375635623931885,0.0,0.0,0.0,1.0,1.0,17.269937335773395,23.68152837134985,118.40764185674942,0.45855986157756257,0.4861708516763223,0.6960872987326812,0.007406197878878957,0.04132736783057364,0.0026771620184540637,0.00013553959922138763,0.08418607337986365,0.0,0.0,0.0,0.0,0.0,3
IEEE33,mlp,TP3,20,33984,435.0319821730506,-617.6290880650282,-3088.145440325141,14.352879247037757,9.18317763568364,4.511400297378078,0.3690738359259234,0.7059860825538635,0.9589101473490397,1.0018925666809082,1.5721416076024373,0.0,0.0,0.0,1.0,1.0,13.306778305319066,18.38307488349628,91.9153744174816,0.4056044003768287,0.4366416508481337,0.6776271015011458,0.006588454573565107,0.039252588466330764,0.002542501238848104,0.00018291600180177524,0.08235382148435177,0.0,0.0,0.0,0.0,0.0,3
IEEE33,mlp,TP3,21,34080,305.05295694037574,-436.6740647748113,-2183.3703238740563,10.682770437096925,11.859304830791224,4.306420123428559,0.25913449894222945,0.49836395184199017,0.9697596033414205,1.002122203509013,1.1240936517715454,0.0,0.0,0.0,1.0,1.0,11.589662713252428,16.090557848528753,80.45278924264345,0.34430267022375355,0.43379401009562274,0.6738097155652949,0.006124468634891845,0.036714945475132175,0.0017033660211875222,0.00018461810444138208,0.10358097789860439,0.0,0.0,0.0,0.0,0.0,3
IEEE33,mlp,TP3,22,34176,243.39006892284155,-351.83400237051154,-1759.1700118525575,8.568754034172287,14.164998924868945,4.283627572550723,0.2097031331310669,0.44920502106348675,0.9748631715774536,1.0026713212331135,1.016745666662852,0.0,0.0,0.0,1.0,1.0,13.239173250512344,18.411586461177595,92.05793230588819,0.3817365878143857,0.45731972061128284,0.63583541760395,0.007722026619894011,0.015485747609409756,0.001188895688542017,0.0008169263302771077,0.02858319884370791,0.0,0.0,0.0,0.0,0.0,3
IEEE33,mlp,TP3,23,34272,611.780117545214,-853.3960217555364,-4266.980108777682,17.980974028002134,0.0,2.9174018894968192,0.4652691978133387,0.7034751176834106,0.9590895573298136,1.0009419520696003,1.5596057971318562,0.0,0.0,0.0,1.0,1.0,3.8185902845601634,5.045064403406751,25.22532201703361,0.08455795557232265,0.0,0.6412348651902566,0.0017837486553118815,0.04155701169783007,0.0027359435131329114,0.00033059992986879,0.08445991744672371,0.0,0.0,0.0,0.0,0.0,3
IEEE33,mlp,TP3,24,34368,697.1624873841562,-967.0258939017853,-4835.129469508926,19.775059526653724,0.04166808103056454,3.2153533108892187,0.4862553301370806,0.7032358845074972,0.9597601691881815,1.0009193023045857,1.5688663323720295,0.0,0.0,0.0,1.0,1.0,2.602086366207834,3.4015188685912103,17.007594342956438,0.06633913060394965,0.037766330151786494,0.24276789155031694,0.001039643157452757,0.032147560456720244,0.0024102509678008994,0.00044994483698677115,0.0681842415822587,0.0,0.0,0.0,0.0,0.0,3
IEEE33,mlp,TP3,25,34464,897.4886128182908,-1232.320340092977,-6161.601700464885,22.933364280079388,0.0,2.4920275884122023,0.525396355945203,0.6913883288701376,0.9608910282452902,1.0,1.535226305325826,0.0,0.0,0.0,1.0,1.0,2.1577157216946152,2.989667533416112,14.9483376670805,0.07527388054049003,0.0,0.5515383803082518,0.0015648478506520667,0.012281505908826656,0.0010592943612618535,0.0,0.03516940338234211,0.0,0.0,0.0,0.0,0.0,3
IEEE33,mlp,TP3,26,34560,527.0077599267433,-735.4198542907834,-3677.099271453917,13.745891169219155,9.787423439317019,4.455037570674692,0.351607972342107,0.6727155049641927,0.9608995715777079,1.0019469658533733,1.509138544400533,0.0,0.0,0.0,1.0,1.0,21.315702183752563,28.913149436330897,144.56574718165425,0.4602650822836996,0.48598289027983765,0.6514438035598046,0.007373408752708208,0.029856351005917593,0.0017259411287335108,0.00015452165130130365,0.06579174102584626,0.0,0.0,0.0,0.0,0.0,3
IEEE33,mlp,TP3,27,34656,416.310684414033,-593.3926183452209,-2966.9630917261043,14.18755592610203,9.905035740043694,4.560100838050494,0.36616676693989164,0.6818787455558777,0.9606522520383199,1.001741607983907,1.5313543876012166,0.0,0.0,0.0,1.0,1.0,13.82466169661776,19.017255157129053,95.08627578564511,0.389005256211987,0.4363652415785685,0.8005910627600322,0.006262627788789275,0.04306359448605491,0.003262958483191866,9.914331620471044e-05,0.08055261635806564,0.0,0.0,0.0,0.0,0.0,3
IEEE33,mlp,TP3,28,34752,346.41770954673535,-494.33180900216104,-2471.659045010805,14.171115144634351,0.0,3.024226345053876,0.35236311972969103,0.5210203925768534,0.9691313703854879,1.000380516052246,1.1455066204071045,0.0,0.0,0.0,1.0,1.0,2.56260850458106,3.311903486149378,16.55951743074693,0.026579396050952633,0.0,0.6599540261104706,0.0003233588946353165,0.02168709349050996,0.0015675470374362488,0.00042721999929043865,0.08212208415131941,0.0,0.0,0.0,0.0,0.0,3
IEEE33,mlp,TP3,29,34848,379.134052565148,-535.0871078252793,-2675.435539126396,14.086394731570143,0.0,2.5768170850712586,0.3381147128012445,0.4903242588043213,0.9723925789197287,1.0,1.0964056253433228,0.0,0.0,0.0,1.0,1.0,0.748156887454993,1.0656916507420164,5.328458253710258,0.06185179998716075,0.0,0.8535276534622166,0.0013412433901555344,0.01967515009084208,0.0006113426406475047,0.0,0.03841496142723436,0.0,0.0,0.0,0.0,0.0,3
IEEE33,mlp,TP3,30,34944,483.9431050549702,-683.0495348900557,-3415.2476744502783,16.308274092484737,2.318411841721456,4.51604393500265,0.4196512386616733,0.728277862071991,0.9577593008677164,1.0014933745066326,1.613057057062785,0.0,0.0,0.0,1.0,1.0,14.604515718165334,19.801876145142387,99.00938072571218,0.35370695247916784,0.2924093734127256,0.6945029934648129,0.004979158101632766,0.0451119957430976,0.0032429262609041144,6.590067360303734e-05,0.0884824841529251,0.0,0.0,0.0,0.0,0.0,3
IEEE33,mlp,TP4,0,32064,361.4169009421717,-498.81722885444765,-2494.086144272238,9.671526019509164,13.052116680987815,4.376961746202319,0.1638208962976932,0.28855031728744507,0.9820201198259989,1.0048189163208008,1.007163405418396,0.0,0.0,0.0,1.0,1.0,16.209043902492,22.445567027362735,112.22783513681378,0.4001016658212387,0.49092140664228057,0.6552248569686849,0.008874656418867815,0.020657796643021233,0.002915595066550098,0.0007320379821806567,0.04046474076931092,0.0,0.0,0.0,0.0,0.0,3
IEEE33,mlp,TP4,1,32160,293.9280552953134,-408.82561458423737,-2044.1280729211867,8.09042420662189,14.043913294192782,4.355069359652444,0.14061802170342863,0.2755900025367737,0.9833082556724548,1.0053659280141194,0.9173652331034342,0.0,0.0,0.0,1.0,1.0,16.478578459012354,22.908261333166372,114.54130666583193,0.4290349291045417,0.5020800141382435,0.5515081022573032,0.009760973211366106,0.004673720647827825,0.001601223433922623,0.0024935425191566813,0.0037354010257935493,0.0,0.0,0.0,0.0,0.0,3
IEEE33,mlp,TP4,2,32256,511.56297750729544,-699.9323784718912,-3499.6618923594556,13.945512363638082,7.606626884797241,4.558450696287431,0.2396480496972799,0.43024367094039917,0.9734005729357401,1.0016271670659382,1.4517603317896526,0.0,0.0,0.0,1.0,1.0,20.944298012465097,28.228005011060155,141.14002505530073,0.47383607116967996,0.5576190022429142,0.7136446943599553,0.005119900566515101,0.01771436091061408,0.0015724575006711232,0.0006546471488310076,0.06322005178545749,0.0,0.0,0.0,0.0,0.0,3
IEEE33,mlp,TP4,3,32352,587.0801075063102,-799.4197746664286,-3997.098873332143,13.771918725432442,9.830715762912499,4.499400055624828,0.23864824097189632,0.45383961995442706,0.9719526171684265,1.0018336375554402,1.520900011062622,0.0,0.0,0.0,1.0,1.0,23.821435884297948,31.880955815989424,159.40477907994713,0.45847893032900255,0.49255706775935704,0.6959781613969204,0.004890057067295882,0.025621711261114215,0.0019455722253290937,0.00019539280181812932,0.09012515497854401,0.0,0.0,0.0,0.0,0.0,3
IEEE33,mlp,TP4,4,32448,765.9520289332105,-1031.3281829838952,-5156.640914919476,16.588178979201206,0.4524296927858122,3.5250590315576633,0.28252332388526863,0.44868876536687213,0.9726358652114868,1.0011212825775146,1.5301639238993328,0.0,0.0,0.0,1.0,1.0,10.092397459466724,13.293687751473962,66.46843875737004,0.12218052415018017,0.07214908884139332,0.23371846796088763,0.001077564612631086,0.02856554402806585,0.0022520170991143992,0.0005766501070191104,0.10968392818630965,0.0,0.0,0.0,0.0,0.0,3
IEEE33,mlp,TP4,5,32544,1368.0950461004284,-1824.4231858571372,-9122.115929285685,24.567050949849715,0.0,2.555652590987339,0.36766534712579513,0.4628298083941142,0.9720745285352071,1.0,1.5561198393503826,0.0,0.0,0.0,1.0,1.0,1.3392638094054754,1.8584358360368707,9.292179180185391,0.06856759113877113,0.0,0.4751015257973723,0.0009276894891006726,0.009186861399945076,0.0017911676248610641,0.0,0.05170822954246131,0.0,0.0,0.0,0.0,0.0,3
IEEE33,mlp,TP4,6,32640,1220.2807847588997,-1632.1066794077553,-8160.533397038777,24.309231428355947,0.0,2.540295162346773,0.3663997186554803,0.46201080083847046,0.9717003504435221,1.0,1.5545586744944255,0.0,0.0,0.0,1.0,1.0,2.053972354146231,2.788613372463692,13.943066862318652,0.06791890889504178,0.0,0.5997301311776354,0.0009181628455517597,0.012394320522263292,0.0018094136269147007,0.0,0.056983452363747945,0.0,0.0,0.0,0.0,0.0,3
IEEE33,mlp,TP4,7,32736,683.8333023565332,-919.1128853380682,-4595.56442669034,14.232130739408774,0.0,2.7320391346865285,0.2412998425877756,0.32929956912994385,0.9788088401158651,1.0001689592997234,1.086989204088847,0.0,0.0,0.0,1.0,1.0,1.7895634524657837,2.2472436473051713,11.236218236525598,0.02459330137473432,0.0,0.682540610844487,0.0005970790694513553,0.02281725717063883,0.002435602183127528,0.00016188719545028954,0.0451184199875761,0.0,0.0,0.0,0.0,0.0,3
IEEE33,mlp,TP4,8,32832,431.5753437801016,-589.1591180158158,-2945.795590079079,9.592108500950454,10.886402643242269,4.536822428572614,0.16816067695617673,0.313737690448761,0.9803427656491598,1.0018809239069622,1.0497674544652302,0.0,0.0,0.0,1.0,1.0,24.56613061254604,33.23342729663529,166.1671364831761,0.47267552646032907,0.6116566914386388,0.7093703678320682,0.007355687609339262,0.007019542806963244,0.0013004541415307365,0.00028197355047812617,0.022605361798596697,0.0,0.0,0.0,0.0,0.0,3
IEEE33,mlp,TP4,9,32928,691.4961867448284,-936.5520388533672,-4682.760194266836,14.34748377847859,9.333603982836193,4.6215886074420665,0.2523586499608225,0.4797401229540507,0.9699702660242716,1.0017482042312622,1.6215996742248535,0.0,0.0,0.0,1.0,1.0,28.47736204849531,37.98127263038238,189.9063631519121,0.49994020683434887,0.5244748898575574,0.6101791943574689,0.005146301658129371,0.023435317680256897,0.0022112976669263268,0.00047053066347614656,0.09456765474231854,0.0,0.0,0.0,0.0,0.0,3
IEEE33,mlp,TP4,10,33024,815.3174883747633,-1096.2261461173493,-5481.130730586748,15.224347570217239,5.156776551335857,4.649767286756979,0.26360500707394546,0.474770188331604,0.970619221528371,1.0017415682474773,1.6086605389912922,0.0,0.0,0.0,1.0,1.0,33.845612088256374,44.94116845594598,224.70584227973015,0.5282354781780956,0.5294778419957213,0.7083295030846649,0.0050447095179935,0.02396653908937395,0.0023423280820930067,0.0005841936628011641,0.09654075588518314,0.0,0.0,0.0,0.0,0.0,3
IEEE33,mlp,TP4,11,33120,870.7744282356163,-1169.2233108133078,-5846.116554066539,17.274892651844766,0.0,2.8679945495320034,0.29807699513104224,0.431696097056071,0.9738275408744812,1.000096360842387,1.4799058834711711,0.0,0.0,0.0,1.0,1.0,4.188483680847444,5.550148936227351,27.750744681136613,0.08944261832036023,0.0,0.5685975214298656,0.0009372899701914245,0.025499524235039966,0.0023093901336980072,0.00013719608221916623,0.07849785766473363,0.0,0.0,0.0,0.0,0.0,3
IEEE33,mlp,TP4,12,33216,573.2938662082543,-779.1880474708975,-3895.940237354487,12.927022768731737,9.589478367882963,4.565864765940891,0.22132731187674728,0.4254630208015442,0.974407970905304,1.0026902357737224,1.4491020043690999,0.0,0.0,0.0,1.0,1.0,21.85870499972134,29.31036726450677,146.55183632253375,0.44850220832649296,0.5061055038055824,0.6290103834225582,0.004771854429400867,0.027160094539217354,0.002122683982171466,0.0011340501099855733,0.0976690039244547,0.0,0.0,0.0,0.0,0.0,3
IEEE33,mlp,TP4,13,33312,777.2155177579649,-1050.972537742555,-5254.862688712776,19.9706894934266,0.14714787369182644,3.1318815598330088,0.32442046287986964,0.45751746495564777,0.9716607332229614,1.0014174381891887,1.5366396109263103,0.0,0.0,0.0,1.0,1.0,7.9332659660894,10.495025542828415,52.47512771414182,0.1106879098398654,0.07731132276269534,0.5515571871483248,0.0012318044665845245,0.021977259676871586,0.001712934879225687,0.0007573180709538226,0.06729449062244879,0.0,0.0,0.0,0.0,0.0,3
IEEE33,mlp,TP4,14,33408,374.9797429162265,-518.4231547440091,-2592.115773720046,10.374894108459406,13.645439505555345,4.311011392896522,0.17654474079608917,0.32158710559209186,0.978953222433726,1.0027992328008015,1.089826504389445,0.0,0.0,0.0,1.0,1.0,15.494779702060015,21.256020976213904,106.28010488106958,0.37529581176802584,0.4669783952928018,0.6168938565042708,0.006768382764646214,0.01622965099844528,0.0024594958466257776,0.0011821107901384398,0.03680896265274803,0.0,0.0,0.0,0.0,0.0,3
IEEE33,mlp,TP4,15,33504,330.77679974214055,-451.463686519737,-2257.3184325986854,9.118870423573412,2.058123982030729,4.198342490055616,0.1610993807100587,0.29123508930206293,0.9816192587216696,1.0022127628326416,0.9844550490379333,0.0,0.0,0.0,1.0,1.0,9.867701599717517,13.335392060808688,66.67696030404329,0.25439632567561593,0.2908494205363591,0.37540135600031455,0.003298872074301165,0.0037241974643890206,0.001950394482021067,0.00032371587129355263,0.012362065133892793,0.0,0.0,0.0,0.0,0.0,3
IEEE33,mlp,TP4,16,33600,563.1917009405076,-766.2931456501286,-3831.4657282506428,14.93454201017397,3.4026526098783716,4.5020381400560145,0.25586660309798187,0.45025064547856647,0.9719362656275431,1.0017217795054119,1.500707745552063,0.0,0.0,0.0,1.0,1.0,11.03490676688175,15.082121070403707,75.41060535201903,0.23524445316654632,0.39925080427254855,0.6021995208984776,0.0036632070325427167,0.024769102250424894,0.0019514341270968156,0.000532185575302129,0.07427968931041104,0.0,0.0,0.0,0.0,0.0,3
IEEE33,mlp,TP4,17,33696,712.5762584326353,-965.0290849561493,-4825.145424780746,16.932187241235187,4.332693760489227,4.313148502748545,0.28707112371921534,0.4606070319811503,0.9711771607398987,1.0017673969268799,1.5466675758361816,0.0,0.0,0.0,1.0,1.0,24.445388140027912,32.712999451957735,163.56499725978824,0.4856149233630268,0.5061759365542619,0.4946991656358382,0.004935683306391162,0.026901120134406903,0.002143416210370846,0.0007365827980893814,0.09214014921415038,0.0,0.0,0.0,0.0,0.0,3
IEEE33,mlp,TP4,18,33792,880.9446410035571,-1187.8240178426106,-5939.120089213054,21.654537582719097,0.0,2.8401335751397756,0.3411832120683458,0.44711780548095703,0.9730139176050822,1.0,1.5187944968541462,0.0,0.0,0.0,1.0,1.0,1.9004558094851558,2.596360939611635,12.98180469805818,0.07312760939519168,0.0,0.7527488302784174,0.0009499452315033232,0.016442642489095962,0.0017370569103155923,0.0,0.05088775317993687,0.0,0.0,0.0,0.0,0.0,3
IEEE33,mlp,TP4,19,33888,458.51693177089186,-632.710783240199,-3163.5539162009954,13.986319260365747,10.31628161821092,4.420333612657389,0.23947789126800165,0.44842151800791424,0.9724869330724081,1.0020625988642375,1.5114790598551433,0.0,0.0,0.0,1.0,1.0,16.05448616645035,21.730562922097608,108.65281461048794,0.4112710758729748,0.45095432269880703,0.602373565226304,0.004712800205810668,0.01891625379523497,0.0015449085189966941,0.00024211023231545718,0.06781894230457002,0.0,0.0,0.0,0.0,0.0,3
IEEE33,mlp,TP4,20,33984,430.13880693681745,-595.6537045632799,-2978.2685228163996,14.18872855165508,9.123578928882294,4.480404666606265,0.2442949018958542,0.4553516705830892,0.9718225200970968,1.0019830862681072,1.5320275227228801,0.0,0.0,0.0,1.0,1.0,12.550601427395238,17.10173956383451,85.50869781917251,0.3729416829939708,0.42390015381210294,0.7072635594986096,0.0042839724154723645,0.017553689161787338,0.0016461423261451855,0.00026171384371593024,0.06036072081458205,0.0,0.0,0.0,0.0,0.0,3
IEEE33,mlp,TP4,21,34080,303.38498269316614,-424.58098053907355,-2122.9049026953676,10.625233174769525,11.85196966370301,4.271710379214123,0.17969115720027018,0.32191600402196247,0.9781359235445658,1.0031096537907918,1.108429193496704,0.0,0.0,0.0,1.0,1.0,11.504521841447216,16.055680890630693,80.2784044531535,0.332979065470574,0.42113003135232147,0.6340852128136065,0.007272245651797013,0.009368893027054188,0.0015656481060834096,0.0008615338517672342,0.04015801463196199,0.0,0.0,0.0,0.0,0.0,3
IEEE33,mlp,TP4,22,34176,242.05993062835975,-342.25829888333874,-1711.291494416694,8.515926309022936,14.158762171761856,4.266707308163244,0.1469014731960164,0.29663532972335815,0.981511116027832,1.0038180748621623,0.9997387131055196,0.0,0.0,0.0,1.0,1.0,12.308569758394842,17.11921078210944,85.59605391054733,0.3486760712242885,0.432567774739849,0.5980577357741613,0.007731301201230899,0.0034609357721182973,0.0011647499974311738,0.0009650046574417723,0.010395855808542754,0.0,0.0,0.0,0.0,0.0,3
IEEE33,mlp,TP4,23,34272,606.3031684454795,-826.7901376783848,-4133.950688391924,17.795736873432002,0.0,2.848259504980563,0.30914293312364155,0.4574533502260844,0.9710645079612733,1.0009735027949016,1.529840628306071,0.0,0.0,0.0,1.0,1.0,3.5792126226119385,4.680265087618691,23.401325438093675,0.060098174031087984,0.0,0.6434243089903071,0.0008740580615868386,0.01706491720113125,0.0016162368297325445,0.000916356135449549,0.060301525778411656,0.0,0.0,0.0,0.0,0.0,3
IEEE33,mlp,TP4,24,34368,691.3600629375456,-939.0584664086501,-4695.29233204325,19.600165521366836,0.04590851282628844,3.1067009738128193,0.32252184756928015,0.45681411027908325,0.9722546339035034,1.0011367797851562,1.5297966003417969,0.0,0.0,0.0,1.0,1.0,2.309867558632445,3.0524037095362053,15.262018547681821,0.058786532168309764,0.02905415998323698,0.3059663646165054,0.0005658142784706111,0.028698362522976344,0.0019798141541218983,0.0006947895692168826,0.0888042631802993,0.0,0.0,0.0,0.0,0.0,3
IEEE33,mlp,TP4,25,34464,890.0139273567174,-1200.390934364001,-6001.9546718200045,22.735397096908873,0.0,2.3853208389872704,0.3474248556627167,0.44797297318776447,0.9735883673032125,1.0,1.506293257077535,0.0,0.0,0.0,1.0,1.0,2.175369977997087,2.922714141609538,14.613570708048396,0.06301169394118653,0.0,0.6153723536099418,0.0008549357522803781,0.0161653933048097,0.001811252256726771,0.0,0.05693339994503835,0.0,0.0,0.0,0.0,0.0,3
IEEE33,mlp,TP4,26,34560,520.096169179361,-711.3792929768562,-3556.896464884281,13.561766033275527,9.706599208907798,4.4676293439611,0.2314566814651092,0.4407604336738586,0.9732207655906677,1.002234935760498,1.494718035062154,0.0,0.0,0.0,1.0,1.0,19.330542779436975,25.985829378863432,129.92914689431717,0.4045305961205937,0.45711937309732115,0.5917816934577235,0.004709544353019125,0.021330271464691384,0.0018362800043785152,0.0003437568689921329,0.07590776529847112,0.0,0.0,0.0,0.0,0.0,3
IEEE33,mlp,TP4,27,34656,411.46586669619245,-571.5354943317672,-2857.6774716588357,14.015214568928855,9.82138082143724,4.507263245915666,0.24199340823623863,0.44332712888717646,0.9725222190221151,1.0016710758209229,1.494795838991801,0.0,0.0,0.0,1.0,1.0,12.92637827648705,17.544089158290742,87.72044579145368,0.3510819609336734,0.4190407427623248,0.7935432536914625,0.0038721094721382585,0.009263432144002975,0.000809519697628467,0.00044656277209494637,0.03838809383921655,0.0,0.0,0.0,0.0,0.0,3
IEEE33,mlp,TP4,28,34752,345.202533530871,-478.52952647755546,-2392.6476323877773,14.120483877522929,0.0,3.018568194471845,0.23840318889253667,0.33567221959431964,0.9769736925760905,1.0005629062652588,1.1127043565114338,0.0,0.0,0.0,1.0,1.0,2.4039645208936538,3.1238068544795285,15.619034272397874,0.018745685152888377,0.0,0.6568107828956595,6.238139972052592e-05,0.00393135810994446,0.00045925781577061775,0.0006847649620669244,0.04244391556568471,0.0,0.0,0.0,0.0,0.0,3
IEEE33,mlp,TP4,29,34848,376.66611603732144,-517.9661374171575,-2589.8306870857873,14.002481892353577,0.0,2.551362343388772,0.2266439447800318,0.32521188259124756,0.9802060921986898,1.0,1.0890546242396038,0.0,0.0,0.0,1.0,1.0,0.43349939530502546,0.6275481929505512,3.1377409647531262,0.050429411442845365,0.0,0.8193548076527256,0.0007101326182148503,0.012253970066022602,0.0005279559338333094,0.0,0.03690424136393994,0.0,0.0,0.0,0.0,0.0,3
IEEE33,mlp,TP4,30,34944,477.0597132103626,-656.3809233392278,-3281.9046166961393,16.06675520832128,2.2677682648347752,4.397212274428485,0.27787508401605815,0.4766134818394978,0.9696759382883707,1.0015873114267986,1.58193043867747,0.0,0.0,0.0,1.0,1.0,12.88391272414602,17.241067012493698,86.20533506246878,0.2854081841591087,0.24248718867613944,0.5785521938412287,0.0026436085539428226,0.015503062917884948,0.001011309452797175,0.0006262551797074986,0.05943415527430409,0.0,0.0,0.0,0.0,0.0,3
IEEE33,mlp,TP5,0,32064,363.820076125711,-510.4713663373143,-2552.3568316865712,9.736605474552087,13.095400670031504,4.38562276709509,0.23181857975820697,0.4529205759366353,0.9686987598737079,1.00738791624705,1.02678515513738,0.0,0.0,0.0,1.0,1.0,16.62211974169164,23.063778885399042,115.31889442699516,0.4113593849954524,0.4716870788138646,0.6643406106057759,0.009366574276733375,0.031156701460550645,0.0023101317627840846,0.005798156745700217,0.033878862872045286,0.0,0.0,0.0,0.0,0.0,3
IEEE33,mlp,TP5,1,32160,295.65236287340775,-418.35619271931546,-2091.7809635965773,8.137902770727711,14.058085838031412,4.341873773411119,0.19879879761073324,0.44787998994191486,0.9675978620847067,1.0056099096934001,0.9488824009895325,0.0,0.0,0.0,1.0,1.0,17.179391516592677,24.18198264922607,120.9099132461304,0.449308417986859,0.49147143241417524,0.5498722625838088,0.012583718867036797,0.0357095796199437,0.00391630472400904,0.0015730696746523102,0.02815468045254923,0.0,0.0,0.0,0.0,0.0,3
IEEE33,mlp,TP5,2,32256,516.3355166297141,-721.6150854835909,-3608.075427417954,14.087985057141205,7.6436427479005475,4.535230476850923,0.3633461931927336,0.6858610113461813,0.9526547988255819,1.0009442965189617,1.4877434174219768,0.0,0.0,0.0,1.0,1.0,22.67730838960642,31.014991724600048,155.07495862300027,0.5232308112256181,0.5695594282892726,0.6962523166104141,0.009347769827326045,0.03458913596733098,0.002497400785126326,0.0001466599062737945,0.07761797317295953,0.0,0.0,0.0,0.0,0.0,3
IEEE33,mlp,TP5,3,32352,593.5580631252009,-830.0004022906223,-4150.002011453112,13.934793317629783,9.900994226606722,4.54639218351952,0.362300055515435,0.6948023835817972,0.9520596464474996,1.0024477640787761,1.5254048903783162,0.0,0.0,0.3333333333333333,1.0,1.0,25.85480491842197,32.779405753481214,163.89702876740617,0.5090364105575805,0.4973130720978451,0.7203613286005358,0.008680039130763952,0.031163913839861005,0.001523361933821684,0.001164933112629425,0.07200666091648172,0.0,0.0,0.5773502691896258,0.0,0.0,3
IEEE33,mlp,TP5,4,32448,773.5467362574645,-1059.9894693153599,-5299.9473465768,16.75861302908665,0.4690346560018295,3.6276299437694433,0.4329751332600911,0.7002087831497192,0.9517461856206259,1.000566005706787,1.5393901666005452,0.0,0.0,0.0,1.0,1.0,8.885927416129642,11.583402650234653,57.91701325117427,0.09962249937584633,0.03762921298990968,0.1466550565523758,0.0019170486388096594,0.0239608016818581,0.0015555926473715138,7.82183738990247e-05,0.07636271969006901,0.0,0.0,0.0,0.0,0.0,3
IEEE33,mlp,TP5,5,32544,1380.9118538457178,-1946.6742193857829,-9733.371096928915,24.79826361860525,0.0,2.6519330969235058,0.5726921239660846,0.7135613560676575,0.950280507405599,1.0,1.5487169027328491,0.0,0.0,4.0,1.0,1.0,4.628234618583024,133.78425383221693,668.921269161085,0.09742053819824714,0.0,0.3403685693691538,0.0028302618826868543,0.01324494677460598,0.00031508477308537136,0.0,0.05008933531618378,0.0,0.0,6.928203230275509,0.0,0.0,3
IEEE33,mlp,TP5,6,32640,1232.0276852822672,-1719.5116816838581,-8597.55840841929,24.52964213180771,0.0,2.541499874553678,0.570443909201357,0.7174108227094015,0.9501426617304484,1.0,1.5566432078679402,0.0,0.0,2.3333333333333335,1.0,1.0,4.449659533928776,78.12153994368535,390.60769971842643,0.09332661245432614,0.0,0.45520023608166,0.002703390750337978,0.009805074764037944,0.00011032828334939143,0.0,0.047702367840885676,0.0,0.0,4.041451884327381,0.0,0.0,3
IEEE33,mlp,TP5,7,32736,688.8639966306984,-941.5451644986869,-4707.725822493434,14.334158501631654,0.0,2.7321583577953388,0.3686208526293437,0.5269725521405538,0.9617748260498047,1.0006458759307861,1.104704777399699,0.0,0.0,0.0,1.0,1.0,1.8623227711242027,2.3368930026736687,11.684465013368182,0.0578831403995462,0.0,0.6671643107264396,0.0018779100110357509,0.04969761765616579,0.004960119319589234,4.6290519007095824e-05,0.017980933164233423,0.0,0.0,0.0,0.0,0.0,3
IEEE33,mlp,TP5,8,32832,434.0910172674624,-603.060345324874,-3015.3017266243696,9.65209802084729,10.902544390652801,4.513979108375488,0.25321447166303795,0.4981661041577657,0.9645140369733175,1.0018739302953084,1.0566913684209187,0.0,0.0,0.0,1.0,1.0,25.30121589499159,34.52862435840708,172.64312179203526,0.4871176209102065,0.5952413126463649,0.6951967861052096,0.010075073506858375,0.034585655685556986,0.0038044813481186214,0.00027361999796126393,0.027822755031364037,0.0,0.0,0.0,0.0,0.0,3
IEEE33,mlp,TP5,9,32928,696.8050006294475,-1033.3311878651382,-5166.65593932569,14.46605425007533,9.34804790145804,4.515186155623874,0.38478996956513983,0.731269121170044,0.949154794216156,1.0018705526987712,1.5890949567159016,0.0008452066770849,0.0,3.6666666666666665,0.9722222222222222,1.0,27.670046270722985,50.654942679200374,253.2747133960013,0.5027623175079627,0.4768826305306391,0.5807302780629648,0.00911221865787046,0.0013443687925435257,0.0,4.804449883534169e-05,0.03418645941134897,0.0,0.0,2.0816659994661326,0.006014065304058548,0.0,3
IEEE33,mlp,TP5,10,33024,823.306539181301,-1197.4514842544993,-5987.257421272497,15.376817687998104,5.179415297263979,4.600851442973593,0.40374832434786684,0.7280768156051636,0.9497730135917664,1.0017014741897583,1.5841385920842488,0.0002270116504381,0.0,3.6666666666666665,0.9895833333333334,1.0,36.02529965077867,44.104044799185324,220.52022399592713,0.573047570428042,0.5341340798934038,0.7238611740674594,0.009558247745999372,0.0074112691506001095,0.0,0.00012642149372175523,0.04458688952180972,0.0,0.0,3.055050463303893,0.0,0.0,3
IEEE33,mlp,TP5,11,33120,879.030759698161,-1199.9084153970082,-5999.542076985042,17.432515014470976,0.0,2.997124225069322,0.45792232164078284,0.6844319899876913,0.952898383140564,1.0,1.513454834620158,0.0,0.0,0.0,1.0,1.0,6.322892430353943,8.495193365241441,42.47596682620774,0.11803649639079765,0.0,0.49117553568217365,0.0023680859513240007,0.037655621438624345,0.002321008561844822,0.0,0.09368026306812871,0.0,0.0,0.0,0.0,0.0,3
IEEE33,mlp,TP5,12,33216,579.5601161221804,-801.3267215880255,-4006.6336079401276,13.060434250388331,9.629759116875915,4.641689873179945,0.33320041601028705,0.6638851761817932,0.9544523358345032,1.0019743045171101,1.4757831891377766,0.0,0.0,0.0,1.0,1.0,23.821769285845868,32.35279422358231,161.76397111791158,0.4894963021652446,0.5146382918857578,0.6069390787096901,0.008577222598598631,0.044833830183051815,0.0029554673423589912,0.0003941126601400781,0.09753042065395094,0.0,0.0,0.0,0.0,0.0,3
IEEE33,mlp,TP5,13,33312,784.3272106444457,-1082.3380797748766,-5411.6903988743825,20.166716952994975,0.15338114598803532,3.2450694904442976,0.5016562636527749,0.7033421993255615,0.9512465397516886,1.0003678798675537,1.5427432854970295,0.0,0.0,0.0,1.0,1.0,8.971331667168327,12.109906320541832,60.54953160270916,0.15801085829073738,0.08822951252911607,0.5198228771504941,0.0033629270629491094,0.018066841193153094,0.0012434647713189557,0.00011816924107497179,0.05458083060934204,0.0,0.0,0.0,0.0,0.0,3
IEEE33,mlp,TP5,14,33408,377.87307200958975,-532.4424382997055,-2662.212191498528,10.456787618732335,13.677584659352334,4.3073504629773725,0.2585460371855232,0.5008473793665568,0.9651384154955546,1.0026942888895671,1.115877906481425,0.0,0.0,0.0,1.0,1.0,16.402026093018495,22.676673402805736,113.3833670140287,0.4039658994281658,0.4695240828144268,0.6277251679933918,0.008432730478963566,0.027394796442547484,0.0016915067177969037,0.0009775618677198437,0.03782369584795464,0.0,0.0,0.0,0.0,0.0,3
IEEE33,mlp,TP5,15,33504,332.59264007503134,-464.1152128268034,-2320.5760641340166,9.176520085118531,2.0751001261840303,4.21760803330298,0.24333367041415635,0.4646810094515483,0.9670796593030294,1.004093050956726,0.9983601768811544,0.0,0.0,0.0,1.0,1.0,10.717137567531715,14.728470578620923,73.64235289310464,0.278441444688469,0.2778530041690722,0.3986859636546205,0.005386072071910276,0.03266606072249034,0.0036712625394969677,0.002095982508164198,0.022861127902887197,0.0,0.0,0.0,0.0,0.0,3
IEEE33,mlp,TP5,16,33600,569.476455733548,-797.9038885544986,-3989.5194427724928,15.112767531784149,3.4519461998583814,4.4318466191850465,0.3900263731678327,0.700080414613088,0.9515461921691895,1.0013264815012615,1.517969806989034,0.0,0.0,0.3333333333333333,1.0,1.0,12.573565049893237,18.924720655111113,94.62360327555514,0.2852566841978038,0.4158504750544433,0.640477756788488,0.007232818514738831,0.030297900881924293,0.00178307225806587,0.00011774531106465473,0.06998529074286226,0.0,0.0,0.5773502691896258,0.0,0.0,3
IEEE33,mlp,TP5,17,33696,719.8575031673422,-1020.2113744365673,-5101.056872182836,17.121874017208956,4.371231773071629,4.331138104185388,0.4394984853764375,0.707389215628306,0.9511359731356305,1.0007757345835369,1.5558024247487385,0.0,0.0,1.3333333333333333,1.0,1.0,25.405929278453435,54.54676132116978,272.7338066058492,0.5172136459819685,0.5075120978327218,0.5402192304487352,0.009439142396591249,0.02701343818930212,0.001085575435934511,0.00029774157407810555,0.07082753788373962,0.0,0.0,2.3094010767585034,0.0,0.0,3
IEEE33,mlp,TP5,18,33792,888.9401188501884,-1241.5853162209194,-6207.926581104596,21.846037344164017,0.0,2.8635058579004102,0.5283989591730965,0.692307194073995,0.9518161614735922,1.0,1.5303737322489421,0.0,0.0,1.0,1.0,1.0,2.343513650926697,34.03845879196046,170.19229395980256,0.09110589272438732,0.0,0.6449290236044813,0.0024477508907766424,0.02793017726811568,0.0015096295734996358,0.0,0.05559088143398353,0.0,0.0,1.7320508075688772,0.0,0.0,3
IEEE33,mlp,TP5,19,33888,463.4067662081099,-654.5263601531585,-3272.6318007657924,14.143695625038845,10.375496400786966,4.498748522066145,0.3629729255206055,0.7038426796595255,0.9515941739082336,1.0020194848378499,1.5307244459788005,0.0,0.0,0.0,1.0,1.0,17.59671878719111,24.227174647558396,121.13587323779227,0.4688479181574776,0.475813800302697,0.6650689652661332,0.008411113102754506,0.03767517162356796,0.002364462800517948,0.00027661627100240913,0.08389694804212158,0.0,0.0,0.0,0.0,0.0,3
IEEE33,mlp,TP5,20,33984,434.62255120818804,-637.1379615445932,-3185.6898077229657,14.342191700107037,9.182314002537352,4.493832959749402,0.36938511849277544,0.7123484412829081,0.9509821732838949,1.0018190145492554,1.551571528116862,0.0,0.0,1.0,1.0,1.0,13.905477536675543,31.504574943599312,157.52287471799656,0.4269446211684612,0.444967623703089,0.6938343475875899,0.0077191632019562645,0.02571812698733049,0.0013687915087395555,0.00013065354449900982,0.06686269183432979,0.0,0.0,1.7320508075688772,0.0,0.0,3
IEEE33,mlp,TP5,21,34080,305.0445403105382,-436.64695919640366,-2183.234795982018,10.684031975100709,11.860711500645266,4.312729834759151,0.2590132334993945,0.5029837489128113,0.9655433098475138,1.0024021466573079,1.1186333894729614,0.0,0.0,0.0,1.0,1.0,11.982813965388656,16.80169995687437,84.00849978437195,0.3575679296182263,0.4344863614136231,0.6676532310929252,0.007902379109678481,0.02498538760193086,0.001774733137951016,0.00045108553113368586,0.10767190296666201,0.0,0.0,0.0,0.0,0.0,3
IEEE33,mlp,TP5,22,34176,243.17312502060574,-351.9557700540249,-1759.7788502701248,8.562096520490854,14.158833907467221,4.292060482646739,0.21293405608998403,0.4814999500910441,0.9651145140329996,1.0049606959025066,1.0181594292322795,0.0,0.0,0.0,1.0,1.0,13.141567444789123,18.376204796112457,91.88102398056255,0.3800868879704765,0.44664530618226717,0.6220654646669969,0.008927246221421384,0.03451259096574847,0.0036914691536896233,0.002466424809372938,0.030512610495979926,0.0,0.0,0.0,0.0,0.0,3
IEEE33,mlp,TP5,23,34272,611.9718284349884,-868.35171114405,-4341.75855572025,17.983834048679967,0.0,2.8908626965846835,0.4762574363913801,0.7071146567662557,0.9510241349538168,1.0007621049880981,1.5314702192942302,0.0,0.0,0.6666666666666666,1.0,1.0,3.774662186577467,16.544936836306015,82.72468418153002,0.0878887025571237,0.0,0.6127741239449976,0.0027972541138413308,0.023900847474226966,0.0012512277239903088,2.932863489930041e-05,0.06856593782738765,0.0,0.0,0.5773502691896258,0.0,0.0,3
IEEE33,mlp,TP5,24,34368,697.0578463425268,-994.7965942400197,-4973.982971200098,19.767832701634706,0.04105316205354237,3.1557297732669647,0.49615305393106407,0.7130553722381592,0.950510303179423,1.0003719329833984,1.542955756187439,0.0,0.0,1.3333333333333333,1.0,1.0,2.0184558159760426,48.51669548541855,242.58347742709304,0.057334627905010066,0.03699248193077036,0.20021310010699084,0.0020571921140390506,0.015901721201283515,0.00033450002559890467,2.5837083818398914e-05,0.050832480014933096,0.0,0.0,2.3094010767585034,0.0,0.0,3
IEEE33,mlp,TP5,25,34464,897.7690157952937,-1247.574193628629,-6237.870968143146,22.937252986107637,0.0,2.463524736840368,0.5378531859152846,0.6949552893638611,0.9512705604235331,1.0,1.5142526626586914,0.0,0.0,0.6666666666666666,1.0,1.0,2.5083632773572706,24.44854806460318,122.24274032301525,0.08436672994332742,0.0,0.5243250190931238,0.002496800612323293,0.015244799309950116,0.0016221666663915567,0.0,0.010377448580503478,0.0,0.0,1.1547005383792517,0.0,0.0,3
IEEE33,mlp,TP5,26,34560,526.6383462003746,-734.6709849501649,-3673.354924750825,13.737968986093714,9.78803950913705,4.447355278147257,0.34945760232706863,0.6852769454320272,0.9528461297353109,1.0019008318583171,1.5027423699696858,0.0,0.0,0.0,1.0,1.0,21.472374863190176,29.252514658639413,146.26257329319697,0.46428495517527935,0.48290843178855836,0.6439382446353337,0.00841602277999218,0.03318137943468229,0.0026219069181605834,0.00013190519111233205,0.06215595528118211,0.0,0.0,0.0,0.0,0.0,3
IEEE33,mlp,TP5,27,34656,416.5784551742029,-593.9610367719084,-2969.805183859542,14.198969818280716,9.918601908972548,4.54179500051447,0.367865740838978,0.7008180220921835,0.9516084988911947,1.0017419656117756,1.52953044573466,0.0,0.0,0.0,1.0,1.0,14.427708277508001,19.965489026035172,99.82744513017599,0.4102455390241698,0.44847687018566085,0.8120097434063503,0.007430787415416085,0.030738662264371566,0.0016810441649434604,9.887340453054739e-05,0.07469519668929751,0.0,0.0,0.0,0.0,0.0,3
IEEE33,mlp,TP5,28,34752,346.5279443568831,-495.71886502554025,-2478.594325127701,14.176114603915684,0.0,3.0266926249924633,0.3623014876825941,0.5444068908691406,0.9619549910227457,1.0001515944798787,1.1466902494430542,0.0,0.0,0.0,1.0,1.0,2.262496403186736,2.877607408324715,14.388037041623393,0.020885105601721552,0.0,0.6666657560950382,0.0005993266967670453,0.022372198135884817,0.0035854594195748432,3.644400402660161e-05,0.07780330734271743,0.0,0.0,0.0,0.0,0.0,3
IEEE33,mlp,TP5,29,34848,379.4185812606739,-537.1338733673095,-2685.669366836548,14.097861290643626,0.0,2.58044493392041,0.3515371912055545,0.5163412094116211,0.9634928305943807,1.0,1.0983314911524455,0.0,0.0,0.0,1.0,1.0,0.775173627156718,1.1772894474335343,5.886447237167656,0.06811417625874934,0.0,0.8737039611805905,0.002016709579925334,0.034121384886526926,0.003422727294198889,0.0,0.040404638252281265,0.0,0.0,0.0,0.0,0.0,3
IEEE33,mlp,TP5,30,34944,484.41213347992743,-784.8679362952711,-3924.3396814763546,16.3190123502517,2.35531658078161,4.3236882091000925,0.4291233153392871,0.738196849822998,0.9486038684844972,1.0012990633646648,1.5846452713012695,0.0013961364831813997,0.0,5.0,0.9618055555555557,1.0,11.787689657138126,55.84557899025305,279.2278949512651,0.2568931127476542,0.1971699818484804,0.707132938603336,0.004843651042285157,0.0,0.0,0.00020313089208424563,0.0,0.0,0.0,2.0,0.006014065304058612,0.0,3
IEEE33,mlp,TP6,0,32064,364.73613766055377,-516.1807798962109,-2580.9038994810544,9.761331977713951,13.104504390727577,4.391352760598116,0.2679727497614092,0.5269104242324829,0.9654487768809,1.004296104113261,1.0369514226913454,0.0,0.0,0.0,1.0,1.0,16.424405073079516,22.64470281631839,113.22351408159204,0.40602700774204337,0.46334342842335835,0.6663713709523071,0.008098896305915603,0.03132620885982966,0.0024127672504444717,0.003125541659409225,0.0364578713660635,0.0,0.0,0.0,0.0,0.0,3
IEEE33,mlp,TP6,1,32160,296.2759021140517,-422.40192166703446,-2112.0096083351723,8.155025958890937,14.061651031538032,4.341029645947434,0.22471195500757957,0.5069005091985067,0.9652949372927347,1.0038005510965984,0.9532821178436279,0.0,0.0,0.0,1.0,1.0,16.913200245514567,23.56257671623768,117.8128835811883,0.4417352010621327,0.4774709004081086,0.5407702897382706,0.010248287205460714,0.03406699825283023,0.0037336028370340913,0.0008381400359931594,0.030098249164305892,0.0,0.0,0.0,0.0,0.0,3
IEEE33,mlp,TP6,2,32256,518.0494653283174,-757.4639271909991,-3787.319635954996,14.136538979753311,7.660456822699181,4.503423228251332,0.41891325223777026,0.7569974263509115,0.9507538080215454,1.0013749599456787,1.4578958749771118,0.0,0.0,1.3333333333333333,1.0,1.0,22.741502134717827,43.01127177141248,215.05635885706232,0.5254742026738897,0.5634285106287183,0.7462951985774682,0.010656097509327665,0.023052551528757088,0.001271880981710172,0.0004943240413884917,0.05432983867872876,0.0,0.0,1.5275252316519465,0.0,0.0,3
IEEE33,mlp,TP6,3,32352,594.9317698231815,-912.0030490641793,-4560.015245320897,13.969277683389123,9.892888559723664,4.457670039635793,0.4175315898739629,0.7769617438316345,0.9492352604866028,1.001808762550354,1.5047214031219482,0.0007647173157713,0.0,4.0,0.96875,1.0,24.145269851805626,35.72130741094351,178.6065370547177,0.48222394453583717,0.46637379541747376,0.6567001233556451,0.009664610713275986,0.0,0.0,6.671557235378936e-05,0.009457451723800156,0.0,0.0,1.7320508075688772,0.0,0.0,3
IEEE33,mlp,TP6,4,32448,774.8465700945707,-1149.4401413818198,-5747.2007069091005,16.789497903887593,0.449757461256259,3.5727161359971196,0.49525496777560973,0.7713683843612671,0.9495807886123656,1.0009983777999878,1.4994136889775593,0.00041922405290409993,0.0,4.0,0.9895833333333334,1.0,9.730849003039314,46.654594735447354,233.27297367723773,0.1261120072835938,0.05763235531632884,0.2049662209203031,0.0027597474242557953,0.0,0.0,0.000453798952101222,0.022712970690098908,0.0,0.0,1.7320508075688772,0.0,0.0,3
IEEE33,mlp,TP6,5,32544,1385.550425355467,-2175.8545735041303,-10879.27286752065,24.852278030061996,0.0,2.3129307513931954,0.6513723106020027,0.768126646677653,0.9500145117441813,1.0,1.5034770170847576,0.0,0.0,14.666666666666666,1.0,1.0,4.823077247607793,164.14697563636875,820.7348781818432,0.11055979716859368,0.0,0.3260487096846365,0.0033730856678179442,0.007709416021019957,1.339982587813915e-05,0.0,0.0436699085493045,0.0,0.0,8.32666399786453,0.0,0.0,3
IEEE33,mlp,TP6,6,32640,1235.1479827170742,-2020.0435008366903,-10100.21750418345,24.590512254374573,0.0,2.2860160516298746,0.6490597863578135,0.7739932735761007,0.949249029159546,1.0,1.502458651860555,0.0007509442538877,0.0,16.666666666666668,0.9652777777777777,1.0,4.292634822086992,194.50102802490446,972.5051401245227,0.10190031602266249,0.0,0.2577541309509389,0.0032487482595137908,0.000762173757673007,0.0,0.0,0.018193818522628528,0.0,0.0,9.865765724632494,0.015911721163041112,0.0,3
IEEE33,mlp,TP6,7,32736,690.936520902047,-951.0523510406415,-4755.261755203207,14.373744050818118,0.0,2.743802518747224,0.42320987437334323,0.592774232228597,0.9593668977419535,1.0006531476974487,1.1036545832951863,0.0,0.0,0.0,1.0,1.0,1.8380074607638137,2.2668301629071093,11.334150814535887,0.05531037382582235,0.0,0.6541420628045047,0.0021684492686077435,0.0536622971016836,0.005051234438504246,4.909208757025742e-05,0.0340703514976138,0.0,0.0,0.0,0.0,0.0,3
IEEE33,mlp,TP6,8,32832,435.093658469466,-608.9438302354266,-3044.719151177133,9.676351191994096,10.911112497482444,4.500586141324811,0.28984545874926776,0.5651484330495199,0.9619304537773132,1.001653790473938,1.0632423957188923,0.0,0.0,0.0,1.0,1.0,25.113644180204524,34.31576908440156,171.57884542200784,0.48244824634895034,0.5867820828375974,0.6945729690776058,0.01035441117297166,0.03325018948238415,0.00352894317402638,0.0002138176046960395,0.029481522146271855,0.0,0.0,0.0,0.0,0.0,3
IEEE33,mlp,TP6,9,32928,699.9746999484131,-1111.4046925902367,-5557.023462951183,14.527148496085411,9.360648516533045,4.401878586736374,0.4431087817582819,0.8285819292068481,0.9453467726707458,1.0018699169158936,1.574663162231445,0.004653245384128,0.0,7.0,0.9305555555555557,1.0,25.91610172030677,53.72129368031775,268.6064684015884,0.46863227186908474,0.4340808107247535,0.5845963314406148,0.00999256899733568,0.0,0.0,4.798451557774242e-05,0.0,0.0,0.0,1.0,0.006014065304058612,0.0,3
IEEE33,mlp,TP6,10,33024,827.8550252306399,-1297.5712832401196,-6487.856416200598,15.463557647107242,5.23416702922917,4.367479223802902,0.46387048562367755,0.8205568790435791,0.946021854877472,1.001725713411967,1.5635414123535156,0.0039781538219777,0.0,8.0,0.9270833333333334,1.0,33.31151887647479,48.6818281089524,243.40914054476207,0.5348126870361619,0.4854410769192308,0.7010815577299926,0.01013629846716093,0.0,0.0,0.00013350611970378977,0.0,0.0,0.0,1.0,0.0,0.0,3
IEEE33,mlp,TP6,11,33120,881.3513160735379,-1237.8336025893689,-6189.168012946844,17.481003967210995,0.0,2.9797770271540727,0.5239645428955555,0.7598283886909485,0.9501473903656006,1.0,1.473662535349528,0.0,0.0,1.3333333333333333,1.0,1.0,6.7240193372209545,40.018907236972844,200.0945361848649,0.11754613894105818,0.0,0.39113963295528015,0.0028540145660783285,0.016416419524496403,4.702787586612213e-05,0.0,0.06183551673221244,0.0,0.0,2.3094010767585034,0.0,0.0,3
IEEE33,mlp,TP6,12,33216,581.1337543577492,-823.3037536124389,-4116.518768062194,13.09643786298678,9.635417389620962,4.629042864697375,0.3859942427111996,0.751748522122701,0.9509936968485514,1.001860499382019,1.473951776822408,0.0,0.0,0.6666666666666666,1.0,1.0,23.711711422319663,32.03175846037106,160.15879230185556,0.48974257083808076,0.5088607505368589,0.6249415153139183,0.009805372139925906,0.024831031139168087,0.0008448660417490592,0.00018186087244385614,0.08504938185868548,0.0,0.0,1.1547005383792517,0.0,0.0,3
IEEE33,mlp,TP6,13,33312,785.8092478033345,-1213.036673130592,-6065.183365652959,20.213801741349396,0.14939523083812842,3.172439154752509,0.5719413504832321,0.7791690826416016,0.9488919377326964,1.0010294516881306,1.496778130531311,0.0011080430760306,0.0,6.0,0.9583333333333334,1.0,8.158547851296602,11.132112911496707,55.66056455748377,0.14883122165999138,0.08124056976084203,0.4377630295665693,0.004008634121223035,0.0,0.0,0.0005543249952294118,0.0,0.0,0.0,0.0,0.018042195912175797,0.0,3
IEEE33,mlp,TP6,14,33408,379.10265924692067,-539.2334939232096,-2696.167469616048,10.491055744995265,13.692817505661836,4.308160404330468,0.3000459372997284,0.5703049302101135,0.9624378482500712,1.0020974079767864,1.1236321528752644,0.0,0.0,0.0,1.0,1.0,16.6796411458536,23.074445709587053,115.37222854793514,0.41553759259672546,0.4806424780880361,0.6640024222133665,0.008683277171833606,0.028672042354877195,0.0017191942491740911,0.00016119535203268525,0.042869703038344066,0.0,0.0,0.0,0.0,0.0,3
IEEE33,mlp,TP6,15,33504,333.9313885424265,-470.3587948012942,-2351.7939740064708,9.21312301090029,2.075829405623224,4.18812081138445,0.27946254921456176,0.5270671049753824,0.9646148085594177,1.0033821264902751,0.999453047911326,0.0,0.0,0.0,1.0,1.0,11.127134546258853,15.208616691058069,76.04308345529049,0.2920675453703009,0.2773518215907677,0.3786760536043788,0.004802719855878869,0.02952253079800692,0.0033380000088315217,0.0018823660958157571,0.023147395823215164,0.0,0.0,0.0,0.0,0.0,3
IEEE33,mlp,TP6,16,33600,569.8639056858834,-879.1264343390862,-4395.632171695431,15.127282320012077,3.4528268290884134,4.4025298013390115,0.4491587032874425,0.7634098529815674,0.9499097665150961,1.001682202021281,1.4752777814865112,0.00014792574280486667,0.0,4.0,0.9930555555555557,1.0,11.725921856250764,92.58800448818855,462.94002244094276,0.27881050986912853,0.3816558457587119,0.6457483127418846,0.007706600430429891,0.010370403142937202,0.0002279845198024157,0.00040703767673192973,0.03275907088921926,0.0001281074511426977,0.0,4.58257569495584,0.006014065304058612,0.0,3
IEEE33,mlp,TP6,17,33696,721.1274551881997,-1129.8192811166246,-5649.096405583124,17.15494044152153,4.370659555811719,4.218863657915222,0.5032295878562661,0.7908262610435486,0.9483020901679992,1.0013328790664673,1.5261677503585815,0.0016979212040312,0.0,6.333333333333333,0.9583333333333334,1.0,23.630704618322664,66.17808631239899,330.8904315619947,0.4773185750324554,0.45295246779760096,0.5511146485090773,0.01017893712007444,0.0,0.0,0.0005594905352930745,0.0,0.0,0.0,2.081665999466133,0.0,0.0,3
IEEE33,mlp,TP6,18,33792,891.4117429006907,-1314.0364510297775,-6570.182255148888,21.905227428607816,0.0,2.742712059783519,0.6024266529000468,0.7663697004318237,0.9501245816548666,1.0,1.5085992813110352,0.0,0.0,4.0,1.0,1.0,2.8770405895861284,103.51414414778138,517.5707207389071,0.10137831349428297,0.0,0.5703453438818675,0.0031019021232180297,0.014279461050643863,0.0001482733837947641,0.0,0.05636002736475879,0.0,0.0,5.291502622129181,0.0,0.0,3
IEEE33,mlp,TP6,19,33888,463.9679950386196,-715.6070623586575,-3578.0353117932877,14.172902192838004,10.374999395219549,4.488289528830646,0.4191751554608345,0.7625736594200134,0.9500909050305685,1.00191597143809,1.473925511042277,5.408201942850669e-05,0.0,2.6666666666666665,0.9930555555555557,1.0,16.23344178332082,71.1466148203562,355.73307410178097,0.4301079719622855,0.43482181898791517,0.7201942509432326,0.008969645706051186,0.008761935477803837,0.00029798006897655623,0.0001663041939294988,0.024886277708824102,4.683640271305037e-05,0.0,2.516611478423583,0.006014065304058612,0.0,3
IEEE33,mlp,TP6,20,33984,435.5253288015206,-705.4343670795361,-3527.1718353976808,14.377369322770884,9.178679536416597,4.459300317561259,0.42653794421090013,0.7872198224067688,0.948611855506897,1.0018488963445027,1.5234429836273191,0.0013881697765737,0.0,4.0,0.9722222222222222,1.0,12.625112818283606,56.06954496120177,280.3477248060089,0.38522409971085475,0.4163068578375515,0.7028399650199885,0.00837222705351999,0.0,0.0,0.0001783342417532882,0.0,0.0,0.0,2.0,0.006014065304058548,0.0,3
IEEE33,mlp,TP6,21,34080,305.972806204104,-443.09648455182713,-2215.4824227591357,10.716293413432348,11.869487944832121,4.344145168400041,0.3009706503815121,0.5815035899480184,0.962403078873952,1.0021217266718547,1.1333120663960774,0.0,0.0,0.0,1.0,1.0,12.078078005902176,16.960917022230813,84.80458511115394,0.36425661804814136,0.4413284177444727,0.7082547131575193,0.007862707993564894,0.03370249749468,0.0011813120836761312,0.00018474352999192596,0.12238850947000425,0.0,0.0,0.0,0.0,0.0,3
IEEE33,mlp,TP6,22,34176,243.63456144334847,-356.10061202884344,-1780.503060144217,8.580898282434438,14.163152997377347,4.298516988522757,0.24137107200092736,0.5437677899996439,0.9627078970273334,1.00383456548055,1.018708050251007,0.0,0.0,0.0,1.0,1.0,13.426028643669358,18.69524843874893,93.47624219374453,0.38827971301101977,0.45393814970682383,0.6382993498601791,0.007655080364219778,0.032504354392250884,0.0034904184929783807,0.002440724864317133,0.031570381675118206,0.0,0.0,0.0,0.0,0.0,3
IEEE33,mlp,TP6,23,34272,612.8994927485552,-971.3622933199009,-4856.8114665995045,18.01503915603837,0.0,2.8889975287622662,0.5441373147898251,0.7881000638008118,0.9483582377433776,1.0009479522705078,1.5151396989822388,0.0016417839940009,0.0,5.333333333333333,0.96875,1.0,2.299708202876735,44.655428434094645,223.27714217047324,0.053303391183246625,0.0,0.6242148034600206,0.0034906717187865167,0.0,0.0,0.00033208002361579856,0.0,0.0,0.0,2.081665999466133,0.0,0.0,3
IEEE33,mlp,TP6,24,34368,698.9823204463997,-1086.2359194974106,-5431.179597487052,19.822910477574492,0.04104893347652457,3.1049187046675577,0.5677748237633042,0.7686605652173361,0.9500258564949036,1.0009222428003948,1.4944686094919841,0.0,0.0,5.333333333333333,1.0,1.0,1.9589020531309884,92.70012792206043,463.5006396103024,0.05543238315378996,0.03698721057995786,0.15399741336102707,0.0026294883412458126,0.004931833058687768,1.934453112635595e-05,0.0004523932278985085,0.008286443624397202,0.0,0.0,4.509249752822894,0.0,0.0,3
IEEE33,mlp,TP6,25,34464,900.4805571818343,-1360.6391901016234,-6803.195950508118,23.004625646148344,0.0,2.41544634133064,0.6142978272918197,0.7629645268122355,0.950189451376597,1.0,1.4886834224065144,0.0,0.0,5.666666666666667,1.0,1.0,2.8762624987716277,179.34723502853407,896.7361751426696,0.09901451930510073,0.0,0.44301160759563885,0.0031291356505075566,0.0004122563187800076,0.0002392588228679224,0.0,0.029298678391079185,0.0,0.0,8.962886439832502,0.0,0.0,3
IEEE33,mlp,TP6,26,34560,527.8275319560903,-783.1096302186448,-3915.5481510932245,13.770266308677265,9.786841871735072,4.442029007985095,0.4046354018565681,0.7632230122884115,0.9504233002662659,1.0019468466440837,1.488809585571289,0.0,0.0,2.0,1.0,1.0,22.071309310002707,64.1303472512176,320.6517362560883,0.48529292902316623,0.4904785297218064,0.6527007496945577,0.009771091141348694,0.020481815265219326,0.0006350295302411106,0.00015473688753612583,0.05245074891785739,0.0,0.0,3.4641016151377544,0.0,0.0,3
IEEE33,mlp,TP6,27,34656,417.8389225192088,-695.9188407123089,-3479.5942035615444,14.242031235698619,9.924142378907755,4.40455236466807,0.4238389496588044,0.7800385355949402,0.9491341710090636,1.0018059810002644,1.5126208464304607,0.0008658033939578999,0.0,4.666666666666667,0.9722222222222222,1.0,12.609598861905493,67.05070236583737,335.2535118291873,0.3479377010140141,0.399684401288898,0.8324008025365591,0.007684034922686853,0.0,0.0,7.656840909547936e-05,0.002705186883270515,0.0,0.0,2.516611478423583,0.006014065304058548,0.0,3
IEEE33,mlp,TP6,28,34752,347.269090594207,-503.3503950804472,-2516.751975402236,14.208211726731482,0.0,3.0449720011905588,0.4157094611889786,0.6204876104990641,0.9590035875638326,1.0003554423650105,1.159945011138916,0.0,0.0,0.0,1.0,1.0,2.1304144334260924,2.632679413405296,13.163397067026425,0.02556271869543805,0.0,0.6555334041885277,0.0010342678818088132,0.02492096808820053,0.003223229850054109,0.00038386513587982177,0.09501508066439872,0.0,0.0,0.0,0.0,0.0,3
IEEE33,mlp,TP6,29,34848,380.3969915228943,-544.6762286822001,-2723.3811434110007,14.13023347373032,0.0,2.5963302431063737,0.4017783864918682,0.5866881807645162,0.9606439669926962,1.0,1.1011525789896648,0.0,0.0,0.0,1.0,1.0,0.922263437503495,1.3920330566719883,6.960165283360244,0.07186632218341381,0.0,0.9111488041765641,0.0023052872645768423,0.03618763009746969,0.0033872564224963096,0.0,0.04065963678688277,0.0,0.0,0.0,0.0,0.0,3
IEEE33,mlp,TP6,30,34944,486.58009807624074,-855.4363116045793,-4277.181558022897,16.395101214592557,2.3559328918655047,4.282420496936756,0.49127991994222003,0.836994469165802,0.9447911977767944,1.0013952255249023,1.5900484323501587,0.0052088175934829,0.0,8.0,0.9201388888888888,1.0,11.111033384691853,31.138675115420735,155.69337557710375,0.2237851153898573,0.1734632253577286,0.7451151495159214,0.004703030398550646,0.0,0.0,0.00012309950905719,0.0,0.0,0.0,1.0,0.006014065304058661,0.0,3
IEEE33,mlp,TP7,0,32064,363.01329242004357,-506.72536663338536,-2533.626833166927,9.71403921225133,13.074913272719739,4.36211210988559,0.21037175361480975,0.39691511789957684,0.9732537468274435,1.003753423690796,1.018654227256775,0.0,0.0,0.0,1.0,1.0,16.266488023304326,22.945873365290772,114.72936682645383,0.40107464358567246,0.4861853625099293,0.6659609544766785,0.012650169812014141,0.03180569012465314,0.004063202849605069,0.0010512699432634791,0.03518863290499771,0.0,0.0,0.0,0.0,0.0,3
IEEE33,mlp,TP7,1,32160,295.11143341079725,-415.8133541986346,-2079.066770993173,8.122179518500047,14.051363490582771,4.345370272714209,0.18412375305261874,0.36732210715611774,0.975374718507131,1.0055214564005535,0.9389858643213908,0.0,0.0,0.0,1.0,1.0,16.84443726324858,23.853277786021515,119.2663889301076,0.43847067589876815,0.4945935730341783,0.5666148119166656,0.014012671990783888,0.015746734953875866,0.0024397993070961795,0.0032541397313392358,0.01776101965418637,0.0,0.0,0.0,0.0,0.0,3
IEEE33,mlp,TP7,2,32256,514.9891948258886,-713.9551722973584,-3569.7758614867926,14.045642275880462,7.622062103187919,4.543252285329194,0.31614262879722643,0.5907068451245626,0.9600658814112345,1.0009564558664958,1.4805376132329304,0.0,0.0,0.0,1.0,1.0,22.242757520348487,30.176073137568576,150.88036568784307,0.5109476448348506,0.5715409245681687,0.7042114146743448,0.007183573258283823,0.030905770269971242,0.0022880857913428836,0.00012696065437048444,0.07284858861732699,0.0,0.0,0.0,0.0,0.0,3
IEEE33,mlp,TP7,3,32352,592.5010787016599,-816.3062373859187,-4081.5311869295933,13.905932199913082,9.891548187467611,4.525601938487832,0.3170755337923765,0.6094691554705302,0.9583677053451538,1.0017443497975667,1.5304412841796875,0.0,0.0,0.0,1.0,1.0,25.30978709651181,33.9929799542732,169.96489977136605,0.4938155621701308,0.5010464805514068,0.7303065165793329,0.006282566197833725,0.03480723675615658,0.0026258714379312547,6.306355449067075e-05,0.08379663030728994,0.0,0.0,0.0,0.0,0.0,3
IEEE33,mlp,TP7,4,32448,771.5605255264658,-1050.5093675742546,-5252.546837871273,16.710867735567547,0.47079920130393843,3.6400843096919275,0.37768070130712456,0.6063554485638937,0.9592998822530111,1.0006725788116455,1.544271985689799,0.0,0.0,0.0,1.0,1.0,9.596427354667442,12.591837834453884,62.959189172269184,0.10928184797022472,0.05866564703675885,0.10948166659630475,0.000824734788739934,0.04387012401423049,0.003357550586055979,0.0001893564424023093,0.09463982851687384,0.0,0.0,0.0,0.0,0.0,3
IEEE33,mlp,TP7,5,32544,1376.8680580890361,-1851.5987805048626,-9257.993902524313,24.73656865961603,0.0,2.745940583856471,0.49402469665639925,0.6270414590835571,0.9582237799962362,1.0,1.582985520362854,0.0,0.0,0.0,1.0,1.0,3.8182718940606373,5.037108068661271,25.185540343306705,0.0758377943746171,0.0,0.4905238610300378,0.0012622430480820866,0.04001041270568364,0.002828996645859851,0.0,0.0871617960628656,0.0,0.0,0.0,0.0,0.0,3
IEEE33,mlp,TP7,6,32640,1228.2219391723434,-1658.1452454249065,-8290.726227124533,24.469408854550448,0.0,2.6339474387564117,0.49231746813489324,0.6306661566098531,0.9578369855880737,1.0,1.588201642036438,0.0,0.0,0.0,1.0,1.0,3.1281574462788178,4.192797282081009,20.96398641040492,0.07167494701230666,0.0,0.619172107777318,0.001209485736753001,0.03499372457172207,0.002493143754974613,0.0,0.07511096237084311,0.0,0.0,0.0,0.0,0.0,3
IEEE33,mlp,TP7,7,32736,687.1867925940987,-933.0354297290245,-4665.1771486451225,14.301625024014905,0.0,2.7326698384850556,0.3179241634077496,0.445929487546285,0.9688516060511271,1.000645637512207,1.0969647566477458,0.0,0.0,0.0,1.0,1.0,1.7934183494254357,2.2324280393637275,11.16214019681829,0.04333759498861373,0.0,0.6728033625604163,0.000935631748923193,0.03137078161203677,0.003624191574139715,4.610780470310319e-05,0.02201077733488637,0.0,0.0,0.0,0.0,0.0,3
IEEE33,mlp,TP7,8,32832,433.4799711629562,-598.4122269454101,-2992.061134727051,9.63610748456737,10.896290596166429,4.528549301464804,0.22240740122894442,0.4163822929064433,0.9714053471883138,1.002119819323222,1.0532445510228474,0.0,0.0,0.0,1.0,1.0,25.031491850890923,34.30433147206428,171.52165736032154,0.4814131421628807,0.6031974055049653,0.6980419769100863,0.011247540996611467,0.013160427271635978,0.0020462729266869533,0.0003992828683272731,0.024882526616636185,0.0,0.0,0.0,0.0,0.0,3
IEEE33,mlp,TP7,9,32928,697.5887082081441,-955.0324899713199,-4775.162449856599,14.47419383182455,9.377626845333753,4.657363570388427,0.33666710534857375,0.6525959372520447,0.9557114640871683,1.0018117825190227,1.642688234647115,0.0,0.0,0.0,1.0,1.0,28.685716512601637,38.39345532759894,191.96727663799484,0.5040179397302307,0.5007686676583502,0.5982955122790288,0.006411750298325344,0.04415895733029225,0.003321178707985188,6.452145210978277e-05,0.09191681622076632,0.0,0.0,0.0,0.0,0.0,3
IEEE33,mlp,TP7,10,33024,823.9031238387043,-1118.5770868346096,-5592.8854341730475,15.377332462009955,5.203490194926164,4.706575021634937,0.3529897777156697,0.6462301015853882,0.9563785195350647,1.0017014741897583,1.6288941701253254,0.0,0.0,0.0,1.0,1.0,34.56948864732187,46.04165879347996,230.20829396740052,0.5305060739451091,0.5113981744496849,0.709173700236929,0.006433973976541932,0.04374200539323617,0.0035105204847881207,0.0001264214937218106,0.0904159863744398,0.0,0.0,0.0,0.0,0.0,3
IEEE33,mlp,TP7,11,33120,876.8452312693086,-1189.5809106181066,-5947.904553090532,17.39163195915512,0.0,2.9593841520841555,0.39795737485918736,0.5871996680895487,0.960447092851003,1.0,1.4958884318669636,0.0,0.0,0.0,1.0,1.0,5.386527709060793,7.113995820667582,35.56997910333768,0.10238316294926604,0.0,0.5008876544776016,0.0010650319989271653,0.047069987344289944,0.0033758112663712344,0.0,0.08634483715756042,0.0,0.0,0.0,0.0,0.0,3
IEEE33,mlp,TP7,12,33216,577.8413428821415,-793.8842719475429,-3969.4213597377143,13.024870873964744,9.611654122835866,4.6168749562848435,0.291587067147096,0.5676300724347433,0.9621970653533936,1.0018214384714763,1.4587052663167317,0.0,0.0,0.0,1.0,1.0,23.13540821832496,31.19217983665225,155.96089918326123,0.47616234703229454,0.5143037572755894,0.6418313502642544,0.006483388804565453,0.043977556130767495,0.0032918622307117106,0.000139380352349588,0.09867380423161999,0.0,0.0,0.0,0.0,0.0,3
IEEE33,mlp,TP7,13,33312,782.5848423461233,-1071.5321509713929,-5357.660754856964,20.117639608156992,0.15290356613877654,3.197131719747413,0.43323720722562736,0.6222994724909464,0.9580053687095642,1.0004170735677083,1.5621493260065715,0.0,0.0,0.0,1.0,1.0,8.74682261129938,11.634863123390101,58.17431561694987,0.1441993375037852,0.08744870827686081,0.5324478244559541,0.0018615189104193445,0.03265090296991167,0.0024966424450133013,3.665764802631354e-05,0.0785315664041661,0.0,0.0,0.0,0.0,0.0,3
IEEE33,mlp,TP7,14,33408,376.9820207610637,-527.5777507504448,-2637.888753752224,10.430489761018842,13.663835464382805,4.304853312608614,0.2288837677074803,0.44015713532765705,0.9693020979563395,1.0026966333389282,1.1068071921666462,0.0,0.0,0.0,1.0,1.0,15.763916737708698,21.845273563945877,109.22636781972929,0.38405251010323016,0.465988763745727,0.6172836803256666,0.008680213038326223,0.027168597548466615,0.0037942055552832865,0.0009809039524059492,0.034311087870562536,0.0,0.0,0.0,0.0,0.0,3
IEEE33,mlp,TP7,15,33504,331.9364078891606,-459.44578987538506,-2297.2289493769254,9.154913632894704,2.0701791372833633,4.219552237248312,0.21282693888578144,0.3888979951540629,0.973139484723409,1.0026517709096272,0.9955435991287231,0.0,0.0,0.0,1.0,1.0,10.300885520950798,14.430852310354656,72.15426155177336,0.26540168981707407,0.28136047073451753,0.4129116811132772,0.007104299008666247,0.010985954435540148,0.002847156209563182,0.00019922152658268647,0.019223234242746138,0.0,0.0,0.0,0.0,0.0,3
IEEE33,mlp,TP7,16,33600,568.1914811309166,-783.1331242154042,-3915.665621077021,15.072169447654668,3.4427908081257503,4.4781365063467655,0.33850953727960587,0.613907516002655,0.9578171968460083,1.0013707081476848,1.529621958732605,0.0,0.0,0.0,1.0,1.0,12.397068874539158,17.047214032347675,85.23607016173825,0.27307144736902556,0.40561104321123087,0.6364789547335749,0.005151079383988225,0.03446071140253411,0.0027135748207830607,0.00015448127262051374,0.07667917194232204,0.0,0.0,0.0,0.0,0.0,3
IEEE33,mlp,TP7,17,33696,718.1251663196027,-984.0766732029616,-4920.383366014808,17.076095274125993,4.35794347930302,4.355728971636821,0.3817817690885729,0.6238367160161337,0.9576213161150614,1.000948468844096,1.5714881817499797,0.0,0.0,0.0,1.0,1.0,24.685310196087283,33.2119913262713,166.0599566313562,0.49467580285677104,0.5099221696907299,0.5663886467015684,0.00651782079249008,0.035083676906335896,0.00251217778418213,0.0005944954879639917,0.09136038932886217,0.0,0.0,0.0,0.0,0.0,3
IEEE33,mlp,TP7,18,33792,886.9653693736153,-1210.1170109510422,-6050.585054755211,21.800088567862986,0.0,2.908483471688554,0.4570941115832991,0.6030176679293314,0.9597681363423666,1.0,1.5382109880447388,0.0,0.0,0.0,1.0,1.0,1.8971518381641768,2.6202509136166645,13.101254568083492,0.08072007515666849,0.0,0.707790082397139,0.001201959342577613,0.028872322370651564,0.0023846678383104914,0.0,0.06173325651271389,0.0,0.0,0.0,0.0,0.0,3
IEEE33,mlp,TP7,19,33888,462.47227868159825,-647.6452204657098,-3238.2261023285487,14.10759277587122,10.351881226275488,4.479090766489638,0.31773453806009555,0.6128047307332357,0.9585033059120178,1.0018792549769084,1.5327153603235881,0.0,0.0,0.0,1.0,1.0,16.492838851017197,22.427900482250905,112.13950241125451,0.4327845762840277,0.4536901102313435,0.6334018693644611,0.005701773408458056,0.03415910513774649,0.0024607233669152627,0.0001315474555204685,0.07828988316799483,0.0,0.0,0.0,0.0,0.0,3
IEEE33,mlp,TP7,20,33984,433.5869774023602,-610.0378329957525,-3050.1891649787626,14.303455212408116,9.155193613624954,4.521546914444886,0.32345827544728917,0.6269822518030802,0.9573991894721985,1.0018192132314045,1.5649018287658691,0.0,0.0,0.0,1.0,1.0,12.782670674569584,17.515975246227036,87.57987623113534,0.38689065718627347,0.42488942851976674,0.6923893326779043,0.005169653580790225,0.03209856193177156,0.002354258549068273,0.00013065339947553278,0.07316685371030272,0.0,0.0,0.0,0.0,0.0,3
IEEE33,mlp,TP7,21,34080,304.4223794845564,-432.3418118268252,-2161.7090591341257,10.66233022321137,11.854719948725446,4.282275559987567,0.23103378154337403,0.44596495230992633,0.9674110412597656,1.0022008419036865,1.1201538642247517,0.0,0.0,0.0,1.0,1.0,11.515779148521322,16.37321819118966,81.86609095594851,0.3370175025635682,0.42690080182085205,0.645571838470569,0.009818960815015935,0.025779030233807967,0.0018634261277395857,0.0003369314497425826,0.06718852878166803,0.0,0.0,0.0,0.0,0.0,3
IEEE33,mlp,TP7,22,34176,243.01319262928914,-349.35050826718407,-1746.7525413359206,8.551941072420712,14.159479735505323,4.278812223172204,0.19373468392425108,0.39673008521397907,0.9730629126230875,1.0037974913914998,1.0160650213559468,0.0,0.0,0.0,1.0,1.0,12.933912492212592,18.305972781002524,91.52986390501256,0.3690710037022364,0.4477558454623008,0.6312952281411035,0.011722310283223495,0.01248196544736679,0.0017696236912855803,0.00034039286003483346,0.026413797484469464,0.0,0.0,0.0,0.0,0.0,3
IEEE33,mlp,TP7,23,34272,610.5244140047611,-845.3085956633091,-4226.5429783165455,17.934077236382677,0.0,2.880556397510841,0.41355135788520175,0.6273035804430643,0.9567258755366007,1.0007619857788086,1.556976318359375,0.0,0.0,0.0,1.0,1.0,3.7244793586851648,4.899411095098521,24.49705547549311,0.07324099062020488,0.0,0.6360112120051282,0.0011170106925707088,0.035236774390978644,0.0028023720588394698,2.9720432307300157e-05,0.07934488687495171,0.0,0.0,0.0,0.0,0.0,3
IEEE33,mlp,TP7,24,34368,695.9218463545118,-958.2426743085185,-4791.2133715425925,19.732409636853976,0.041062716678099874,3.173744051167203,0.4288016435586744,0.6158257921536764,0.9589355985323588,1.000370701154073,1.5555290778477986,0.0,0.0,0.0,1.0,1.0,2.5429582407388662,3.3745388652985144,16.87269432649274,0.06622359181516381,0.037004395313912815,0.25401619095246375,0.000735538959530549,0.03145212324930657,0.0022503211603452714,4.7889850031151155e-05,0.0634223716207985,0.0,0.0,0.0,0.0,0.0,3
IEEE33,mlp,TP7,25,34464,895.4003340658743,-1221.821429212888,-6109.107146064441,22.876252414316145,0.0,2.4651627005832797,0.4630310150484244,0.605458398660024,0.960465689500173,1.0,1.5367393891016643,0.0,0.0,0.0,1.0,1.0,2.236902437173026,3.0469171049253236,15.234585524626526,0.06841911095976602,0.0,0.6003390674323628,0.0011257325669880318,0.023941383034157274,0.0023962860463877,0.0,0.042697833342585124,0.0,0.0,0.0,0.0,0.0,3
IEEE33,mlp,TP7,26,34560,525.1968026855856,-727.3828077370922,-3636.914038685461,13.696791649998318,9.76475536851298,4.450355804650303,0.3062235901339186,0.6016205549240112,0.9595580101013184,1.0019010305404663,1.5178208351135254,0.0,0.0,0.0,1.0,1.0,21.05219470918336,28.4114710000312,142.0573550001563,0.4510187371556494,0.48126797176354585,0.6189323028718171,0.006102835660624664,0.03350150035753483,0.002444551602311762,0.00013196468353271484,0.07854662429311422,0.0,0.0,0.0,0.0,0.0,3
IEEE33,mlp,TP7,27,34656,414.8415908894887,-585.8622296099861,-2929.3111480499306,14.134670028367585,9.86009255031404,4.560163595179231,0.3214332997384998,0.6047430038452148,0.9589566588401794,1.0018471876780193,1.5199590921401978,0.0,0.0,0.0,1.0,1.0,13.420726756123914,18.33938679266533,91.69693396332647,0.37332742072624653,0.43130274605135915,0.8010510524344563,0.005096682049094316,0.029452366209635625,0.0017500061520951632,0.00012711653476347472,0.0666237103272028,0.0,0.0,0.0,0.0,0.0,3
IEEE33,mlp,TP7,28,34752,346.0911854026978,-489.00538958509765,-2445.026947925488,14.1603740199306,0.0,3.0092509424322604,0.31309435351027376,0.46458156903584796,0.966057300567627,1.0001518726348877,1.1241346995035808,0.0,0.0,0.0,1.0,1.0,2.4065443120565853,3.142688207088617,15.71344103544321,0.023383811553288607,0.0,0.677086580222934,0.0004053437856185747,0.019226742376606005,0.0008514759835197364,3.7052233960702656e-05,0.050197072263246996,0.0,0.0,0.0,0.0,0.0,3
IEEE33,mlp,TP7,29,34848,378.4687984307514,-529.4591806570688,-2647.2959032853446,14.064318677344753,0.0,2.5692098919203894,0.29995564143690795,0.43257292111714674,0.9710400700569153,1.0,1.0940511226654055,0.0,0.0,0.0,1.0,1.0,0.6355595838294456,0.8940115605364177,4.470057802682091,0.05870834224870061,0.0,0.8417705601872967,0.0011684860536682554,0.01265095563891929,0.0005881242311107917,0.0,0.03755188946396716,0.0,0.0,0.0,0.0,0.0,3
IEEE33,mlp,TP7,30,34944,482.1699279919694,-674.9955591494838,-3374.9777957474193,16.243790793518354,2.311543004134297,4.399088637824067,0.37358881057136584,0.6509395639101664,0.9550255139668783,1.0014235178629558,1.6045628388722737,0.0,0.0,0.0,1.0,1.0,13.921397644755244,18.748497492325733,93.7424874616284,0.3232353761735469,0.2781994674932287,0.5878899836732947,0.003707159375668664,0.03411918545961173,0.001907708801161548,0.00018782486938953252,0.08071618609139765,0.0,0.0,0.0,0.0,0.0,3
IEEE33,tagconv,TP1,0,32064,354.90948288449573,-499.98775039808817,-2499.9387519904412,9.563741175362509,12.883834502566698,5.213470476048497,0.24177503027021885,0.5230269432067871,0.9687627156575521,1.0026545524597168,1.127851128578186,0.0,0.0,0.0,1.0,1.0,14.099181124388652,19.224866476158724,96.12433238079376,0.3613335328200941,0.40113858016276643,0.9015773707487292,0.005244836758593932,0.04404511488053392,0.0014445057392501852,0.0007376589636702685,0.12196192559009296,0.0,0.0,0.0,0.0,0.0,3
IEEE33,tagconv,TP1,1,32160,287.4460882118347,-408.1554003877255,-2040.7770019386273,7.978819345020933,13.90088255109332,5.047984248787319,0.2033193442556593,0.4728674093882243,0.971400777498881,1.0029648145039876,1.0201748212178547,0.0,0.0,0.0,1.0,1.0,14.377724973326215,19.77869939690759,98.89349698453786,0.3832352119928646,0.44112202494144065,0.8662468162313064,0.006514821164614492,0.030722599849986022,0.0013795441175660846,0.0007001844497098383,0.07766988030830695,0.0,0.0,0.0,0.0,0.0,3
IEEE33,tagconv,TP1,2,32256,510.023574974066,-715.5530551493167,-3577.765275746584,14.034023396809175,7.578683669274554,5.459001647221242,0.38107278715405196,0.7060039440790812,0.9563244581222534,1.0010464986165364,1.5359263022740681,0.0,0.0,0.0,1.0,1.0,18.372700469469738,25.088822501018385,125.44411250509201,0.46807201826340267,0.4955007534932768,0.6398554276278414,0.006966113783558171,0.09292365144162212,0.004222886118579263,6.370466060738077e-05,0.1946726806339751,0.0,0.0,0.0,0.0,0.0,3
IEEE33,tagconv,TP1,3,32352,585.3335171947534,-814.6762354855737,-4073.381177427868,13.792901316865652,9.727282778823477,5.317658148213798,0.3795580876370271,0.7567275563875834,0.9531241059303283,1.001741925875346,1.619585434595744,0.0,0.0,0.0,1.0,1.0,15.177885497412138,20.65798118337214,103.28990591686087,0.3419794315377957,0.3970577414420494,0.7591493001169575,0.005428102981552415,0.06503623266270443,0.002831676952705594,0.00011287384527574203,0.15474408238691223,0.0,0.0,0.0,0.0,0.0,3
IEEE33,tagconv,TP1,4,32448,768.7104929491302,-1056.0675044617306,-5280.337522308652,16.717068130519277,0.45835016519067634,4.8732603768995455,0.45205959180990857,0.7452978094418844,0.9541803995768229,1.0010931094487507,1.6059761047363281,0.0,0.0,0.0,1.0,1.0,20.495523241880758,27.391690581867934,136.95845290934005,0.4120428395660865,0.28387234219977153,0.5689871803295049,0.004582776546961539,0.06691763641569576,0.003606165743717534,0.00014686111949878871,0.1409283970606253,0.0,0.0,0.0,0.0,0.0,3
IEEE33,tagconv,TP1,5,32544,1378.1156213778006,-1865.093034807841,-9325.465174039206,24.76843077788639,0.0,2.524372404635208,0.5891882110801009,0.7361469268798828,0.9549599885940552,1.0,1.587618390719096,0.0,0.0,0.0,1.0,1.0,3.0217169689302406,3.9324438808151716,19.66221940407519,0.03396118786404443,0.0,0.6601895187870291,0.0005528426326935241,0.026435957522314864,0.0010609837711439906,0.0,0.07688714060056083,0.0,0.0,0.0,0.0,0.0,3
IEEE33,tagconv,TP1,6,32640,1228.0686877381245,-1669.867585817973,-8349.337929089865,24.538372320621306,0.0,2.9656568233365896,0.5878537531114286,0.752291738986969,0.9534575939178467,1.0,1.6135444641113281,0.0,0.0,0.0,1.0,1.0,6.978923804151622,9.184527831778405,45.922639158892736,0.058148616596599714,0.0,1.0347989058955425,0.0011409340705721793,0.047258210628572314,0.0017709163453291379,0.0,0.10670543936008131,0.0,0.0,0.0,0.0,0.0,3
IEEE33,tagconv,TP1,7,32736,689.5861683990491,-944.3246567373475,-4721.6232836867375,14.350037411371565,0.0,3.8057517107980927,0.38337149057123393,0.568717877070109,0.9646232724189758,1.0006558100382488,1.2126127481460571,0.0,0.0,0.0,1.0,1.0,9.042007520093632,11.727430944374756,58.6371547218732,0.10408957773321885,0.0,1.0499187407246522,0.0009847457653206098,0.04698645407563932,0.0017921611628265853,8.6766539610638e-05,0.10859065994051322,0.0,0.0,0.0,0.0,0.0,3
IEEE33,tagconv,TP1,8,32832,432.14325073246897,-601.3715981269876,-3006.8579906349382,9.69981445403342,10.81577163841465,5.290485644398552,0.2603815522872739,0.5275936126708984,0.9673810203870139,1.0018785397211711,1.1140215794245403,0.0,0.0,0.0,1.0,1.0,19.736590283435614,26.861506866759836,134.30753433379962,0.3862993884824506,0.4973121174712033,0.7335249454187338,0.0069947158457296914,0.03608456388814014,0.0014385909231426108,0.0004950218008543507,0.07813864003002884,0.0,0.0,0.0,0.0,0.0,3
IEEE33,tagconv,TP1,9,32928,684.8153882699222,-952.9824943512677,-4764.912471756339,14.257244353645623,9.146740129756019,5.2116005476323,0.4010382892770899,0.7893020311991373,0.9505659937858582,1.001871387163798,1.6701717774073284,0.0,0.0,0.3333333333333333,1.0,1.0,18.925945495571757,26.10013509171244,130.5006754585623,0.3018202308727467,0.3964466849737863,0.8401985027021905,0.00515973831389622,0.016941714518975214,0.0008330856635177661,3.372450255062135e-06,0.04685050525913942,0.0,0.0,0.5773502691896258,0.0,0.0,3
IEEE33,tagconv,TP1,10,33024,810.2085213211559,-1109.0180429975192,-5545.090214987596,15.216757102012329,5.029535044625877,4.97891759996547,0.4199045393615961,0.783457895119985,0.9512096643447876,1.0017773707707722,1.6700313488642375,0.0,0.0,0.0,1.0,1.0,16.767947151649672,22.490369893711364,112.45184946855684,0.27129025015682356,0.3168267720629673,0.52885752589425,0.0042011564480238075,0.014097003897001855,0.0010847811594870086,8.65824983883719e-05,0.04764027464254918,0.0,0.0,0.0,0.0,0.0,3
IEEE33,tagconv,TP1,11,33120,870.7196048929778,-1191.4887291709583,-5957.443645854791,17.418131644341468,0.0,4.035860436794387,0.4770291921579175,0.7321601708730062,0.9553369283676147,1.0,1.5821936925252278,0.0,0.0,0.0,1.0,1.0,0.8969350472352938,1.189045105569192,5.945225527845651,0.08440939934996594,0.0,0.7664161993362503,0.0007939342276496542,0.023927053547016068,0.001237566967840839,0.0,0.06852416494905994,0.0,0.0,0.0,0.0,0.0,3
IEEE33,tagconv,TP1,12,33216,570.3572425519584,-791.4115550975006,-3957.0577754875026,12.886751703750102,9.441536721532978,5.262961993093728,0.350525345860256,0.7300422787666321,0.9558034737904867,1.001665194829305,1.5812844435373943,0.0,0.0,0.0,1.0,1.0,15.907061617620757,21.56874574711631,107.84372873558134,0.3263459440410079,0.40262253603654174,0.8972166508907218,0.005282999231653399,0.047425293091227054,0.0023309156801292305,0.0001578169068399854,0.1067137589836312,0.0,0.0,0.0,0.0,0.0,3
IEEE33,tagconv,TP1,13,33312,778.6197238629175,-1076.9699995006124,-5384.849997503062,20.15170121120703,0.11681701868689155,4.394251659184849,0.5183180059409804,0.7452107469240824,0.9534176588058472,1.0007352431615193,1.5896090269088745,0.0,0.0,0.0,1.0,1.0,6.114199107432528,7.933560106683321,39.66780053341769,0.02536348096595766,0.04977722348771421,0.785353089327728,0.0005791919018450693,0.08447662909923968,0.0038085529924045776,0.0005183624889222579,0.1988314695048591,0.0,0.0,0.0,0.0,0.0,3
IEEE33,tagconv,TP1,14,33408,370.2788671245592,-524.1402568003783,-2620.701284001892,10.353809678053173,13.568170380077179,5.076906611021379,0.2717225572301281,0.5576584140459696,0.9657361507415771,1.0021275281906128,1.1898682912190754,0.0,0.0,0.0,1.0,1.0,16.758713067387465,22.922722943438057,114.61361471719044,0.43752744002618493,0.476820505380015,0.6958571527710541,0.006768791182814256,0.06179786951010736,0.0025249699970555494,0.0001664034867987726,0.13836608273885026,0.0,0.0,0.0,0.0,0.0,3
IEEE33,tagconv,TP1,15,33504,331.14736695103176,-463.05585469858096,-2315.279273492905,9.225562064088933,1.9221963428347892,5.451356520701876,0.25066655129194254,0.4996298352877299,0.969507654507955,1.0030173063278198,1.0612274408340454,0.0,0.0,0.0,1.0,1.0,6.617014923858222,9.131048300926844,45.65524150463405,0.2103763214067815,0.2558034988402444,0.5705264596218466,0.0031826113207877853,0.04513530725019462,0.002136997840786364,0.0010667583935093147,0.09757131783007422,0.0,0.0,0.0,0.0,0.0,3
IEEE33,tagconv,TP1,16,33600,562.8458569310104,-784.980116230622,-3924.9005811531097,15.091701088602198,3.4407642003031995,5.495707878741139,0.40881704228619736,0.7441708445549011,0.953718344370524,1.0015859206517537,1.5957671801249187,0.0,0.0,0.0,1.0,1.0,8.062357880198784,11.031311540208359,55.156557701041635,0.26122796240869656,0.24597594452371696,0.40260598585843543,0.0033084908407266635,0.07001889828134984,0.00284519424499033,0.00034970207807534753,0.1644197146479803,0.0,0.0,0.0,0.0,0.0,3
IEEE33,tagconv,TP1,17,33696,717.8687307950971,-993.2220963324111,-4966.110481662055,17.15677783042484,4.346072612198508,5.297607891286545,0.45787012597752935,0.7582231760025024,0.9527127941449484,1.000892162322998,1.62365726629893,0.0,0.0,0.0,1.0,1.0,18.720819597083885,25.433035136849174,127.16517568424534,0.39927478527428734,0.45156665564587145,0.5042203765899053,0.006407112067391432,0.07013092181897489,0.002772640593483161,0.0001072616013959255,0.16765014725914706,0.0,0.0,0.0,0.0,0.0,3
IEEE33,tagconv,TP1,18,33792,887.239779014692,-1221.7032932758332,-6108.516466379166,21.889851745858795,0.0,3.91803594723943,0.5470512879805433,0.7374399503072103,0.9545658628145853,1.0,1.5853089094161987,0.0,0.0,0.0,1.0,1.0,4.107568093285575,5.324475018266864,26.62237509133432,0.06078021096831433,0.0,1.0834703459434498,0.0011112376095132554,0.053188998509523286,0.001981194694972609,0.0,0.12794629126145807,0.0,0.0,0.0,0.0,0.0,3
IEEE33,tagconv,TP1,19,33888,459.18392534323726,-651.5482586930195,-3257.741293465098,14.112283946993367,10.347243027084268,5.240799885704706,0.3832584652635786,0.7298800945281982,0.9548868934313456,1.0019373893737793,1.57892644405365,0.0,0.0,0.0,1.0,1.0,13.7612727688279,19.05855626372316,95.29278131861574,0.43350638124535745,0.4882162316520669,0.6326388187336917,0.006792437327878562,0.09408119708968181,0.004588560538045555,0.00012615716975028325,0.20136393907223346,0.0,0.0,0.0,0.0,0.0,3
IEEE33,tagconv,TP1,20,33984,430.44172243787216,-614.1363132645687,-3070.681566322843,14.278528166934242,9.1026585286485,5.327391502963862,0.38936499423450893,0.7429794669151306,0.9537888765335083,1.0018891890843709,1.6087239185969036,0.0,0.0,0.0,1.0,1.0,11.586582489596948,16.0238203174291,80.11910158714562,0.37164035309544247,0.41640092842946724,0.651428474590681,0.005689653801421682,0.09152599564741398,0.004224488359690272,0.00010413300481844404,0.1936952636240452,0.0,0.0,0.0,0.0,0.0,3
IEEE33,tagconv,TP1,21,34080,300.9241230796385,-433.0116045532127,-2165.0580227660635,10.664871132996382,11.819598492889108,5.0292977906423415,0.2730444028145737,0.5599866906801859,0.9661932388941447,1.0020132859547932,1.192722996075948,0.0,0.0,0.0,1.0,1.0,17.82733448503354,24.39402842960832,121.97014214804162,0.5560714791401103,0.5543566570829007,0.9739454648763529,0.0072933019421624855,0.04959071776380124,0.002155853024523175,0.00020247740233624484,0.13198032644248683,0.0,0.0,0.0,0.0,0.0,3
IEEE33,tagconv,TP1,22,34176,238.7398680441493,-347.01474701489013,-1735.0737350744505,8.537974539505361,14.185980000508396,5.01470183434877,0.21919235380159477,0.49821897347768146,0.9697154959042867,1.0034293333689372,1.0660864512125652,0.0,0.0,0.0,1.0,1.0,17.475809597384558,24.05978352044378,120.29891760221886,0.5492836302443127,0.5835744466890987,0.9633866054840087,0.008066331240360549,0.027984213677234665,0.0006744722975084263,0.000547352478739755,0.06736675861288927,0.0,0.0,0.0,0.0,0.0,3
IEEE33,tagconv,TP1,23,34272,611.8788992291057,-857.2475837305188,-4286.237918652594,18.084271376186962,0.0,4.048827650466412,0.4951528149346511,0.7564284006754557,0.952491025129954,1.0008015235265095,1.617203672726949,0.0,0.0,0.0,1.0,1.0,5.750642709353028,7.485780044402523,37.4289002220126,0.18134178316942914,0.0,0.8282319050553059,0.000892164504904422,0.07343675173695104,0.0030567329343817624,9.443710962324003e-05,0.17382947313923197,0.0,0.0,0.0,0.0,0.0,3
IEEE33,tagconv,TP1,24,34368,692.4810845899427,-964.5962720603993,-4822.981360301997,19.825881684360752,0.0548188104781678,4.406396423739103,0.5155386597745948,0.7441203594207764,0.9539251724878947,1.0004639625549316,1.614935000737508,0.0,0.0,0.0,1.0,1.0,5.599957079807643,7.353384309707283,36.766921548536466,0.15477825526346323,0.04822254607608215,0.813666131822949,0.0011860872143365376,0.06783783298882672,0.0026916192683355566,0.0001830417008549149,0.1479235974973368,0.0,0.0,0.0,0.0,0.0,3
IEEE33,tagconv,TP1,25,34464,895.07720502582,-1233.042110331853,-6165.2105516592665,22.979978574794604,0.0,3.5509578276302363,0.5562865371919341,0.7314189473787943,0.9553627967834473,1.0,1.576013445854187,0.0,0.0,0.0,1.0,1.0,1.8545073628371285,2.4139273535087855,12.069636767543562,0.05509742226720671,0.0,0.9495510341684738,0.0011252110559770577,0.050624343954711486,0.001810067634551754,0.0,0.13449982856040432,0.0,0.0,0.0,0.0,0.0,3
IEEE33,tagconv,TP1,26,34560,519.9710088668832,-728.4555321618915,-3642.2776608094573,13.691897405978182,9.703227850278646,5.284082624185144,0.36961094331410194,0.7227328419685364,0.9555590550104777,1.0019474029541016,1.574324409166972,0.0,0.0,0.0,1.0,1.0,14.549611561058157,19.92957460830627,99.64787304153113,0.3844311023993025,0.4325635719940841,0.5830571515477007,0.006053814560584503,0.09298777316620949,0.004362360119925002,0.00014742425401260596,0.19772959656674124,0.0,0.0,0.0,0.0,0.0,3
IEEE33,tagconv,TP1,27,34656,412.50114637542293,-590.8862129469712,-2954.431064734856,14.141167452227156,9.825643408142144,5.201299414721606,0.38619379885494703,0.7412716150283813,0.954018255074819,1.0017433563868205,1.6048216025034587,0.0,0.0,0.0,1.0,1.0,13.214768427659028,18.346620627038067,91.73310313519046,0.44825413635856465,0.5026722187936445,0.612088687083421,0.006923044336278356,0.0953205036281051,0.004487313623484551,6.68295754650822e-05,0.20154042763601604,0.0,0.0,0.0,0.0,0.0,3
IEEE33,tagconv,TP1,28,34752,344.772026866907,-495.2580565338333,-2476.2902826691666,14.257512353768428,0.0,3.850373083716544,0.37688259676926666,0.5585013826688131,0.9653119246164957,1.000319282213847,1.1447660525639851,0.0,0.0,0.0,1.0,1.0,3.190186836376317,4.107225791242652,20.536128956213396,0.04805681380620665,0.0,0.6986606125771863,0.0008048298130528012,0.036567947995031526,0.0028633871004669896,0.00016828452166051843,0.058917458627589486,0.0,0.0,0.0,0.0,0.0,3
IEEE33,tagconv,TP1,29,34848,377.7014903354643,-536.0311939636866,-2680.1559698184333,14.122522734296089,0.0,3.397675312840487,0.3605980250156588,0.5220914284388224,0.9678448836008707,1.0,1.1059763431549072,0.0,0.0,0.0,1.0,1.0,2.5109439583855724,3.2761428880359125,16.380714440179712,0.053649996386188656,0.0,0.9593848789072364,0.0011235297653208573,0.02103321516095256,0.00035754855256548313,0.0,0.05271862416774316,0.0,0.0,0.0,0.0,0.0,3
IEEE33,tagconv,TP1,30,34944,473.03015489718194,-705.1999813079834,-3525.999906539917,16.102682530062737,2.1522189183033786,5.586105418017358,0.44475399433738655,0.7527272502581278,0.9519170721371969,1.001166582107544,1.594331423441569,0.0,0.0,1.6666666666666667,1.0,1.0,7.492065514360403,38.02049804619607,190.10249023098072,0.23993279497778022,0.21690471459956848,0.41231349160300995,0.002862648616983377,0.06287892564099419,0.003184410039122918,8.87849148815414e-05,0.12034664661605729,0.0,0.0,2.0816659994661326,0.0,0.0,3
IEEE33,tagconv,TP2,0,32064,353.24034197312676,-490.49137888904664,-2452.456894445233,9.51874567704497,12.873644455373672,5.267900361295186,0.18315134901139465,0.38010064760843915,0.9761889378229777,1.0037020444869995,1.1280738512674968,0.0,0.0,0.0,1.0,1.0,14.292234014258542,19.467155284602544,97.33577642301267,0.36448638131177835,0.4060367980439031,0.82334806356491,0.00520864832545193,0.028914421303358064,0.0005305416139013227,0.000570841907611507,0.11696700429904053,0.0,0.0,0.0,0.0,0.0,3
IEEE33,tagconv,TP2,1,32160,286.0456757120781,-400.5129346953394,-2002.5646734766972,7.939836742826269,13.889078735522029,5.092732734101447,0.15681181744568873,0.34392619132995605,0.9781031211217245,1.004347840944926,1.0154767632484436,0.0,0.0,0.0,1.0,1.0,14.19729156042231,19.418839617662872,97.09419808831439,0.37947135888694355,0.4415226248734629,0.8574817059372618,0.005710822135570143,0.01841804627022545,0.0015445082193185123,0.0005641088925766258,0.07657247195303311,0.0,0.0,0.0,0.0,0.0,3
IEEE33,tagconv,TP2,2,32256,507.33008190014834,-700.1387729212641,-3500.693864606321,13.96050204141261,7.58280972492473,5.471531698632021,0.2855872528420554,0.5174457629521688,0.9654359221458435,1.0013022820154827,1.5234102010726929,0.0,0.0,0.0,1.0,1.0,18.377632360529795,24.881699218616365,124.4084960930821,0.4710599470924318,0.5005872597162484,0.6112582487279896,0.005259039045913057,0.060210526774454494,0.0022528877657824195,0.00021234040162408996,0.18757177800063132,0.0,0.0,0.0,0.0,0.0,3
IEEE33,tagconv,TP2,3,32352,581.3253540646723,-797.5366192599137,-3987.6830962995687,13.698736000063036,9.703919297179487,5.379940530244933,0.28413944277498454,0.5466174483299255,0.9633707205454508,1.0013376077016194,1.5977393786112468,0.0,0.0,0.0,1.0,1.0,14.725676837792548,19.895232647322143,99.47616323661073,0.3335578394173263,0.3883108678419705,0.708601465152057,0.004082772119106442,0.054886099967586734,0.002242173049062111,0.00013012142187505407,0.1682333597450889,0.0,0.0,0.0,0.0,0.0,3
IEEE33,tagconv,TP2,4,32448,763.725085897112,-1035.360034910698,-5176.80017455349,16.60598018246776,0.4589412537427043,4.853455148186775,0.3380635873311095,0.5427239735921224,0.9640459418296814,1.0020747979482014,1.5885085662206013,0.0,0.0,0.0,1.0,1.0,21.45726708345041,28.57258018942535,142.86290094712595,0.4173469021729924,0.2844539801006488,0.5297967117907516,0.004056129962211726,0.047347058482074475,0.0027930961400191015,0.0004824537703038183,0.1426191472981334,0.0,0.0,0.0,0.0,0.0,3
IEEE33,tagconv,TP2,5,32544,1369.520315353526,-1834.681413269043,-9173.407066345215,24.61533206964013,0.0,2.5543632376765815,0.4350381390088134,0.5371622840563456,0.9644177754720052,1.0,1.5765573183695476,0.0,0.0,0.0,1.0,1.0,2.9096170997149446,3.787653869726061,18.938269348631,0.03799222326348107,0.0,0.7184550958917738,0.00043211119838000215,0.017655443159170107,0.0010075252477610695,0.0,0.07577901399929377,0.0,0.0,0.0,0.0,0.0,3
IEEE33,tagconv,TP2,6,32640,1219.886298908451,-1640.0574841181435,-8200.28742059072,24.383302695884463,0.0,2.9589557067706487,0.43422367216812235,0.549047609170278,0.9633257190386454,1.0,1.602001468340556,0.0,0.0,0.0,1.0,1.0,6.600005248958697,8.654756780528793,43.27378390264396,0.05482049131029862,0.0,0.9997119928662639,0.0007641656093626718,0.03134405294922092,0.0005728720747123231,0.0,0.1046737922836032,0.0,0.0,0.0,0.0,0.0,3
IEEE33,tagconv,TP2,7,32736,686.733656735027,-928.3280062437058,-4641.640031218529,14.290200590353967,0.0,3.7908473014215054,0.2848991161833207,0.41431377331415814,0.9721305966377258,1.0004900693893433,1.1975374221801758,0.0,0.0,0.0,1.0,1.0,8.513321556612993,11.062394490826614,55.31197245413268,0.11454494857121196,0.0,0.9736597979484766,0.0007314188707804302,0.031551098447297914,0.00033825990385139145,0.000254664526034445,0.11109983036101029,0.0,0.0,0.0,0.0,0.0,3
IEEE33,tagconv,TP2,8,32832,430.2294209090417,-590.9309889064481,-2954.6549445322403,9.657792235389536,10.811839581467941,5.290201163650582,0.19671505255003766,0.3860636353492737,0.9745062192281088,1.0022294521331787,1.1083841721216838,0.0,0.0,0.0,1.0,1.0,19.37271377553871,26.19745387690513,130.98726938452555,0.38000534272931485,0.48915252858323577,0.7048540470763615,0.005550261590071311,0.021810633770289353,0.0003285671447138092,0.0005054885329063034,0.07669351068292207,0.0,0.0,0.0,0.0,0.0,3
IEEE33,tagconv,TP2,9,32928,681.7497262096607,-929.829263154169,-4649.146315770845,14.18730148314834,9.159271081399236,5.243321395546439,0.30083239595923156,0.5960031549135844,0.9598139325777689,1.0012740691502888,1.7127904097239177,0.0,0.0,0.0,1.0,1.0,18.30361784404745,24.545547402612506,122.72773701306302,0.30019520453112947,0.39265009913059434,0.8580158893350671,0.003973335807914991,0.03283824565369233,0.0015250705466662432,0.00011741632929293717,0.10819528980738599,0.0,0.0,0.0,0.0,0.0,3
IEEE33,tagconv,TP2,10,33024,804.6661030779583,-1088.649001071354,-5443.245005356769,15.111975243421474,5.014831681273218,5.002974812745904,0.31453883378869957,0.5763956705729166,0.9611080487569174,1.0015026728312175,1.666011134783427,0.0,0.0,0.0,1.0,1.0,16.734180542047362,22.35428695439265,111.77143477196373,0.277779347210513,0.32324688020532816,0.5465605132852451,0.0033642590138357594,0.012077978756771112,0.0014318248341646616,0.0006740236003932164,0.05751551913776697,0.0,0.0,0.0,0.0,0.0,3
IEEE33,tagconv,TP2,11,33120,866.7527075991206,-1171.0389150828123,-5855.194575414062,17.328400899042435,0.0,4.00797975650127,0.35449266619980335,0.5356959501902262,0.9649881720542908,1.0001916885375977,1.571825901667277,0.0,0.0,0.0,1.0,1.0,2.2715510272561463,3.0257631612967253,15.128815806483036,0.09806417862895916,0.0,0.6969795287006795,0.0005620290807170443,0.014553605005006808,0.0012554075699311175,0.00018934938774284592,0.06679607963294595,0.0,0.0,0.0,0.0,0.0,3
IEEE33,tagconv,TP2,12,33216,566.8016682056605,-775.6886635020375,-3878.4433175101876,12.80916309571713,9.431507778618075,5.297920530960796,0.2616573387963904,0.53229292233785,0.9657140374183655,1.001813809076945,1.5702873865763347,0.0,0.0,0.0,1.0,1.0,15.424174827207866,20.730738947301663,103.6536947365081,0.3139428412526216,0.3902153491706566,0.891364175025579,0.0036917988938920294,0.031641973351385785,0.0015272848850428973,0.0008018265326487552,0.1048079710135191,0.0,0.0,0.0,0.0,0.0,3
IEEE33,tagconv,TP2,13,33312,774.3297996668151,-1054.8647625317176,-5274.323812658588,20.036415673903644,0.12523469769940726,4.352940802774763,0.38578046589261955,0.5462960600852966,0.9629903435707092,1.0013074080149333,1.5788601636886597,0.0,0.0,0.0,1.0,1.0,5.01074396999456,6.470905360940777,32.354526804704086,0.02737397304437616,0.03997862530995589,0.7718323887543433,0.0005332310018261825,0.05764477866114816,0.002135135549015783,0.0006729475191644537,0.19525642390488365,0.0,0.0,0.0,0.0,0.0,3
IEEE33,tagconv,TP2,14,33408,368.26774687761286,-513.0877775847912,-2565.438887923956,10.295361817449134,13.553445254403757,5.096312949071667,0.20419577736821434,0.4067558447519937,0.973207155863444,1.0023951927820842,1.1750765641530354,0.0,0.0,0.0,1.0,1.0,16.891116199689243,22.97664587535807,114.88322937679041,0.4368464345657696,0.4817914076993829,0.7630685162163482,0.005749457271145544,0.04133212944236479,0.0012108753889959586,0.0002893424667922641,0.14545859900493427,0.0,0.0,0.0,0.0,0.0,3
IEEE33,tagconv,TP2,15,33504,330.5940730103386,-454.6234021045889,-2273.1170105229444,9.206989238203107,1.9149921670393546,5.41166417521221,0.18896238112615213,0.36395883560180664,0.9765012860298157,1.0034858385721843,1.0560456116994221,0.0,0.0,0.0,1.0,1.0,7.052976722050385,9.735699286390481,48.67849643195264,0.2236404134680169,0.2442347051017279,0.5953770743212694,0.0034647577456842623,0.029327515674289248,0.00100915411972926,0.0011787199731786992,0.09604889742915972,0.0,0.0,0.0,0.0,0.0,3
IEEE33,tagconv,TP2,16,33600,559.7757367215945,-768.0315930413703,-3840.1579652068517,15.012626383256077,3.4286616736175346,5.569835528996863,0.30513429662419683,0.5450028975804647,0.9632672667503356,1.0024191935857139,1.5849485794703166,0.0,0.0,0.0,1.0,1.0,8.593288593835744,11.612228083465713,58.061140417328566,0.2693011908752889,0.24339198034370824,0.4178142878480374,0.0025258754676488466,0.04656059669403971,0.001333855094335825,0.00050288364029138,0.16118379570604405,0.0,0.0,0.0,0.0,0.0,3
IEEE33,tagconv,TP2,17,33696,714.5881760665276,-974.7031365846595,-4873.515682923297,17.076956844639994,4.377339115814811,5.29734476940665,0.34346965452035266,0.5588927865028381,0.96226833264033,1.001379132270813,1.6204732656478882,0.0,0.0,0.0,1.0,1.0,18.830908603512853,25.38660027799023,126.93300138995166,0.41891331902624657,0.4619625834125534,0.4428010709568176,0.004849911295902307,0.05012122185645282,0.0013199581000734651,1.83767992711475e-05,0.17501759240674597,0.0,0.0,0.0,0.0,0.0,3
IEEE33,tagconv,TP2,18,33792,881.7754774542005,-1196.8591092964014,-5984.295546482007,21.7615369407085,0.0,3.915276900471764,0.4049012917611334,0.5391982396443685,0.9643169641494751,1.0,1.5753177404403687,0.0,0.0,0.0,1.0,1.0,4.110000754311282,5.350961502564512,26.754807512822403,0.0673620610492906,0.0,1.0275877489025365,0.0007473876200717684,0.03423499624313039,0.000695156098355933,0.0,0.12499946223798873,0.0,0.0,0.0,0.0,0.0,3
IEEE33,tagconv,TP2,19,33888,456.856248521602,-636.4152525362869,-3182.0762626814344,14.042370874726979,10.353010062143541,5.224841028871404,0.28630139016442824,0.5386411746342977,0.9640012184778849,1.0012853940327961,1.5780954360961914,0.0,0.0,0.0,1.0,1.0,14.501244931754307,19.855137129296345,99.2756856464818,0.4563296325913385,0.5088911034010861,0.6663069415811456,0.00542798941275328,0.05693816537319036,0.0020964490252923886,7.261091875983842e-05,0.18192162403603518,0.0,0.0,0.0,0.0,0.0,3
IEEE33,tagconv,TP2,20,33984,427.9719421162854,-598.6651951392491,-2993.3259756962457,14.195585216953495,9.101953756761906,5.318413237305945,0.29115643642014927,0.5478802522023519,0.9632827440897623,1.0012187957763672,1.6039940118789673,0.0,0.0,0.0,1.0,1.0,12.36660846219624,16.927434836725382,84.63717418362684,0.39688231705806715,0.4439361378973055,0.7140292309407968,0.004648994896357866,0.05936712829437344,0.0022549039784914068,0.0001172786782621291,0.18703248781064113,0.0,0.0,0.0,0.0,0.0,3
IEEE33,tagconv,TP2,21,34080,299.79553543308805,-423.05967622722187,-2115.2983811361096,10.62349640201135,11.82507478142207,5.040651113697456,0.20507824772761926,0.4066675504048665,0.9741303126017252,1.0024971961975098,1.1860169967015584,0.0,0.0,0.0,1.0,1.0,17.939367375915044,24.433201488555568,122.1660074427776,0.5596226595671746,0.5657840566753025,1.0264173457303574,0.006245726283674731,0.033883857268967144,0.0014147549232435734,0.0004189409123131337,0.1303985921086524,0.0,0.0,0.0,0.0,0.0,3
IEEE33,tagconv,TP2,22,34176,237.79492426506772,-339.13310417175916,-1695.6655208587956,8.501789072084668,14.180621471369639,5.036019016376539,0.16601791274216438,0.36155980825424194,0.9763771692911783,1.003422458966573,1.0572916666666667,0.0,0.0,0.0,1.0,1.0,17.499675701161827,23.88955791030468,119.44778955152337,0.5469410707427316,0.5869888527983351,1.0040817305041008,0.0063105920737947015,0.01635084088519914,0.0003085103728344873,0.0006517005737978114,0.06344740353050352,0.0,0.0,0.0,0.0,0.0,3
IEEE33,tagconv,TP2,23,34272,608.1952151151341,-836.6380850200852,-4183.190425100426,17.974807378769622,0.0,4.063952137402875,0.3684034815265072,0.5601873795191447,0.9616673787434896,1.0006592273712158,1.608133594195048,0.0,0.0,0.0,1.0,1.0,5.7763961188345325,7.528565776982634,37.64282888491313,0.17850577494936642,0.0,0.7851238649317431,0.0008217738664904314,0.05187956765531618,0.002189266959405779,0.0006411905104695358,0.17398185120683593,0.0,0.0,0.0,0.0,0.0,3
IEEE33,tagconv,TP2,24,34368,688.2944666692628,-942.5785646105805,-4712.892823052903,19.70373009620329,0.0548188104781678,4.391674063756274,0.38269695970747203,0.5433289210001627,0.9628037412961324,1.001025398572286,1.584125558535258,0.0,0.0,0.0,1.0,1.0,5.271977792483607,6.942092168231182,34.710460841156134,0.15109559543298948,0.04822254607608215,0.7601339820395523,0.0011920500041846345,0.04425783935299707,0.0019089670582354249,0.0008885287434277329,0.1483570622971068,0.0,0.0,0.0,0.0,0.0,3
IEEE33,tagconv,TP2,25,34464,889.4478482646203,-1207.5189504941304,-6037.594752470653,22.840692295080146,0.0,3.5637705107394395,0.41041311973498923,0.5335661967595419,0.963907519976298,1.0,1.5650090376536052,0.0,0.0,0.0,1.0,1.0,1.9426843955260795,2.53242558860521,12.662127943025983,0.05516740415511737,0.0,0.9639587929571608,0.0008118325643419537,0.03267011659808359,0.001678615103795687,0.0,0.13209463060100288,0.0,0.0,0.0,0.0,0.0,3
IEEE33,tagconv,TP2,26,34560,516.4162805927098,-712.047704244405,-3560.238521222025,13.599311439496148,9.664931810976455,5.328169828567781,0.2754305986066659,0.5274410247802734,0.9652770757675171,1.0011935234069824,1.5609909693400066,0.0,0.0,0.0,1.0,1.0,13.956607802398965,18.926515600905148,94.63257800452593,0.3597500127436248,0.4043489038784015,0.556895691276681,0.004359600230093067,0.0651550240547501,0.0027958715424771263,0.00010975356581995727,0.1987371058828434,0.0,0.0,0.0,0.0,0.0,3
IEEE33,tagconv,TP2,27,34656,409.99393683496356,-575.4926184127729,-2877.463092063864,14.055561525574111,9.817043353730028,5.191686591477914,0.28904450560609496,0.5422521233558655,0.963648239771525,1.0012276570002239,1.5718187093734741,0.0,0.0,0.0,1.0,1.0,13.478856732901969,18.499845005480083,92.49922502740073,0.4529545133604792,0.5134583598695143,0.6578410951862073,0.005344671393792039,0.06094208983744317,0.0024214003188196965,0.0001165215975926126,0.19339603072904152,0.0,0.0,0.0,0.0,0.0,3
IEEE33,tagconv,TP2,28,34752,343.205818776202,-481.25373091797036,-2406.268654589852,14.192168451398326,0.0,3.850411466260857,0.2809841436230474,0.40213559071222943,0.9723268349965414,1.000746250152588,1.1194527943929036,0.0,0.0,0.0,1.0,1.0,3.204978777213524,4.146247577370133,20.7312378868507,0.045161082479161355,0.0,0.6221463082665135,0.000932446995781106,0.020546487319689218,0.0021396336548009823,0.000608446350942195,0.04756402043855674,0.0,0.0,0.0,0.0,0.0,3
IEEE33,tagconv,TP2,29,34848,376.2588733666426,-522.5285404125849,-2612.642702062925,14.065588791611674,0.0,3.4060749639311836,0.2674311550541056,0.3757106065750122,0.974138081073761,1.0,1.0706692934036257,0.0,0.0,0.0,1.0,1.0,2.6036672620514825,3.401311849139502,17.006559245697407,0.04890033736493022,0.0,0.8797556170087693,0.0007283399635982143,0.0,0.0009972817183204576,0.0,0.0,0.0,0.0,0.0,0.0,0.0,3
IEEE33,tagconv,TP2,30,34944,471.30440817627226,-655.7480799883605,-3278.740399941802,16.050387699717493,2.1820220346010655,5.569295243453819,0.33343339897692204,0.5766159296035767,0.9603211879730225,1.0016353130340576,1.660186529159546,0.0,0.0,0.0,1.0,1.0,8.160357214449817,11.11539637728467,55.57698188642353,0.28333815038478277,0.2387856895556649,0.49104251288359035,0.00247652653936729,0.06414088543676161,0.002669419038520546,0.00043480994764327784,0.19815951423554765,0.0,0.0,0.0,0.0,0.0,3
IEEE33,tagconv,TP3,0,32064,359.20309617644307,-504.51456749116386,-2522.572837455819,9.678966856123244,12.991688057720546,5.21945436645867,0.23270924741195306,0.5047467549641927,0.9716651240984598,1.0021591583887737,1.1387481292088826,0.0,0.0,0.0,1.0,1.0,14.06078545009992,19.21841937913878,96.09209689569396,0.345835264505684,0.39732642742398316,0.929500495794217,0.005508412457007612,0.039796088236824706,0.0014207607890858731,1.9133493284533207e-05,0.11276459611353576,0.0,0.0,0.0,0.0,0.0,3
IEEE33,tagconv,TP3,1,32160,291.2814764008444,-412.3882890333732,-2061.941445166866,8.082596267424094,14.015268315574913,5.078832520796982,0.19665848215421042,0.44735900561014813,0.9747276902198792,1.0041115283966064,1.010339140892029,0.0,0.0,0.0,1.0,1.0,11.826724272697234,16.32693529560292,81.63467647801446,0.3087650181021065,0.3978677334566061,0.8942369549089201,0.005847563248468566,0.03433119274284737,0.0013117979654045202,0.0012833188089127075,0.08485752449558384,0.0,0.0,0.0,0.0,0.0,3
IEEE33,tagconv,TP3,2,32256,514.2412258698944,-718.7116334870458,-3593.558167435229,14.154436712970002,7.667263466329089,5.493331324054403,0.3619209240294165,0.6890347798665365,0.9595988790194193,1.0010451873143513,1.560494303703308,0.0,0.0,0.0,1.0,1.0,19.326573922148196,26.217180040381322,131.08590020190638,0.45337622705952835,0.4744715030378167,0.6783338331532173,0.006199009742173871,0.06187539121001649,0.0026578090173836368,6.242929526853198e-05,0.1542502503276339,0.0,0.0,0.0,0.0,0.0,3
IEEE33,tagconv,TP3,3,32352,590.340282096928,-818.7175743676722,-4093.587871838361,13.903280818935551,9.801960084225058,5.294631728031752,0.35939615095655125,0.7211333910624186,0.9577032526334127,1.0017857551574707,1.625800649325053,0.0,0.0,0.0,1.0,1.0,16.306891231069915,21.94131246763483,109.70656233817408,0.31320430859101545,0.34298912605347853,0.816490065517509,0.004235896049105509,0.05771813497421051,0.002332376787699769,3.695930177626956e-05,0.14302937141119088,0.0,0.0,0.0,0.0,0.0,3
IEEE33,tagconv,TP3,4,32448,768.6486615510145,-1052.6717365803818,-5263.358682901909,16.713704084306965,0.4616721471327443,4.861012908203357,0.42549932437638444,0.7057308554649353,0.9591219425201416,1.0010911226272583,1.6070854266484578,0.0,0.0,0.0,1.0,1.0,21.371125033217385,28.49209067014627,142.46045335073111,0.4256563139503571,0.28253094453686073,0.38380190161342836,0.00431706734761922,0.06892058832451842,0.0040081322037631975,0.00014568706715379015,0.14353348250574832,0.0,0.0,0.0,0.0,0.0,3
IEEE33,tagconv,TP3,5,32544,1376.0046979005003,-1858.0031293233235,-9290.015646616617,24.74308768090043,0.0,2.649714704123738,0.5543622889866432,0.6965277989705404,0.9600308537483215,1.0,1.5858214696248372,0.0,0.0,0.0,1.0,1.0,4.805970146461108,6.279474801468271,31.3973740073433,0.023822998795371423,0.0,0.46475594848029156,0.0003237163638209352,0.02567975963737356,0.0011209780572483997,0.0,0.07676470392251017,0.0,0.0,0.0,0.0,0.0,3
IEEE33,tagconv,TP3,6,32640,1227.4823823337094,-1664.6680439631145,-8323.340219815573,24.49997544605971,0.0,2.9069532939637353,0.5523004041363796,0.7011904120445251,0.9593178828557333,1.0,1.5875722964604695,0.0,0.0,0.0,1.0,1.0,7.810682331878394,10.1964362509932,50.98218125496599,0.03131928860829264,0.0,0.6159660299353256,0.00038949769256695207,0.019017746667063993,0.0006263317286389746,0.0,0.06824424459210902,0.0,0.0,0.0,0.0,0.0,3
IEEE33,tagconv,TP3,7,32736,691.2721398892077,-943.3618716274699,-4716.80935813735,14.365135557684766,0.0,3.576516947408279,0.35810123839312125,0.5343392690022787,0.969281812508901,1.0006771087646484,1.2034243742624917,0.0,0.0,0.0,1.0,1.0,8.340593784526027,10.873085328993783,54.365426644968736,0.12253251332203999,0.0,0.634088667344242,0.0004508410637194116,0.04914081727080324,0.001704439269949347,0.00010807405315989372,0.12008752724735729,0.0,0.0,0.0,0.0,0.0,3
IEEE33,tagconv,TP3,8,32832,434.14380934294286,-602.0737216677517,-3010.3686083387583,9.753895713897483,10.866542003853013,5.359924551954616,0.24489087921877697,0.4971601963043213,0.9717783729235331,1.0018781026204426,1.1128185590108235,0.0,0.0,0.0,1.0,1.0,17.633478089047042,23.97416588212199,119.87082941061003,0.31702835302694454,0.45859200403318506,0.7123712405129291,0.006010032324589895,0.03729761359727748,0.0016065747900368692,0.0004944356622749892,0.07838544832829662,0.0,0.0,0.0,0.0,0.0,3
IEEE33,tagconv,TP3,9,32928,689.9936644678161,-950.2884470164776,-4751.442235082388,14.369257902591604,9.23574778732702,5.2425864372351425,0.37844997851385015,0.7621372739473978,0.9561320741971334,1.001871387163798,1.714249849319458,0.0,0.0,0.0,1.0,1.0,18.069612003279737,24.178097471573164,120.89048735786582,0.27066588943397385,0.32821835362473795,0.8982577904098188,0.0038196732926228296,0.058068474098524704,0.00386678700464025,3.372450255062135e-06,0.12595205062877687,0.0,0.0,0.0,0.0,0.0,3
IEEE33,tagconv,TP3,10,33024,812.5870895277097,-1108.976049375534,-5544.88024687767,15.26429706026505,5.083056431708158,4.977376360046807,0.3944898444331355,0.7370586593945821,0.9577261805534363,1.0017762581507366,1.6672561168670654,0.0,0.0,0.0,1.0,1.0,16.24475915101478,21.623849875111787,108.11924937555855,0.23196590187316146,0.2563374400821147,0.5731476615647065,0.0030283210859999195,0.014004057551871318,0.0016489733628922776,8.850961281987719e-05,0.0476782881504245,0.0,0.0,0.0,0.0,0.0,3
IEEE33,tagconv,TP3,11,33120,873.1188594395626,-1191.165759969751,-5955.828799848755,17.423081268736627,0.0,3.8911536624009826,0.4494567389289538,0.6933664679527283,0.9603257179260254,1.0,1.5805139144261677,0.0,0.0,0.0,1.0,1.0,5.872767406786363,7.681058279536268,38.40529139768175,0.11895784308759083,0.0,0.4001479706170293,0.00036454894861516176,0.023423235334748962,0.0014128691095314874,0.0,0.06845275574310496,0.0,0.0,0.0,0.0,0.0,3
IEEE33,tagconv,TP3,12,33216,573.902855308136,-793.967352066934,-3969.8367603346705,12.96955013079785,9.50024693650416,5.241910479287946,0.3337586141294903,0.6942032178243002,0.9600329200426737,1.0017117261886597,1.5801672140757244,0.0,0.0,0.0,1.0,1.0,14.860883889487372,20.019751916273844,100.09875958136932,0.29380446507314617,0.3407836833208605,0.9464899942457929,0.00405118859884406,0.04742261997237532,0.0027653510741662106,7.701575174608126e-05,0.10695058168066439,0.0,0.0,0.0,0.0,0.0,3
IEEE33,tagconv,TP3,13,33312,776.6180938474168,-1070.5163463672004,-5352.581731836001,20.140031377740062,0.12583249670540286,4.349938565861396,0.48729677725997234,0.7051417628924052,0.9583644072214762,1.0007349252700806,1.5880741675694783,0.0,0.0,0.0,1.0,1.0,1.4822579732085872,1.8841156934735575,9.42057846736713,0.03988822741354998,0.037511585151445384,0.6186008484498955,0.0004231966102172695,0.08225180743967539,0.0034750897136505217,0.0005184312774749902,0.19859724510047078,0.0,0.0,0.0,0.0,0.0,3
IEEE33,tagconv,TP3,14,33408,374.9618806249326,-528.471562436161,-2642.3578121808046,10.484886887834099,13.679813578847268,5.106952307431028,0.2570737312651343,0.5471851229667664,0.9690225720405579,1.002124826113383,1.2329078515370686,0.0,0.0,0.0,1.0,1.0,14.903974263066793,20.24743345804742,101.23716729023714,0.3560400339382404,0.3843282179914958,0.6852683287055525,0.005116891000265983,0.040319635429242426,0.0015218328919604069,0.00016378203871584093,0.10277093314019735,0.0,0.0,0.0,0.0,0.0,3
IEEE33,tagconv,TP3,15,33504,334.5567333540696,-465.90318149239755,-2329.515907461988,9.33216508852278,1.9832702173414238,5.577611835045435,0.23771203640434477,0.4803697466850281,0.9724959929784139,1.0035140911738079,1.0688833793004353,0.0,0.0,0.0,1.0,1.0,4.73237057033142,6.602428277637277,33.01214138818642,0.12559516020158543,0.21774574733970903,0.5273173804296969,0.0026392577390404056,0.03842448571767146,0.0014525472276985876,0.0010490167499222478,0.09122851536929295,0.0,0.0,0.0,0.0,0.0,3
IEEE33,tagconv,TP3,16,33600,566.0003030023456,-786.3777194735904,-3931.888597367952,15.192393541886815,3.485474279839766,5.642890146452648,0.3869415747208727,0.7074549992879232,0.9584221442540487,1.001587152481079,1.6031413078308105,0.0,0.0,0.0,1.0,1.0,12.968143184670158,17.459205039160643,87.29602519580332,0.332741027592411,0.28719732178909513,0.4728305542764192,0.00368633184263938,0.06524380548875419,0.002578727631860374,0.0003454802649669207,0.15081555785376705,0.0,0.0,0.0,0.0,0.0,3
IEEE33,tagconv,TP3,17,33696,718.1708255197067,-990.3168668501079,-4951.5843342505395,17.185909270802103,4.365695210043907,5.336005244129189,0.4313932183302111,0.7227066159248352,0.95745317141215,1.0008904933929443,1.6354073286056519,0.0,0.0,0.0,1.0,1.0,20.589129266713954,27.87136230031996,139.35681150159974,0.4106724314397247,0.47957213006480853,0.5022343784654635,0.0063240519207701205,0.07231643843669128,0.0028951042108422875,0.00010947080643686734,0.17009817566522756,0.0,0.0,0.0,0.0,0.0,3
IEEE33,tagconv,TP3,18,33792,886.6702256698677,-1217.0338229477404,-6085.169114738703,21.860671798612355,0.0,3.809355428053775,0.5155777966396676,0.7045571009318033,0.9586595892906189,1.0,1.5923288663228352,0.0,0.0,0.0,1.0,1.0,4.590633626784076,5.984137877462636,29.920689387312663,0.047014851390705895,0.0,0.8298234512139094,0.0007275134985252766,0.05061539227969488,0.0018899965757559764,0.0,0.1261319099916021,0.0,0.0,0.0,0.0,0.0,3
IEEE33,tagconv,TP3,19,33888,463.343288419458,-654.6485308063526,-3273.2426540317633,14.245267171277021,10.451517466920093,5.24965836667386,0.3642307114269998,0.705673078695933,0.9586047530174255,1.0019373496373494,1.6039560635884602,0.0,0.0,0.0,1.0,1.0,14.036990981166154,19.199297298891587,95.99648649445753,0.4024734265309405,0.41746369700449076,0.6090918387647022,0.005400973678384138,0.07056754114959252,0.003082741182119235,0.0001262259952657113,0.15950707368438305,0.0,0.0,0.0,0.0,0.0,3
IEEE33,tagconv,TP3,20,33984,434.5753775722253,-617.0940220788121,-3085.4701103940606,14.417579578790177,9.205391241775521,5.308975558529778,0.36947822363840205,0.7148091991742452,0.9581149021784464,1.0018891493479412,1.6182957887649536,0.0,0.0,0.0,1.0,1.0,11.844623744927011,16.20849753034968,81.04248765174839,0.36189008690458097,0.3664610196469537,0.6237429570571722,0.004725714008994127,0.08068721470675745,0.0036605611825100957,0.00010420183033382404,0.19298342689107334,0.0,0.0,0.0,0.0,0.0,3
IEEE33,tagconv,TP3,21,34080,304.9137032293493,-436.7116198224947,-2183.5580991124734,10.818058273575597,11.963287710590855,5.002517658064545,0.26028704312112594,0.537543515364329,0.9698087374369303,1.0019676685333252,1.2193868160247803,0.0,0.0,0.0,1.0,1.0,16.92096826799359,23.07374475593865,115.36872377969303,0.47469598041081956,0.48875758177243317,0.9665149799226758,0.0063001600170798705,0.044104691570052465,0.0018762159538318183,0.00015114083184485653,0.11689134851323707,0.0,0.0,0.0,0.0,0.0,3
IEEE33,tagconv,TP3,22,34176,242.5129295792681,-350.95084490285564,-1754.7542245142783,8.680599271449049,14.318638827085714,5.013105107675344,0.21069239597353664,0.47093768914540607,0.9735009471575419,1.0028448899586995,1.062896410624186,0.0,0.0,0.0,1.0,1.0,16.72894441124884,22.95783718705999,114.78918593530001,0.47977185146741597,0.5138290766276739,1.0187707464176097,0.007259369556519612,0.029976609110140266,0.0013024073276447492,0.0004765581616147328,0.06373752035969676,0.0,0.0,0.0,0.0,0.0,3
IEEE33,tagconv,TP3,23,34272,609.6276488426653,-850.6221241871516,-4253.110620935758,18.04991388460265,0.0,3.8905842662529273,0.4654871072206232,0.7174131671587626,0.9576309124628702,1.0008035898208618,1.6226272980372112,0.0,0.0,0.0,1.0,1.0,5.4288874899618795,7.067392391289927,35.33696195644948,0.15039417687673656,0.0,0.5225687038674449,0.00040896273828168266,0.07473154015581837,0.002966388689508098,9.544496067106118e-05,0.17104983986772576,0.0,0.0,0.0,0.0,0.0,3
IEEE33,tagconv,TP3,24,34368,692.8893884910152,-961.5211795933545,-4807.605897966772,19.822552755673502,0.0536000604781677,4.259310753000466,0.48661606965793497,0.7085325121879578,0.9583285252253214,1.0004736185073853,1.6161110798517864,0.0,0.0,0.0,1.0,1.0,5.555937970974837,7.329666974467223,36.64833487233604,0.13726410974732486,0.04718381423567125,0.4791478525743853,0.0008394126188435478,0.06601514024414849,0.0024559889738428567,0.00016456880201569916,0.14798646224992007,0.0,0.0,0.0,0.0,0.0,3
IEEE33,tagconv,TP3,25,34464,894.202857536523,-1228.0630026737847,-6140.315013368924,22.952069933518867,0.0,3.4451055487744604,0.525502257876926,0.6961517930030823,0.9592674970626831,1.0,1.5751136541366577,0.0,0.0,0.0,1.0,1.0,3.0430533648441656,4.019869021507203,20.0993451075362,0.04177432332139601,0.0,0.7205754365230641,0.0007082181350083586,0.05050761347033724,0.001813370444032036,0.0,0.13442001999519307,0.0,0.0,0.0,0.0,0.0,3
IEEE33,tagconv,TP3,26,34560,525.0711132674306,-732.9886643335223,-3664.9433216676116,13.824779614942107,9.80979109470668,5.251662319712325,0.3522400388287173,0.6988518436749777,0.9588554302851359,1.0019474426905315,1.5908104578653972,0.0,0.0,0.0,1.0,1.0,14.94169892784779,20.238923779148397,101.19461889574163,0.342488447936936,0.3707525542715078,0.5443562661538877,0.004838358865074848,0.07156394326743629,0.002878343015998051,0.00014735542849717787,0.16989340184858584,0.0,0.0,0.0,0.0,0.0,3
IEEE33,tagconv,TP3,27,34656,417.47957856332124,-594.996041503052,-2974.9802075152597,14.311430735040195,9.94369707337191,5.136297945357524,0.366653195892771,0.71499631802241,0.9583199222882589,1.001743237177531,1.6167786916097004,0.0,0.0,0.0,1.0,1.0,12.423166532577227,17.030041966475455,85.1502098323772,0.3728690427371559,0.4081097404750999,0.6303713234801234,0.00512981484692878,0.0737349314625185,0.003757536957936237,6.703605201131833e-05,0.18124125879994757,0.0,0.0,0.0,0.0,0.0,3
IEEE33,tagconv,TP3,28,34752,343.5296848097776,-490.61904601355394,-2453.0952300677695,14.250698740744951,0.0,3.785627793202394,0.3526586379028029,0.5178791483243307,0.9702467521031698,1.0002944866816201,1.1374502579371135,0.0,0.0,0.0,1.0,1.0,3.004527767048517,3.933485186171216,19.667425930855995,0.09556447724644895,0.0,0.37573820462985735,0.0002646861057394018,0.04070670683041558,0.0018146260948221423,0.00018997504217461232,0.07139763276637388,0.0,0.0,0.0,0.0,0.0,3
IEEE33,tagconv,TP3,29,34848,375.77125066318507,-530.7476411143939,-2653.7382055719695,14.121249576097663,0.0,3.6002354287947127,0.3383609654588831,0.49234994252522785,0.9721933801968894,1.0,1.1041615804036458,0.0,0.0,0.0,1.0,1.0,1.788656743777204,2.376064376068103,11.880321880340485,0.04872851877254533,0.0,0.9177789742745509,0.0008170837408494552,0.02318373721551746,0.0009563649494080994,0.0,0.05184866965293486,0.0,0.0,0.0,0.0,0.0,3
IEEE33,tagconv,TP3,30,34944,477.9162771005478,-675.232519492507,-3376.162597462535,16.274643360480695,2.3097790974023353,5.606865085189129,0.41988489756153685,0.7565164168675741,0.9554972251256307,1.0011435349782307,1.6945768594741821,0.0,0.0,0.0,1.0,1.0,8.807363228911269,11.96232316589216,59.81161582946086,0.25477428362900617,0.2279481071268141,0.4951790271747931,0.0027760069793450744,0.07738277213400108,0.0036838412068695703,4.8866115942537766e-05,0.17805156541656408,0.0,0.0,0.0,0.0,0.0,3
IEEE33,tagconv,TP4,0,32064,357.40891747829545,-493.414578251044,-2467.07289125522,9.629047578599948,12.990152529706501,5.28743658340547,0.1625078330851263,0.3290030558904012,0.981853206952413,1.0039865573247273,1.1373488108317058,0.0,0.0,0.0,1.0,1.0,15.56542912965834,21.10099567644924,105.50497838224638,0.3881389198642971,0.4370164904062273,0.8366495296853561,0.004991642681732451,0.02283730833270045,0.001030025726742732,2.1198258746894634e-05,0.10455833961906141,0.0,0.0,0.0,0.0,0.0,3
IEEE33,tagconv,TP4,1,32160,289.44088998422,-402.7658529900015,-2013.8292649500072,8.029611739882,13.987695703526848,5.140803459745998,0.13901802442140046,0.29053946336110426,0.9836189945538839,1.0041255950927734,1.0058919588724773,0.0,0.0,0.0,1.0,1.0,13.211042477599518,17.94435916218086,89.72179581090398,0.34761421023059835,0.4187975525796905,0.8397227367838737,0.004492076454752565,0.01936866419824281,0.0007493722118064784,9.084968034390282e-06,0.08174551570284093,0.0,0.0,0.0,0.0,0.0,3
IEEE33,tagconv,TP4,2,32256,509.78107318230246,-697.8143936008215,-3489.0719680041075,14.041470420521287,7.681142223867138,5.566745420010313,0.24085604109697867,0.4466896454493205,0.9740220705668131,1.001262625058492,1.5460360447565715,0.0,0.0,0.0,1.0,1.0,19.121578420975734,25.737885302068534,128.68942651034266,0.45987423979715886,0.5006396476739516,0.6143782055108341,0.0044322209647369515,0.03469465951835613,0.0012410709273230679,0.0002655243517402735,0.13577382861762516,0.0,0.0,0.0,0.0,0.0,3
IEEE33,tagconv,TP4,3,32352,586.0252921387593,-798.0304030751189,-3990.152015375594,13.808127936717957,9.811835839954709,5.359730757186355,0.2385740648541185,0.46411603689193726,0.9722302357355753,1.0013621250788372,1.5994289716084797,0.0,0.0,0.0,1.0,1.0,16.753042584113885,22.463355859406445,112.31677929703217,0.3328543226710972,0.394770577012816,0.69542913891198,0.003532621569207525,0.041286223216251375,0.0008665798391043671,0.0001558164524330584,0.15407274115317368,0.0,0.0,0.0,0.0,0.0,3
IEEE33,tagconv,TP4,4,32448,764.8415701794567,-1030.0864738943521,-5150.4323694717605,16.6304803275515,0.5169148995018279,4.857641050167869,0.28392318946619827,0.45673980315526325,0.9723241130510966,1.0020231008529663,1.5746991237004597,0.0,0.0,0.0,1.0,1.0,15.528312015553063,20.59189696647175,102.95948483235819,0.2940983580026801,0.1703213566680135,0.3105371326146578,0.0024588297226164806,0.04002071603445004,0.000547967337163792,0.0005334777403356991,0.14444827467251006,0.0,0.0,0.0,0.0,0.0,3
IEEE33,tagconv,TP4,5,32544,1365.5946012609713,-1821.0987693786622,-9105.49384689331,24.544551143325805,0.0,2.7218041606698873,0.3670889213681221,0.44995226462682086,0.9736276467641195,1.0,1.5525378783543904,0.0,0.0,0.0,1.0,1.0,5.0399935362002,6.58010082550793,32.900504127539186,0.030249733386483787,0.0,0.5496554650728072,0.0002957723182638085,0.022504007467671908,0.0004743654081537591,0.0,0.08396574901048715,0.0,0.0,0.0,0.0,0.0,3
IEEE33,tagconv,TP4,6,32640,1217.6165956810044,-1628.607038752238,-8143.0351937611895,24.307110854921046,0.0,3.0329945345586187,0.3661127994871802,0.46860692898432416,0.972520132859548,1.0,1.6134676933288574,0.0,0.0,0.0,1.0,1.0,9.636710543311464,12.574139473787215,62.870697368936284,0.03735126766880378,0.0,0.6651371954078755,0.0004199941198400247,0.022648460984440722,0.0001670951591063472,0.0,0.08309111275705125,0.0,0.0,0.0,0.0,0.0,3
IEEE33,tagconv,TP4,7,32736,687.9553848033851,-924.5179337019722,-4622.5896685098605,14.29775436755036,0.0,3.5839034385573796,0.24165225256648323,0.35300668080647785,0.978924572467804,1.0005007982254028,1.2006944020589192,0.0,0.0,0.0,1.0,1.0,7.483334570815674,9.760205336553387,48.80102668276761,0.08739305298742055,0.0,0.5391092054292416,0.0003493584981229798,0.02806388709649332,0.00028286358051427717,0.0002556289994339956,0.10974090826529607,0.0,0.0,0.0,0.0,0.0,3
IEEE33,tagconv,TP4,8,32832,432.81184529783826,-590.8178148307683,-2954.089074153841,9.732627432302158,10.902358493268588,5.410326869404083,0.16841590363118378,0.32778988281885785,0.9806591073671976,1.0021977424621582,1.1053794622421265,0.0,0.0,0.0,1.0,1.0,16.32870804847545,21.93172041580058,109.65860207900292,0.29494812252306424,0.4242452586410288,0.6496791777822336,0.004060804133119835,0.01977494708818952,0.0001132892444492371,5.455684475147219e-05,0.07646342698489958,0.0,0.0,0.0,0.0,0.0,3
IEEE33,tagconv,TP4,9,32928,685.1261942325723,-928.1242345983783,-4640.621172991891,14.266850285600583,9.244699869631951,5.273669228349417,0.25154095970922047,0.49431459108988446,0.9696401158968607,1.0012739499409993,1.682493527730306,0.0,0.0,0.0,1.0,1.0,20.304464561098506,27.07356525922091,135.3678262961044,0.3215254098283012,0.3918319169134494,0.8022743114630907,0.003415268495235637,0.036902141147116894,0.0005687513943399509,0.00011741632929293717,0.13851338863499527,0.0,0.0,0.0,0.0,0.0,3
IEEE33,tagconv,TP4,10,33024,806.0699207463396,-1084.101573333641,-5420.507866668205,15.164621272315003,5.1100939725108,4.994025789284028,0.2629725736462407,0.47998050848642987,0.9712040225664774,1.0014849106470745,1.6357634862263997,0.0,0.0,0.0,1.0,1.0,12.624634095016164,16.77196127310722,83.85980636553543,0.1656995031511838,0.2064140265544129,0.43266556668693396,0.001998430688163594,0.017220036165873965,0.00039897775959738403,0.0006890810603054366,0.06584470463749993,0.0,0.0,0.0,0.0,0.0,3
IEEE33,tagconv,TP4,11,33120,865.9542651219468,-1162.9953627377747,-5814.976813688874,17.288154596914904,0.0,3.993461216695747,0.29836090074645144,0.4411379297574361,0.9741324583689371,1.000206708908081,1.5244286855061848,0.0,0.0,0.0,1.0,1.0,5.945415452858319,7.763734442631281,38.818672213156525,0.11532719729778358,0.0,0.35585936336329604,0.00026399953630119454,0.025484760143756616,0.00020308626201949809,0.00021163849346546586,0.09777648726764611,0.0,0.0,0.0,0.0,0.0,3
IEEE33,tagconv,TP4,12,33216,571.079663226028,-776.2210616394877,-3881.1053081974387,12.914768977780568,9.53519106914063,5.260309885367331,0.2208119757059547,0.44731996456782025,0.974665105342865,1.0018967390060425,1.55522354443868,0.0,0.0,0.0,1.0,1.0,16.364330517363037,21.931664458554163,109.65832229277044,0.33759143349877124,0.40465606099757273,0.8227009941181586,0.003365190503813938,0.03055499795584235,0.0013980290244759294,0.0009170891744122334,0.11635148776616942,0.0,0.0,0.0,0.0,0.0,3
IEEE33,tagconv,TP4,13,33312,770.9485182255172,-1042.8448629781603,-5214.224314890802,19.98769586474536,0.13589844309956253,4.2640464240034195,0.3246124744829204,0.45703089237213135,0.9724074800809225,1.001091440518697,1.5717610120773315,0.0,0.0,0.0,1.0,1.0,3.088621343357063,3.962811793682492,19.814058968412688,0.04361440464432641,0.04105292865554156,0.49602053901334,0.00037315136345672105,0.05355060753129479,0.0016594709846000544,0.000513837677513575,0.1946023181469835,0.0,0.0,0.0,0.0,0.0,3
IEEE33,tagconv,TP4,14,33408,372.9653265052022,-515.850409857432,-2579.2520492871604,10.42800480515846,13.682509895887241,5.1317900732051305,0.17675879970192906,0.35329161087671906,0.9792134761810303,1.00244935353597,1.2065497636795044,0.0,0.0,0.0,1.0,1.0,16.821696731756656,22.700689076638092,113.50344538319047,0.4110632486956004,0.44198307349330546,0.7422866997762636,0.004456520720366031,0.029666177365192677,0.0003023332137891784,0.0003230669693441354,0.11471117127200793,0.0,0.0,0.0,0.0,0.0,3
IEEE33,tagconv,TP4,15,33504,333.4511515994399,-454.9101581766891,-2274.5507908834456,9.299151446011384,1.9893044881502895,5.538758774894766,0.1611123310608996,0.3110990325609843,0.981681764125824,1.0032412211100261,1.0621126492818196,0.0,0.0,0.0,1.0,1.0,6.48637679632878,8.739358542192472,43.69679271096239,0.17282485889925214,0.20491792588998056,0.5346144419786422,0.0020077109867582127,0.02478115062929748,0.00035343981779428383,0.00138846793970223,0.08914060983383225,0.0,0.0,0.0,0.0,0.0,3
IEEE33,tagconv,TP4,16,33600,562.5798576017208,-765.7333883119127,-3828.666941559563,15.096310193135139,3.4872036485004245,5.640314393268475,0.25713958674006987,0.4565553466478984,0.9726981918017069,1.0024062792460124,1.5779898564020793,0.0,0.0,0.0,1.0,1.0,10.721928179931128,14.392812230400269,71.96406115200134,0.29089781083513755,0.29454668815302576,0.4323463096060128,0.0024875214677530628,0.04414775588191051,0.0009679604234213824,0.00044921971028193054,0.1608163185726502,0.0,0.0,0.0,0.0,0.0,3
IEEE33,tagconv,TP4,17,33696,711.7510664693959,-964.0826188330849,-4820.413094165425,17.054841843585752,4.369162581728315,5.371813970040198,0.2879989718397458,0.4677586555480957,0.9718799193700155,1.0013793309529622,1.6130791505177815,0.0,0.0,0.0,1.0,1.0,18.964913700826614,25.494165232792206,127.47082616396135,0.40235048376163857,0.482084894062898,0.4512541124118353,0.004199652682373586,0.04754127050342455,0.001012185924275533,1.8445623343811284e-05,0.17460469011424132,0.0,0.0,0.0,0.0,0.0,3
IEEE33,tagconv,TP4,18,33792,878.8562684192302,-1185.1268502016862,-5925.634251008431,21.681719723881542,0.0,3.8089631695368777,0.34130812995135784,0.4503745237986247,0.9733540018399557,1.0,1.5664288997650146,0.0,0.0,0.0,1.0,1.0,4.656771077589671,6.077910989306257,30.38955494653114,0.039592075990632504,0.0,0.7020164355629339,0.0004273471448240272,0.03491663834075478,0.00034435390932580073,0.0,0.1253691268195371,0.0,0.0,0.0,0.0,0.0,3
IEEE33,tagconv,TP4,19,33888,459.97467583239614,-634.8606846024592,-3174.303423012296,14.145875038192022,10.45900517212711,5.229551192260158,0.24081565957102505,0.4598434368769328,0.973209281762441,1.0012853145599365,1.5877257982889812,0.0,0.0,0.0,1.0,1.0,15.099678243160119,20.48312245111556,102.41561225557761,0.44193639242193816,0.4801082500389813,0.6252786381153891,0.004409843093196881,0.039706164510426974,0.0015878254875841752,7.267974427526649e-05,0.15539854373830223,0.0,0.0,0.0,0.0,0.0,3
IEEE33,tagconv,TP4,20,33984,431.3812759888082,-597.4038639627397,-2987.0193198136985,14.30728806407645,9.20953349426017,5.287497835516413,0.24497745434443152,0.46236513058344525,0.9723901152610779,1.0012187560399373,1.5971074899037678,0.0,0.0,0.0,1.0,1.0,13.459854675463674,18.26431955886402,91.3215977943201,0.4130137304647689,0.4432054300115653,0.6890473656199194,0.00398140245972789,0.052295808381034654,0.0015544645452035739,0.00011720985274655681,0.18745945208595988,0.0,0.0,0.0,0.0,0.0,3
IEEE33,tagconv,TP4,21,34080,303.30233653287513,-424.4609708772352,-2122.3048543861755,10.756658989447923,11.962767201070562,5.028606263417085,0.17897718027234075,0.3507279356320699,0.980536937713623,1.0028064648310344,1.2111522754033406,0.0,0.0,0.0,1.0,1.0,18.339259965173408,24.81312483900202,124.06562419500987,0.5402468910631084,0.5725803703742063,1.0025401448782052,0.005033104097398451,0.028348505922783845,0.000872948165618893,0.0001189993161473021,0.11414674238813571,0.0,0.0,0.0,0.0,0.0,3
IEEE33,tagconv,TP4,22,34176,240.3724861385427,-339.9969671624402,-1699.984835812201,8.601134572050512,14.282680129517706,5.085773734949574,0.1455347910523414,0.30813856919606525,0.9821727673212687,1.003371000289917,1.0581646362940471,0.0,0.0,0.0,1.0,1.0,18.649363242951168,25.223610708212743,126.11805354106365,0.5471965770406724,0.5838836218474454,1.0192740979447523,0.0051733591306628935,0.015245078989371972,1.3076847928305067e-05,0.0002219622872038535,0.060533564330143716,0.0,0.0,0.0,0.0,0.0,3
IEEE33,tagconv,TP4,23,34272,604.8567808238276,-824.9361544591685,-4124.680772295843,17.901942089566756,0.0,3.9389104671832595,0.3093949326624473,0.4650607903798421,0.9718692898750305,1.0006649096806843,1.6016635100046794,0.0,0.0,0.0,1.0,1.0,6.078625237546495,7.924943548816409,39.62471774408149,0.14551389702353495,0.0,0.510436427965951,0.0005282176730697214,0.048225907038034754,0.0011851340718723922,0.0006975559802316127,0.17368466291643536,0.0,0.0,0.0,0.0,0.0,3
IEEE33,tagconv,TP4,24,34368,687.2621221927185,-933.7904080572229,-4668.9520402861135,19.66220304988595,0.055621822247591025,4.27944994538342,0.323014041615857,0.46397268772125244,0.9719318350156149,1.0010459025700886,1.5990496476491292,0.0,0.0,0.0,1.0,1.0,6.10598251302264,8.049616106257297,40.24808053128671,0.13858593446893588,0.04952214370730014,0.39732009345587654,0.000930657991778749,0.03633235846485468,0.0014701674032296837,0.0009183931351616347,0.1424262897857645,0.0,0.0,0.0,0.0,0.0,3
IEEE33,tagconv,TP4,25,34464,886.7383345755626,-1196.1434980312981,-5980.717490156491,22.765614331548193,0.0,3.4267944389409917,0.3474935684353113,0.44904637336730957,0.973563532034556,1.0,1.5589192708333333,0.0,0.0,0.0,1.0,1.0,3.826512965368194,5.0205543679016,25.102771839508254,0.03677922609715432,0.0,0.6444376579102579,0.0004461166977302188,0.03178276000244036,0.00047221263742196266,0.0,0.1319992737027875,0.0,0.0,0.0,0.0,0.0,3
IEEE33,tagconv,TP4,26,34560,520.9200577590419,-712.6181032160918,-3563.090516080459,13.720203028392726,9.797970453390091,5.262600244578135,0.23237419832083914,0.4458855191866557,0.9737648169199625,1.001184384028117,1.556660811106364,0.0,0.0,0.0,1.0,1.0,14.43510940788265,19.421507170139684,97.10753585069834,0.3237939335804345,0.37413495701335786,0.5057314003624057,0.0035441147670934514,0.05388444163098128,0.0013702407420336047,0.00011672807413884874,0.19459651354976035,0.0,0.0,0.0,0.0,0.0,3
IEEE33,tagconv,TP4,27,34656,413.97733497709095,-574.9968943744898,-2874.984471872449,14.19339077686584,9.937956264911959,5.172774004293487,0.2429574407223198,0.46060872077941895,0.9725020130475363,1.0012276570002239,1.5938445727030437,0.0,0.0,0.0,1.0,1.0,12.639984010123957,17.230652280735683,86.15326140367875,0.39059512730708523,0.46538705298066585,0.6204159012952315,0.004167740948819303,0.05069226007107768,0.0012172577831636598,0.0001165215975926126,0.18696883649507332,0.0,0.0,0.0,0.0,0.0,3
IEEE33,tagconv,TP4,28,34752,342.10885225687645,-474.527989590913,-2372.6399479545653,14.194261287349113,0.0,3.777162979215458,0.23852664128773737,0.329598069190979,0.9794450203577677,1.000763177871704,1.1145461797714233,0.0,0.0,0.0,1.0,1.0,3.799960407627581,4.9987649623783055,24.993824811891685,0.0774585094855542,0.0,0.3716028228869414,0.0006489467084299601,0.00836004464862752,0.0011971710202684299,0.0006296313622316051,0.051811624855866024,0.0,0.0,0.0,0.0,0.0,3
IEEE33,tagconv,TP4,29,34848,373.76128693302843,-514.2120367685953,-2571.060183842977,14.042125052999987,0.0,3.500489706266967,0.22680606403284598,0.3181370496749878,0.9803925553957621,1.0000044107437134,1.067747950553894,0.0,0.0,0.0,1.0,1.0,2.2664275620845182,2.987723306159819,14.93861653079939,0.04159827099687395,0.0,0.7980003952308858,0.0004807088069444728,0.0,0.0006370145578962146,7.63963221068921e-06,0.0,0.0,0.0,0.0,0.0,0.0,3
IEEE33,tagconv,TP4,30,34944,474.16493958663733,-652.7541730215153,-3263.770865107576,16.141855179460777,2.320193602479654,5.608269580047176,0.2788821961730718,0.4948354164759318,0.969463050365448,1.001637617746989,1.6863715648651123,0.0,0.0,0.0,1.0,1.0,11.05729793218192,14.959203480697399,74.79601740348697,0.3296793259806242,0.3296646955714437,0.5389119809675711,0.002731889601356854,0.04273185272686225,0.0006493978403868952,0.0004312407596939556,0.15903850514095905,0.0,0.0,0.0,0.0,0.0,3
IEEE33,tagconv,TP5,0,32064,356.61698139994513,-500.78952523842446,-2503.9476261921227,9.606962676428756,12.99947571812786,5.261979670002716,0.22980581327444974,0.5116999745368958,0.965068538983663,1.011062781016032,1.1417199770609539,0.0,0.0,0.0,1.0,1.0,16.961470045210202,23.23434736424461,116.17173682122298,0.451065486417474,0.47895214487423476,0.6985033537674122,0.007044671452589771,0.04819363138066797,0.003453201509401592,0.0024648857534445524,0.1110422949533678,0.0,0.0,0.0,0.0,0.0,3
IEEE33,tagconv,TP5,1,32160,289.06341489881675,-409.2904388246437,-2046.4521941232185,8.00921982766395,13.94977862463223,5.083018523420946,0.19544850413997963,0.46595702568689984,0.9679205020268759,1.0092441240946453,1.0202889442443848,0.0,0.0,0.0,1.0,1.0,17.145730776265555,23.41246819236644,117.06234096183225,0.4679748249039985,0.4961428344593071,0.7520681519188821,0.00646517631385874,0.03864177731275041,0.003008829918159548,0.006119189338264449,0.07853517285193763,0.0,0.0,0.0,0.0,0.0,3
IEEE33,tagconv,TP5,2,32256,509.3737684036189,-732.3285355441272,-3661.642677720636,13.984906898287155,7.559857179548563,5.387887002459695,0.36197059622241384,0.683387021223704,0.9533122976620992,1.0010549227396648,1.5252019961675007,0.0,0.0,1.0,1.0,1.0,18.552174455748133,36.36644027020721,181.83220135103568,0.4353155428604918,0.4859426351891054,0.7550401074457068,0.0064261046791474815,0.051714651635154256,0.0035401300962712673,0.000269475396210233,0.08093328638480761,0.0,0.0,1.7320508075688772,0.0,0.0,3
IEEE33,tagconv,TP5,3,32352,584.6717722277964,-844.6904907171926,-4223.452453585963,13.766172823020193,9.74143516749009,5.179656554976668,0.3598273193670643,0.7150987585385641,0.9511137008666992,1.004698117574056,1.5668600797653198,0.0,0.0,1.6666666666666667,1.0,1.0,17.65429601289493,59.80903476506133,299.0451738253064,0.37431593863464696,0.4496188732209742,0.7053662281496588,0.0057302604597476705,0.016878745680910048,0.0014700273675143005,0.0038560167436086324,0.035232998322122705,0.0,0.0,2.8867513459481287,0.0,0.0,3
IEEE33,tagconv,TP5,4,32448,776.6362975074563,-1097.592186115148,-5487.96093057574,16.86007489857396,0.5477697852616442,4.347608105910907,0.43459608385132414,0.7076954245567322,0.9516203204790751,1.0020726521809895,1.5581798950831096,0.0,0.0,1.6666666666666667,1.0,1.0,8.351028067357998,58.39836175778687,291.9918087889339,0.19725430640463582,0.26429820521000086,0.6406314353587031,0.004597717904978464,0.029160626948176165,0.002375356975889599,0.00046573037811163307,0.04776415257744475,0.0,0.0,2.8867513459481287,0.0,0.0,3
IEEE33,tagconv,TP5,5,32544,1373.8613992504131,-1883.9603507995605,-9419.801753997803,24.760188345736708,0.0,2.8326517198983523,0.5709965402881304,0.7079298297564188,0.9515690207481384,1.0,1.5487561623255413,0.0,0.0,1.3333333333333333,1.0,1.0,6.504889996725237,38.35787727107644,191.78938635538142,0.040728893760931376,0.0,0.7554241685242434,0.0010773597978946479,0.013901524436205888,0.0018026762547123714,0.0,0.028264118891249974,0.0,0.0,2.3094010767585034,0.0,0.0,3
IEEE33,tagconv,TP5,6,32640,1225.2391054737607,-1750.5777760823566,-8752.888880411783,24.52478082168498,0.0,3.206093608646333,0.569595105946064,0.7073586185773214,0.9511575897534689,1.0,1.5473684072494507,0.0,0.0,4.333333333333333,1.0,1.0,5.548375973785965,145.60966656764282,728.0483328382136,0.05050992856113966,0.0,0.8954226219649557,0.0013967061699826017,0.015999466845634348,0.0010362658411242076,0.0,0.025242081310953464,0.0,0.0,7.505553499465135,0.0,0.0,3
IEEE33,tagconv,TP5,7,32736,693.3729375065426,-947.5698230480775,-4737.849115240388,14.474689067135992,0.012343342076598101,3.7130266506147085,0.3698110733595159,0.5543191035588583,0.9611618121465048,1.0024435917536418,1.1874532302220662,0.0,0.0,0.0,1.0,1.0,12.26247022274047,16.067321284669745,80.33660642334878,0.16887506108566464,0.02137929561187064,1.092030209519758,0.0018524385096749774,0.044772312927229836,0.003833849991086123,0.0018796486525859647,0.07346292358591391,0.0,0.0,0.0,0.0,0.0,3
IEEE33,tagconv,TP5,8,32832,431.8853068495618,-600.0708287938188,-3000.354143969094,9.704868528851003,10.839845770227654,5.272980219363117,0.25262086859179866,0.5211899280548096,0.9634473522504171,1.0040274461110432,1.1119065682093303,0.0,0.0,0.0,1.0,1.0,21.45543516636017,29.199787663934263,145.99893831967137,0.4287842939285555,0.5359983784220432,0.6677640483468552,0.007814851357987084,0.04427752619533196,0.0036593688478842234,0.0024349649924210355,0.07565286888989187,0.0,0.0,0.0,0.0,0.0,3
IEEE33,tagconv,TP5,9,32928,678.2447479770268,-1035.0302117904027,-5175.151058952014,14.121200821064994,9.032349057904208,5.218289980160306,0.3797630678034491,0.7304929494857788,0.949154794216156,1.0030346711476643,1.5693573951721191,0.0008452066770849,0.0,5.0,0.96875,1.0,24.60588383710677,22.027398845753137,110.13699422876512,0.43718604682200873,0.5171342274901914,0.8691220927274822,0.006482404259746253,0.0,0.0,0.00183321151410888,0.0,0.0,0.0,2.0,0.0,0.0,3
IEEE33,tagconv,TP5,10,33024,804.1335928982277,-1185.116216296951,-5925.581081484755,15.102490856589421,4.928947836730653,5.033709894647956,0.3991429366999202,0.7267722487449646,0.9497730135917664,1.0016847451527913,1.5776842435201008,0.0002270116504381,0.0,4.333333333333333,0.9895833333333334,1.0,20.68480364822731,42.26633936162243,211.33169680811235,0.33419393261793645,0.365840888810538,0.5893602823978675,0.004909753331443177,0.0051516930668648805,0.0,0.00024784068099867123,0.030743777524522158,0.0,0.0,3.0550504633038935,0.0,0.0,3
IEEE33,tagconv,TP5,11,33120,875.9477655590313,-1195.8012014279764,-5979.006007139881,17.423158921027834,0.0,3.1724184221364484,0.457159392742647,0.7048913637797037,0.9517472783724467,1.0,1.5525415341059368,0.0,0.0,0.0,1.0,1.0,3.1650887713300886,3.9913869415757484,19.95693470787935,0.029226281381076188,0.0,0.735357617884201,0.0012024340513589963,0.010540357840772155,0.0013118228587578886,0.0,0.028338687787503584,0.0,0.0,0.0,0.0,0.0,3
IEEE33,tagconv,TP5,12,33216,568.5112013490849,-786.4645609920223,-3932.3228049601116,12.840681253157394,9.41480069688519,5.249742671085072,0.3303626169347101,0.6900358200073242,0.9530614415804545,1.005698561668396,1.5315056641896565,0.0,0.0,0.0,1.0,1.0,19.293796290371738,26.01267827851138,130.0633913925566,0.41999949052845686,0.4746562371425084,0.8555977228954921,0.005165250248254997,0.03195180588580391,0.0030040782999473316,0.004525677914547361,0.03997232880294468,0.0,0.0,0.0,0.0,0.0,3
IEEE33,tagconv,TP5,13,33312,786.2042072408561,-1118.168309085692,-5590.8415454284595,20.252990557042533,0.20461919106331802,3.7438711477296374,0.5018747301979197,0.7027578949928284,0.9514610568682352,1.0004379749298096,1.543021599451701,0.0,0.0,1.6666666666666667,1.0,1.0,12.181198794796604,41.75909404864189,208.79547024320914,0.11547641815533147,0.06582023123809813,0.25570524775771475,0.000735770395697355,0.037981753966254,0.0023811519246850557,7.017560389604124e-05,0.059890604763144596,0.0,0.0,2.8867513459481287,0.0,0.0,3
IEEE33,tagconv,TP5,14,33408,370.9358419068864,-523.2400338709355,-2616.200169354677,10.372071318851889,13.633180566824578,4.983518006860371,0.25736577353543705,0.5517186125119528,0.9617281158765157,1.0039676427841187,1.2141166528065999,0.0,0.0,0.0,1.0,1.0,18.127015384633225,24.87335755144392,124.36678775721963,0.5031705522049851,0.5144102220532646,0.650265163598447,0.008043531476211197,0.061357654637925176,0.004557063823929716,0.0030331078644465306,0.11760827708706535,0.0,0.0,0.0,0.0,0.0,3
IEEE33,tagconv,TP5,15,33504,333.78415329718547,-465.9664307540593,-2329.8321537702964,9.29426967323254,2.0382674935532545,5.404710106213837,0.24602678066326508,0.4895409941673279,0.9654106299082438,1.0060250361760457,1.0613113641738892,0.0,0.0,0.0,1.0,1.0,12.3090725296045,16.477469828718608,82.38734914359274,0.33325160453794256,0.19915377146586674,0.8777231658951862,0.0028220560153173406,0.05726368914176625,0.00420039551732269,0.001378249430078314,0.0989685446184542,0.0,0.0,0.0,0.0,0.0,3
IEEE33,tagconv,TP5,16,33600,564.7407836396235,-818.3379332558717,-4091.689666279359,15.102278697277862,3.421267301386999,5.396991316553017,0.3895700369030237,0.7097150882085165,0.951233645280202,1.001306136449178,1.5530431667963664,0.0,0.0,1.6666666666666667,1.0,1.0,8.270196126800878,57.63643082131033,288.182154106551,0.2040814416182094,0.2749401365509928,0.5951365317434072,0.0034181257437390904,0.025009285988419373,0.0015628758909799732,0.00016017121502239127,0.06173219502638747,0.0,0.0,2.8867513459481287,0.0,0.0,3
IEEE33,tagconv,TP5,17,33696,716.3074389663624,-1028.7176304253437,-5143.588152126719,17.094398287671464,4.32858279361112,4.9581176489442695,0.4380624435014195,0.7160637180010477,0.9508108099301656,1.0006347099939983,1.568271517753601,0.0,0.0,2.0,1.0,1.0,23.38329889155448,60.79796646311893,303.9898323155944,0.41962097923046043,0.4795956865505644,0.6095417718163817,0.00636654613067832,0.020104703992385113,0.0012519274942211702,0.000170687278221862,0.04312302324819431,0.0,0.0,3.4641016151377544,0.0,0.0,3
IEEE33,tagconv,TP5,18,33792,885.687817085682,-1257.2556406249603,-6286.278203124802,21.84432388506093,0.0,3.3653120025427525,0.5276009694983562,0.7039693792661031,0.951709508895874,1.0,1.5528668562571208,0.0,0.0,2.0,1.0,1.0,5.43014052808336,66.28991423664961,331.44957118324817,0.058500125898338154,0.0,0.9040361289614596,0.0013076714729439852,0.02296413950997789,0.0017551243424532364,0.0,0.03887726103388904,0.0,0.0,3.4641016151377544,0.0,0.0,3
IEEE33,tagconv,TP5,19,33888,456.48948200555986,-671.9137408132354,-3359.5687040661774,14.008146234795523,10.264207575700445,5.175660155526469,0.3614138414462407,0.7024807532628378,0.9520642161369324,1.0051827033360798,1.561091423034668,0.0,0.0,1.3333333333333333,1.0,1.0,12.60306128467297,49.38884362324204,246.94421811621032,0.37018830222192933,0.43808203838241333,0.6251560233057522,0.005827131809365136,0.038086625777372235,0.0030184757890615176,0.002346350756863193,0.05952435387609585,0.0,0.0,2.3094010767585034,0.0,0.0,3
IEEE33,tagconv,TP5,20,33984,428.0308836758038,-641.567612157762,-3207.8380607888103,14.184423447772323,9.056357401003268,5.187674364036707,0.3674853243347671,0.7135717074076334,0.9513027071952819,1.0045092900594075,1.5781641403834026,0.0,0.0,1.6666666666666667,1.0,1.0,10.957360147770125,60.86284221129665,304.3142110564829,0.34660134417254723,0.41478354001583706,0.610627406332437,0.005394478521053775,0.028383460688448204,0.002244095665284618,0.002689657297379967,0.04284245331437857,0.0,0.0,2.8867513459481287,0.0,0.0,3
IEEE33,tagconv,TP5,21,34080,297.17716617855973,-426.0654198308786,-2130.3270991543927,10.529234219922783,11.740444560637743,5.163519399567581,0.25681891416509944,0.5369744102160136,0.963158130645752,1.00624418258667,1.190326491991679,0.0,0.0,0.0,1.0,1.0,13.716992122809494,18.77051500271548,93.85257501357745,0.42553669905542096,0.42360173941015605,0.6680392168594559,0.005746478317032061,0.06417783171151523,0.004680037852603974,0.0034149206875968563,0.13105504188134592,0.0,0.0,0.0,0.0,0.0,3
IEEE33,tagconv,TP5,22,34176,235.26011735023346,-341.0939190182214,-1705.469595091107,8.406336777432804,14.065377478906678,5.107816405491839,0.20880160936050943,0.4866672356923421,0.9662323196729025,1.0067621072133381,1.063715656598409,0.0,0.0,0.0,1.0,1.0,14.3892745561691,19.76791435535263,98.83957177676315,0.43687641293134344,0.4405989285814841,0.6539124484949332,0.006590852447046829,0.03525920830731886,0.002828487794131206,0.003009551154243861,0.0645290137869351,0.0,0.0,0.0,0.0,0.0,3
IEEE33,tagconv,TP5,23,34272,615.6789157974562,-893.0992279484867,-4465.496139742434,18.130895324619207,0.0,3.5186805028970247,0.47575369767016834,0.7101278702418009,0.9509665171305338,1.0009156068166096,1.5622932116190593,0.0,0.0,1.6666666666666667,1.0,1.0,2.3284520496689782,59.497282971300294,297.4864148565016,0.17121631213007502,0.0,1.0631899986969164,0.0017307599872641542,0.027697740964334965,0.0015750711882660637,0.00027730759327012337,0.034623834693732994,0.0,0.0,2.8867513459481287,0.0,0.0,3
IEEE33,tagconv,TP5,24,34368,695.2468373441151,-1005.7789485727748,-5028.894742863874,19.83412176143071,0.05807861458515227,3.947937165344925,0.4961309691684113,0.7122944394747416,0.9514070153236389,1.0013476610183716,1.5904958645502727,0.0,0.0,2.0,1.0,1.0,4.49824758653024,64.3746371168053,321.8731855840262,0.04054476841313717,0.03259815041742749,1.1185864709707372,0.0014956682533023638,0.01738140017386634,0.0022405044427034194,0.0009820503165662061,0.012849586604484162,0.0,0.0,3.4641016151377544,0.0,0.0,3
IEEE33,tagconv,TP5,25,34464,893.2228970278508,-1261.5960259596507,-6307.980129798253,22.9521774572731,0.0,3.5189898545459184,0.5373073946684599,0.6981046199798584,0.9516882101694742,1.0,1.543964425722758,0.0,0.0,1.6666666666666667,1.0,1.0,4.244903624603451,53.04937698174729,265.2468849087368,0.03643435659724793,0.0,0.6399945648357838,0.001003236608796887,0.024252062700543343,0.0014767016788665862,0.0,0.05118031008582695,0.0,0.0,2.8867513459481287,0.0,0.0,3
IEEE33,tagconv,TP5,26,34560,519.5138039066546,-751.8899323346714,-3759.4496616733572,13.65726200156945,9.719935549774315,5.060580374565979,0.34845527737504906,0.6948719223340353,0.9526905417442322,1.0044223070144653,1.5560482740402222,0.0,0.0,1.3333333333333333,1.0,1.0,14.398296659163238,53.74433699000804,268.72168495003973,0.3762434713621542,0.4366413612344765,0.5954304818926082,0.006243767989200304,0.04931286372224627,0.00352329015883072,0.003403736864759435,0.0721209486525183,0.0,0.0,2.3094010767585034,0.0,0.0,3
IEEE33,tagconv,TP5,27,34656,408.93781505750434,-616.8981417953968,-3084.490708976984,13.996174778743503,9.726252995075804,5.1895684232288595,0.3652710848384433,0.7025595506032308,0.9516428311665853,1.0061002175013225,1.5628197193145752,0.0,0.0,1.6666666666666667,1.0,1.0,12.966704003502592,61.7765752538666,308.8828762693331,0.40912476171658085,0.44444854105470344,0.629775039494137,0.004968274911040289,0.028558303932943088,0.0026866661671092556,0.004071192252089942,0.03732512640076062,0.0,0.0,2.8867513459481287,0.0,0.0,3
IEEE33,tagconv,TP5,28,34752,345.22090592368414,-494.0187188530961,-2470.093594265481,14.241789629005686,0.0,3.469799058133314,0.36229189319743044,0.540332039197286,0.9619717796643575,1.0002447366714478,1.1471288204193115,0.0,0.0,0.0,1.0,1.0,2.156794117257046,2.6164568652856404,13.082284326428075,0.07250300450401188,0.0,1.0553519728539889,0.001593034668373445,0.04418335264155155,0.003611277569087169,7.961601040710644e-05,0.04406945819986254,0.0,0.0,0.0,0.0,0.0,3
IEEE33,tagconv,TP5,29,34848,377.8973132180434,-535.1033444563549,-2675.516722281774,14.111712424402716,0.0,3.3100627423514744,0.351125202452143,0.5089752276738485,0.963652233282725,1.0,1.0750038623809814,0.0,0.0,0.0,1.0,1.0,2.090039651713437,2.56825263741228,12.841263187060965,0.04512842456539932,0.0,0.7707585997119505,0.0013400938618648005,0.02136313026908026,0.0031466337391235243,0.0,0.0,0.0,0.0,0.0,0.0,0.0,3
IEEE33,tagconv,TP5,30,34944,473.8801563990673,-750.4826358812551,-3752.4131794062755,16.073530828694516,2.1112888227785778,5.297919243447727,0.4251378596656852,0.7326479355494181,0.9492564002672831,1.0013471047083538,1.587752898534139,0.0009307576554542666,0.0,4.0,0.9722222222222223,1.0,9.688423081771445,59.647097307598116,298.2354865379906,0.23159405683443915,0.19798045894673272,0.4009140361058894,0.0025130510665070517,0.009611001448684571,0.0011302182013388914,0.00018915255183127267,0.005382568258314578,0.0008060597743902387,0.0,3.605551275463989,0.024056261216234387,0.0,3
IEEE33,tagconv,TP6,0,32064,355.2138539970794,-503.23304462560145,-2516.1652231280073,9.571494008002503,12.896485530832551,5.122468277259237,0.26473850487834877,0.5759478012720743,0.9622523387273153,1.0073888301849365,1.1231293678283691,0.0,0.0,0.0,1.0,1.0,14.065550493493761,19.242670802535848,96.21335401267923,0.36703843028540156,0.4054592489035199,0.9241726678763769,0.005696200582534743,0.06381701419307931,0.004221613345132259,0.0031924657426410418,0.1307944326118248,0.0,0.0,0.0,0.0,0.0,3
IEEE33,tagconv,TP6,1,32160,287.78682964731235,-410.78643993157897,-2053.9321996578947,7.979347626173042,13.915072412260239,5.104475668037988,0.2208089333855443,0.5290875434875488,0.9651985963185629,1.0091699759165447,1.022608439127604,0.0,0.0,0.0,1.0,1.0,14.386349582420754,19.795585671750928,98.97792835875461,0.3922515570551012,0.4624526034704002,0.8181724943588019,0.006323264648898978,0.044112201808309284,0.0033192269684734514,0.00415912024668592,0.07900866979408579,0.0,0.0,0.0,0.0,0.0,3
IEEE33,tagconv,TP6,2,32256,506.25192055920434,-754.8435765594244,-3774.217882797122,13.888061260058237,7.442034190664656,5.382109324706183,0.41536035347315997,0.759540319442749,0.9509250521659851,1.001417597134908,1.4957815806070964,0.0,0.0,2.0,1.0,1.0,18.551593029149323,42.88781587408637,214.43907937043184,0.4147138047496901,0.46044391334423435,0.8722896358558603,0.006804935899677984,0.01762746016302533,0.0015212677022682416,0.0005780651843606498,0.029849531977253534,0.0,0.0,2.6457513110645907,0.0,0.0,3
IEEE33,tagconv,TP6,3,32352,579.2848569535191,-884.1416733284792,-4420.708366642396,13.642169451838527,9.602289240719887,5.160336507967778,0.4122204544643561,0.7729940613110861,0.9497480193773905,1.0023274421691895,1.5007444620132446,0.0005098115438475333,0.0,3.6666666666666665,0.9791666666666666,1.0,16.711101143835897,45.61895688531295,228.09478442656484,0.33349610038320654,0.36801766772660527,0.6642852349979241,0.005451749367158667,0.006872227713892945,0.000888124450876982,0.0010418039948310153,0.0025691876648161966,0.0004415097481145281,0.0,3.2145502536643185,0.018042195912175797,0.0,3
IEEE33,tagconv,TP6,4,32448,775.5255412397449,-1130.424571948809,-5652.122859744045,16.829995300728587,0.5126314973075798,4.314270006430241,0.4958506495588355,0.7724018891652426,0.9497487743695577,1.0010757048924763,1.5042649904886882,0.0002794827019360667,0.0,3.0,0.9930555555555557,1.0,12.388606121863225,69.94997893753259,349.7498946876631,0.3280816564063904,0.33332964949667027,0.4854868520062234,0.00593256123191363,0.001790082830351954,0.0002909598664044793,0.0001162992982467904,0.005535891463240776,0.00024203911979494804,0.0,2.6457513110645907,0.006014065304058565,0.0,3
IEEE33,tagconv,TP6,5,32544,1377.23365053374,-2064.7857912699383,-10323.928956349691,24.797196038877757,0.0,2.2828122608205885,0.6493463599019581,0.7693218986193339,0.9500143130620321,1.0,1.4987297455469768,0.0,0.0,9.666666666666666,1.0,1.0,5.360495649436666,233.38955756415248,1166.9477878207622,0.022276715722294477,0.0,0.44975507107037876,0.0008589901890372482,0.007287715235988764,1.826513644986406e-05,0.0,0.02076772982195036,0.0,0.0,11.930353445448855,0.0,0.0,3
IEEE33,tagconv,TP6,6,32640,1225.3495753391571,-1900.4527471542358,-9502.26373577118,24.55832482467264,0.0,2.6114423858685183,0.6475979118711419,0.7691555619239807,0.9497531255086263,1.0,1.4848411877950032,0.00025031475129589997,0.0,11.333333333333334,0.9861111111111112,1.0,3.992815093891861,141.56813628333046,707.8406814166527,0.033681991449596306,0.0,0.6190376134462491,0.001078736547518718,0.005604340373993542,0.00043656026053449123,0.0,0.01183688893751872,0.0004335578671284663,0.0,7.094598884597588,0.0240562612162344,0.0,3
IEEE33,tagconv,TP6,7,32736,691.3357115224604,-951.5882334609827,-4757.9411673049135,14.394367847707676,0.0,3.6293808164509707,0.4233467936929729,0.6269347270329794,0.9586602449417114,1.0013397932052612,1.2058374087015789,0.0,0.0,0.0,1.0,1.0,5.4401261932302125,7.000570569394186,35.002852846971194,0.11297381165823996,0.0,1.0942628860543084,0.001836220618668322,0.05477462038159595,0.004177162620904569,0.001233785952553341,0.0946374801684968,0.0,0.0,0.0,0.0,0.0,3
IEEE33,tagconv,TP6,8,32832,429.2778047162519,-600.9641385083397,-3004.8206925416985,9.634399937963622,10.736486650014319,5.250200237746955,0.2875205210099618,0.5914939045906067,0.9606053034464518,1.0034281810124714,1.117195685704549,0.0,0.0,0.0,1.0,1.0,19.61117132080749,26.756790327608662,133.78395163804305,0.3768743140285119,0.4882430824688317,0.8522460026169378,0.007655081601923355,0.052311762133384836,0.004238068762527551,0.0016784025865996454,0.08016754739886055,0.0,0.0,0.0,0.0,0.0,3
IEEE33,tagconv,TP6,9,32928,676.7083553590595,-1073.2597041557233,-5366.298520778616,14.092841477484797,8.9559863060323,5.098654119907077,0.4354537810302443,0.8285819292068481,0.9453467726707458,1.0020910104115803,1.574663162231445,0.004653245384128,0.0,6.666666666666667,0.9340277777777778,1.0,21.261843444418353,17.301361671187923,86.506808355939,0.35884537055495297,0.4416721055292642,0.8767173104307519,0.006565781774627339,0.0,0.0,0.0006360826096225936,0.0,0.0,0.0,0.5773502691896257,0.00601406530405858,0.0,3
IEEE33,tagconv,TP6,10,33024,801.0063436898719,-1254.8539784689744,-6274.2698923448725,15.044472945267652,4.8588605855263,4.996626684285009,0.45683776773512363,0.8205568790435791,0.946021854877472,1.0017746686935425,1.5635414123535156,0.0039781538219777,0.0,7.666666666666667,0.9305555555555557,1.0,19.31148870826546,5.408761847441972,27.043809237209565,0.3056606839368884,0.3658176585333901,0.6842407290318901,0.005434648522557258,0.0,0.0,9.126263343637511e-05,0.0,0.0,0.0,1.5275252316519465,0.006014065304058565,0.0,3
IEEE33,tagconv,TP6,11,33120,871.2414122289892,-1244.5698902030783,-6222.849451015393,17.420882488729717,0.0,3.5806801266585393,0.5230134783519639,0.7669082283973694,0.9502144853274027,1.0,1.485819141070048,0.0,0.0,2.3333333333333335,1.0,1.0,4.249810321408038,47.06907179598144,235.3453589799081,0.046451817193948704,0.0,0.5648270482279161,0.0008817297578415748,0.007882838456450231,8.45838073361574e-05,0.0,0.012027024446088375,0.0,0.0,2.516611478423583,0.0,0.0,3
IEEE33,tagconv,TP6,12,33216,564.3415671092431,-820.5797460183502,-4102.898730091751,12.753915435327144,9.302065896862272,5.253370881623476,0.3806450735363695,0.763255755106608,0.9505887627601624,1.0041491985321045,1.4941505591074626,0.0,0.0,1.6666666666666667,1.0,1.0,16.956366957253895,51.70975711507329,258.5487855753663,0.35791894283415526,0.4470412541378068,0.8989370291965056,0.006175593632430879,0.005420244795614071,0.000964075346726942,0.0034192546978299636,0.01627586115842193,0.0,0.0,2.8867513459481287,0.0,0.0,3
IEEE33,tagconv,TP6,13,33312,785.0193467071462,-1191.8411013321331,-5959.205506660665,20.2129414681645,0.1344185374398049,3.7046898952782676,0.5707967328942485,0.7721159855524699,0.9496236244837443,1.0007577339808147,1.4971938133239746,0.0007386953840203999,0.0,5.0,0.96875,1.0,11.325772907648435,89.01097148719266,445.05485743596313,0.07981782670386554,0.0427766671314812,0.5008894509347351,0.0003273322197886238,0.01221632250909222,0.0012673186280397946,0.0004997555176330461,0.007453854744571733,0.0006397289682199678,0.0,4.358898943540674,0.03125,0.0,3
IEEE33,tagconv,TP6,14,33408,370.5821451584572,-527.7814240742474,-2638.9071203712374,10.356485170381367,13.578536255553596,4.916200469121363,0.29771547950804234,0.6224132180213928,0.9587140480677286,1.003495216369629,1.1833932399749756,0.0,0.0,0.0,1.0,1.0,15.845121339648573,21.891806876286722,109.45903438143341,0.43613308320205874,0.4759264652977433,0.7910648882786722,0.008049311422849391,0.07562029794426492,0.005192457345124409,0.002471755066138771,0.14873046132959505,0.0,0.0,0.0,0.0,0.0,3
IEEE33,tagconv,TP6,15,33504,332.2446229357378,-468.1039526012105,-2340.5197630060525,9.23660444910731,1.924833404562995,5.2486601417373935,0.2798225683056646,0.5585473775863647,0.962632437547048,1.006237785021464,1.0640493631362915,0.0,0.0,0.0,1.0,1.0,3.940873269053212,5.341147987649515,26.70573993824756,0.13800666721835245,0.2225060775235711,0.8892235373119671,0.0008472125079429941,0.06242942261377519,0.004589361247101423,0.0018933885867497766,0.09946718547761449,0.0,0.0,0.0,0.0,0.0,3
IEEE33,tagconv,TP6,16,33600,561.8042868388083,-881.8192146598052,-4409.096073299025,15.008212657005268,3.4026117987015447,5.242258326998108,0.4480467817435662,0.7676759163538615,0.9498741825421652,1.0014586846033733,1.4910066525141399,0.00014792574280486667,0.0,4.666666666666667,0.9930555555555557,1.0,12.993446382594987,67.84879236346427,339.24396181732124,0.2718116529491441,0.20446761295549792,0.5390498209294686,0.0029591444267475157,0.0007610381366687084,0.00016635127075085494,0.00016690187487423144,0.0086843352442724,0.0001281074511426977,0.0,4.163331998932265,0.006014065304058565,0.0,3
IEEE33,tagconv,TP6,17,33696,713.8676019193422,-1073.2521799589197,-5366.260899794598,17.017467301997197,4.242083537856566,4.90278044816599,0.5001856957872709,0.7862222592035929,0.9488763014475504,1.0008512735366821,1.5273423194885254,0.0011319474693541334,0.0,4.0,0.9722222222222223,1.0,21.6609052008048,45.59309199464636,227.96545997323202,0.3971383686525883,0.4382377116520263,0.47558348023121,0.006925531340259614,0.007974365104943785,0.00099456311046185,0.00014449793618484115,0.002034413410064715,0.0009802952642101867,0.0,3.605551275463989,0.024056261216234387,0.0,3
IEEE33,tagconv,TP6,18,33792,887.2168896976547,-1321.7784504175186,-6608.892252087593,21.887717241047444,0.0,3.354056349012103,0.6013348727590508,0.7649111350377401,0.9502025643984476,1.0,1.4882521629333496,0.0,0.0,4.666666666666667,1.0,1.0,4.014894570659188,110.24763891707481,551.2381945853738,0.040625908322941655,0.0,0.8035007999075271,0.001120024699840853,0.005198325487445223,0.00026045685956248044,0.0,0.020424614621813143,0.0,0.0,5.686240703077327,0.0,0.0,3
IEEE33,tagconv,TP6,19,33888,453.39446456257497,-714.566609904915,-3572.8330495245755,13.923259878326803,10.168108467319069,5.0590849996981895,0.4153064317587349,0.7671600182851156,0.9502305189768472,1.0024343729019165,1.4950758616129558,5.408201942850669e-05,0.0,3.3333333333333335,0.9930555555555557,1.0,12.425204997182904,51.81443597274427,259.072179863721,0.35031430201923064,0.4321946559545332,0.5759192397915446,0.006698474156795332,0.0008181289017030018,0.0005397985173766813,0.00093061756342982,0.011828075570188081,4.683640271305037e-05,0.0,3.0550504633038935,0.006014065304058565,0.0,3
IEEE33,tagconv,TP6,20,33984,424.7037820118932,-684.0152827615539,-3420.0764138077698,14.088496254757331,8.948988170037465,5.057876556737333,0.42224026202327675,0.7758587598800659,0.9493522047996521,1.0021405220031738,1.507440209388733,0.0009254465177157999,0.0,3.6666666666666665,0.9791666666666666,1.0,11.072151862631879,50.819956701722624,254.09978350861329,0.3418614674778565,0.4102177835724839,0.6790104194807239,0.006312998681517082,0.019677937524216236,0.0012823225903995648,0.0005662653442220248,0.027717618043285916,0.0008014601941857283,0.0,3.214550253664318,0.018042195912175797,0.0,3
IEEE33,tagconv,TP6,21,34080,298.00395067386944,-432.38414164284865,-2161.9207082142434,10.558949415412712,11.744762832862568,5.057726531919908,0.29883096015287774,0.6137078801790873,0.9598908623059591,1.005321741104126,1.1780794461568196,0.0,0.0,0.0,1.0,1.0,13.276243542331366,18.27020423981065,91.35102119905348,0.4183940670264263,0.43664467209704905,0.8559774704086806,0.006433020942457089,0.0756360089225668,0.005366726468134192,0.003068024435123359,0.1516274136761246,0.0,0.0,0.0,0.0,0.0,3
IEEE33,tagconv,TP6,22,34176,236.00310440292478,-345.7097880295167,-1728.5489401475836,8.430091122710053,14.075572623641982,4.9913084736639695,0.23799521889951492,0.5575295090675354,0.9632057150204977,1.0058632294336955,1.0689561764399211,0.0,0.0,0.0,1.0,1.0,13.23032158043716,18.265750139822412,91.3287506991122,0.4196997278523286,0.45072700059542764,0.8161711569069439,0.006761577128782643,0.04212761620510645,0.0033440597300828548,0.0033829448130826083,0.06925952911223598,0.0,0.0,0.0,0.0,0.0,3
IEEE33,tagconv,TP6,23,34272,614.3957814953889,-966.5347478990753,-4832.673739495377,18.111310362183115,0.0,3.648019332444386,0.5433774710529381,0.7839880983034769,0.9486005306243896,1.0007851521174114,1.5090385675430298,0.0013994922673849,0.0,5.0,0.9722222222222223,1.0,3.380149227804725,76.54342293063632,382.7171146531817,0.20360261621317424,0.0,0.8260900060405797,0.0015026555735613365,0.007122133160354106,0.0004196635802250243,0.00011148875269019821,0.010567469636365788,0.00041966158075250044,0.0,3.605551275463989,0.015911721163041133,0.0,3
IEEE33,tagconv,TP6,24,34368,695.706504507693,-1068.5376042189698,-5342.688021094848,19.849279857564493,0.0479594354781678,3.834835157810764,0.5669413467662202,0.7675854365030924,0.9500749309857687,1.000491460164388,1.510084827740987,0.0,0.0,4.666666666666667,1.0,1.0,7.279453832321882,92.08418697764539,460.42093488822695,0.11577063395641936,0.04484897370123457,0.8024943203561898,0.0015661535158733688,0.0004707183010654497,0.00010834921659754493,0.00014835931741081078,0.008234534939846648,0.0,0.0,4.509249752822894,0.0,0.0,3
IEEE33,tagconv,TP6,25,34464,896.2959394601759,-1328.3936562538147,-6641.9682812690735,22.99300723096356,0.0,3.1282481171949272,0.6131997377508216,0.7665989398956299,0.9502378304799398,1.0,1.4945055643717449,0.0,0.0,4.333333333333333,1.0,1.0,3.064539981890157,146.629594672435,733.1479733621752,0.03042296691537926,0.0,0.5370623241315499,0.000898078356222506,0.006217211105121044,0.0003695560670594316,0.0,0.03233090483793673,0.0,0.0,7.505553499465135,0.0,0.0,3
IEEE33,tagconv,TP6,26,34560,514.5411833734591,-791.8271673187613,-3959.1358365938067,13.521905206898984,9.560424833738852,5.065385414394028,0.4005238473829296,0.767390787601471,0.9504232605298361,1.0025577147801716,1.501206874847412,0.0,0.0,3.3333333333333335,1.0,1.0,13.581913136147524,64.41520324578177,322.0760162289088,0.3106678233493296,0.33909163491199157,0.5881069176852421,0.005247387509982756,0.0035577211564313425,0.0006514340087497703,0.0011164633208448733,0.004210959979474711,0.0,0.0,3.5118845842842465,0.0,0.0,3
IEEE33,tagconv,TP6,27,34656,406.8783598370524,-667.6419148514668,-3338.209574257334,13.929480605824418,9.675764868048354,5.070517013513793,0.41956481192674894,0.765402098496755,0.9500525196393331,1.0038187106450398,1.4930248260498047,0.0005772022626386,0.0,4.0,0.9791666666666666,1.0,12.32272446273627,56.22793904873294,281.1396952436646,0.38557329746340085,0.4017626607525474,0.6462771300289198,0.005519020601517356,0.025351052695842778,0.00159062648668788,0.0028640720325745967,0.036646489808721656,0.0004998718225668852,0.0,3.4641016151377544,0.018042195912175797,0.0,3
IEEE33,tagconv,TP6,28,34752,343.912252522782,-498.9773723651965,-2494.8868618259826,14.210279870008037,0.0,3.5707510106530598,0.4156515372710095,0.6184185147285461,0.9586874643961588,1.0002538363138835,1.134372631708781,0.0,0.0,0.0,1.0,1.0,1.6224024829411163,1.9116471034129445,9.558235517064352,0.07543193517772052,0.0,0.8826099966869259,0.0015448774356418052,0.05950533323113426,0.004504740072307988,0.0002079589001026867,0.08363483979531468,0.0,0.0,0.0,0.0,0.0,3
IEEE33,tagconv,TP6,29,34848,378.30656169064724,-541.8558148225148,-2709.279074112574,14.127680718431918,0.0,3.079837940345031,0.4009771930674712,0.5857779582341512,0.9610001643498739,1.0,1.1090713342030845,0.0,0.0,0.0,1.0,1.0,2.1196100800360202,2.660500746446408,13.302503732231958,0.05548548058389338,0.0,0.9403184426914405,0.0015518675738130693,0.03461107842868362,0.002933584356165379,0.0,0.054375323149226364,0.0,0.0,0.0,0.0,0.0,3
IEEE33,tagconv,TP6,30,34944,473.7626064955957,-817.97397448197,-4089.8698724098504,16.081344401717768,2.102643916989011,5.262178720758743,0.486368218022916,0.836994469165802,0.9447911977767944,1.0014335711797078,1.5900484323501587,0.0052088175934829,0.0,7.0,0.9305555555555555,1.0,10.059152794976201,28.05328675319226,140.26643376596152,0.25995806402889443,0.23483786498289616,0.4531107328570714,0.0036644113003716896,0.0,0.0,9.504803678405375e-05,0.0,0.0,0.0,1.7320508075688772,0.01202813060811724,0.0,3
IEEE33,tagconv,TP7,0,32064,355.87830060195193,-496.66049300873027,-2483.3024650436514,9.589696989716515,12.94936158320345,5.222803253022293,0.2046487068550454,0.4321396549542745,0.9728190501530966,1.003943959871928,1.119675834973653,0.0,0.0,0.0,1.0,1.0,14.302298300646164,19.53623234397239,97.68116171986192,0.3683408232371664,0.40598219858344287,0.754521842444357,0.005763071872393375,0.035321145711152316,0.0010240522210510613,0.0007949373517442825,0.12481711202433177,0.0,0.0,0.0,0.0,0.0,3
IEEE33,tagconv,TP7,1,32160,288.9401447224953,-407.05251219404545,-2035.2625609702275,8.01498896177308,13.958478678540608,5.082602192883688,0.17863330824507603,0.3935572902361552,0.9750575025876363,1.0040648380915325,1.0099985599517822,0.0,0.0,0.0,1.0,1.0,16.348029436578972,22.226183065065072,111.13091532532546,0.4373311798251529,0.4733945379587285,0.6717314087158379,0.0067256873830041745,0.021935414817793434,0.001576128309032765,0.0007901290482335323,0.08223434123666477,0.0,0.0,0.0,0.0,0.0,3
IEEE33,tagconv,TP7,2,32256,509.21437292080344,-706.3900159254671,-3531.950079627335,14.005563190772023,7.586720360761753,5.405537147916651,0.3159164705624183,0.5955648024876913,0.9608060518900553,1.000945011774699,1.5300424496332805,0.0,0.0,0.0,1.0,1.0,16.52054800320041,22.469409094961886,112.34704547480924,0.4183599992662808,0.4827782920557092,0.5917518680734688,0.005703438276117828,0.07338542268195271,0.00298450995187218,0.00015246557446797385,0.19009049726032237,0.0,0.0,0.0,0.0,0.0,3
IEEE33,tagconv,TP7,3,32352,587.5796323601963,-809.7197710484267,-4048.598855242133,13.850454332555936,9.807832273115922,5.311413802223616,0.31606401316821575,0.6402700344721476,0.9578455885251363,1.0017494757970173,1.621729890505473,0.0,0.0,0.0,1.0,1.0,16.013815941945126,21.70089928589175,108.50449642945892,0.3657780969325825,0.4397466754527632,0.6537251491106042,0.004929990998733944,0.04087505125676048,0.0015812528888003582,0.00010082938007866576,0.12361644496104246,0.0,0.0,0.0,0.0,0.0,3
IEEE33,tagconv,TP7,4,32448,765.7685815998884,-1042.989630482594,-5214.948152412971,16.66572627593905,0.45084467547886464,4.782358376091263,0.3778792344447639,0.6202601591746012,0.9593820969263712,1.0009165207544963,1.579233209292094,0.0,0.0,0.0,1.0,1.0,14.06643104219052,18.893738351397165,94.46869175698649,0.3026907238003456,0.27516377085172783,0.6093440966512524,0.0037600849360123656,0.046543954539205894,0.0030875226995268077,0.000542060990090815,0.09858397211741243,0.0,0.0,0.0,0.0,0.0,3
IEEE33,tagconv,TP7,5,32544,1373.3050645852845,-1846.8606148401896,-9234.303074200949,24.695263209596703,0.0,2.6295149965368774,0.49320069100293845,0.6194632450739542,0.9598056872685751,1.0,1.5894514719645183,0.0,0.0,0.0,1.0,1.0,3.1535286844800368,4.058615061896717,20.293075309484472,0.03477032004877702,0.0,0.6675169226054535,0.00044293006501437113,0.02099380041841085,0.0013241460162071942,0.0,0.06943060467263011,0.0,0.0,0.0,0.0,0.0,3
IEEE33,tagconv,TP7,6,32640,1225.8470364991254,-1655.0505619049072,-8275.252809524536,24.468092415233002,0.0,3.1130285964414237,0.492263445423709,0.6319793065388998,0.9584217468897501,1.0,1.6096064647038777,0.0,0.0,0.0,1.0,1.0,5.006022598643075,6.585621717779466,32.92810858889748,0.057471076464715984,0.0,1.0250006447958118,0.0009724243594230488,0.03872618140642042,0.0009669967261999267,0.0,0.11044571803698554,0.0,0.0,0.0,0.0,0.0,3
IEEE33,tagconv,TP7,7,32736,688.5813208482217,-934.9340414839486,-4674.670207419743,14.362914896802806,0.0,3.856121682204772,0.3185824282053444,0.4761504332224528,0.968582550684611,1.0008765856424968,1.2073715925216675,0.0,0.0,0.0,1.0,1.0,11.71605152186578,15.198546436841523,75.99273218420795,0.12589462617298133,0.0,0.9929848820193099,0.0008768830954335823,0.034290096741248555,0.0007470511298708889,0.00024215234289258985,0.10305933834391723,0.0,0.0,0.0,0.0,0.0,3
IEEE33,tagconv,TP7,8,32832,432.09212342289703,-596.2974579907022,-2981.487289953511,9.713174640575309,10.860249716524331,5.343295898902564,0.22002845816314218,0.4389690359433492,0.9713196158409119,1.0022530953089397,1.1104947725931804,0.0,0.0,0.0,1.0,1.0,22.04750496187478,29.80335102719714,149.01675513598573,0.45388246346173144,0.5003782058363344,0.5736575890847324,0.006595068763595965,0.028573600978465664,0.0007156477092543587,0.0004873943687446358,0.07747151430913986,0.0,0.0,0.0,0.0,0.0,3
IEEE33,tagconv,TP7,9,32928,687.8110660596188,-941.9828424091141,-4709.91421204557,14.312336883894147,9.22849954026386,5.241213290642564,0.3347233484188716,0.6809299190839132,0.9547157684961954,1.0018542607625325,1.712395469347636,0.0,0.0,0.0,1.0,1.0,20.530391832673377,27.51806868290184,137.59034341450922,0.3409589310612515,0.42611486574577984,0.792852336700457,0.004577189191493807,0.04374359385777203,0.0018946322576002858,2.7117253072507e-05,0.11692801380739547,0.0,0.0,0.0,0.0,0.0,3
IEEE33,tagconv,TP7,10,33024,807.4265971144982,-1096.7082866683602,-5483.541433341801,15.17036531348028,5.013833406927604,5.071579267246654,0.35041008103224963,0.6655206282933553,0.9561371803283691,1.0016621748606365,1.6826084852218628,0.0,0.0,0.0,1.0,1.0,16.278678708210116,21.79486113143454,108.97430565717289,0.27692379353884766,0.33731848155120114,0.5076732003498925,0.003659524888558068,0.019765773597796556,0.0012215329264068325,0.0002871400502990465,0.06758077447478349,0.0,0.0,0.0,0.0,0.0,3
IEEE33,tagconv,TP7,11,33120,870.7951860490685,-1181.7552193919817,-5908.7760969599085,17.39990904351555,0.0,3.919914294061885,0.3982543299595515,0.6145145694414774,0.9602039059003195,1.0,1.5717962980270386,0.0,0.0,0.0,1.0,1.0,4.228939951264184,5.388081774389357,26.940408871947554,0.05011608138639774,0.0,1.0461807881577803,0.0008717021893808717,0.018245922839946638,0.0012591496238098002,0.0,0.0742057960946177,0.0,0.0,0.0,0.0,0.0,3
IEEE33,tagconv,TP7,12,33216,571.7488001177857,-785.702571389079,-3928.5128569453955,12.91650047122289,9.492589094279573,5.281669158312613,0.29002013016078204,0.6087596615155538,0.9611637393633524,1.0018110672632854,1.5742659171422322,0.0,0.0,0.0,1.0,1.0,16.748173923820133,22.572705665304102,112.86352832652048,0.35216797313345505,0.42342309126623356,0.7895637004249667,0.004431678656768121,0.040260379532745964,0.0020050463239117433,0.000349006391237891,0.10590060388843023,0.0,0.0,0.0,0.0,0.0,3
IEEE33,tagconv,TP7,13,33312,778.0422744153016,-1065.728993347784,-5328.64496673892,20.126039994005605,0.15791946148499228,4.274247936060486,0.43380454575849897,0.634725828965505,0.9581825137138367,1.0005300839742024,1.5948577721913655,0.0,0.0,0.0,1.0,1.0,5.700004177347711,7.502482151669936,37.5124107583494,0.03611713722811845,0.03539082037912324,0.5733276546351053,0.00023571511607194,0.05671773548074069,0.002611037840886157,0.00021183273845270416,0.1784522274357327,0.0,0.0,0.0,0.0,0.0,3
IEEE33,tagconv,TP7,14,33408,370.85117584854305,-519.1557931119577,-2595.778965559788,10.37112810505918,13.611726728308698,5.065568756356474,0.22557971419559578,0.4631648659706116,0.9697944720586141,1.0021154880523682,1.1856911977132163,0.0,0.0,0.0,1.0,1.0,17.07344411713075,23.23242266560857,116.16211332804302,0.45445921180520626,0.4937295455052425,0.6793532195682338,0.005914629964166734,0.04826230536233183,0.001702447320025345,0.0001548574096771071,0.13728134990752966,0.0,0.0,0.0,0.0,0.0,3
IEEE33,tagconv,TP7,15,33504,333.4599423036056,-461.0694621708244,-2305.347310854122,9.292463210065174,1.978199204812518,5.332509298037149,0.210445890824,0.41370044151941937,0.9733476638793945,1.0031643311182659,1.0579674641291301,0.0,0.0,0.0,1.0,1.0,9.111469261853971,12.38295097396983,61.914754869849446,0.28589116606415876,0.28299950316654987,0.5163844121626402,0.0031985449382568487,0.03719619920031782,0.001393716687094076,0.0005532602960542618,0.09686152028962978,0.0,0.0,0.0,0.0,0.0,3
IEEE33,tagconv,TP7,16,33600,560.1856031850169,-772.7113101360698,-3863.556550680349,15.031370002603277,3.408665677082864,5.4885226583910764,0.33847261634137893,0.6278133392333984,0.958535889784495,1.0015913248062134,1.5897387663523357,0.0,0.0,0.0,1.0,1.0,8.74272389357029,11.93799386964872,59.689969348243594,0.26860953237155916,0.29649764759154307,0.49589222168263897,0.0032977724177409066,0.05256650804383465,0.0016852189537312412,0.0005641473169878651,0.16219477035073762,0.0,0.0,0.0,0.0,0.0,3
IEEE33,tagconv,TP7,17,33696,717.0173882933533,-982.7023765380185,-4913.511882690092,17.126178577351386,4.37963786523218,5.229390930723078,0.382308275749286,0.639109472433726,0.9574241042137146,1.0006376107533772,1.6300226052602131,0.0,0.0,0.0,1.0,1.0,16.43910236428344,22.218147110517705,111.09073555258894,0.3805803770112004,0.39861597382578623,0.4562176583959648,0.004706789621391523,0.05795368829608753,0.0018078386908879785,0.00017326020749865756,0.14532086048190948,0.0,0.0,0.0,0.0,0.0,3
IEEE33,tagconv,TP7,18,33792,882.7544101410225,-1204.6670283198357,-6023.335141599178,21.81729008310208,0.0,3.810914411147906,0.4572707739555173,0.6249186793963114,0.9594574371973673,1.0,1.5914145708084106,0.0,0.0,0.0,1.0,1.0,4.843042738651385,6.232992316167327,31.16496158083642,0.050566572597257844,0.0,0.9687175983055344,0.000868987975204626,0.030628061159616686,0.001070496118563543,0.0,0.09385147455078202,0.0,0.0,0.0,0.0,0.0,3
IEEE33,tagconv,TP7,19,33888,458.17014713406985,-641.9653080530464,-3209.8265402652323,14.076912103623386,10.330411696157745,5.157603440313892,0.31722188327047557,0.6152076323827108,0.9595322608947754,1.0018997589747112,1.5755571524302165,0.0,0.0,0.0,1.0,1.0,14.313210202200423,19.612285276816085,98.06142638408039,0.43953243101061956,0.5004842932024209,0.6644157460723017,0.005621977039051345,0.07631751099121008,0.003461734650880785,0.00019236731557680122,0.19683741612587677,0.0,0.0,0.0,0.0,0.0,3
IEEE33,tagconv,TP7,20,33984,429.8257516965993,-604.9823336149256,-3024.911668074628,14.251738671744837,9.102359604225123,5.185508085371015,0.3224831177956528,0.6290141145388285,0.9585911830266317,1.0018436113993325,1.610125184059143,0.0,0.0,0.0,1.0,1.0,12.637191360667302,17.354139742889004,86.77069871444513,0.39866683511516887,0.4708715035615254,0.6552805486953094,0.005237244672456522,0.07051221913728396,0.0029693461565006873,0.00018410825372713118,0.18621600414011044,0.0,0.0,0.0,0.0,0.0,3
IEEE33,tagconv,TP7,21,34080,300.3487158266114,-426.38031140988073,-2131.9015570494034,10.636969961396554,11.820792861102591,4.989939063972417,0.22591141383681032,0.4647422432899475,0.970570425192515,1.002188245455424,1.1871604124704997,0.0,0.0,0.0,1.0,1.0,16.985409638008544,23.231546514560915,116.1577325728047,0.5280467011542459,0.5560174857341513,0.9533725425597436,0.006635439394131662,0.03684628466320116,0.0017494933301430138,0.00013180851705794488,0.1285000204214226,0.0,0.0,0.0,0.0,0.0,3
IEEE33,tagconv,TP7,22,34176,237.8221748174087,-341.8276928020641,-1709.1384640103206,8.504673980780714,14.17452140742322,4.993657341687304,0.18729787920084262,0.4116050402323405,0.9733311136563619,1.0037795702616374,1.0605547825495403,0.0,0.0,0.0,1.0,1.0,17.04642024440891,23.263034405045076,116.31517202522568,0.5287048371999963,0.5679263418119369,0.958475704716664,0.006264809835089346,0.018664000031165997,0.0004131251562606715,0.0002387638076124997,0.06285214892943577,0.0,0.0,0.0,0.0,0.0,3
IEEE33,tagconv,TP7,23,34272,610.811542682419,-845.729642979304,-4228.64821489652,18.04025359446494,0.0,3.923462548471925,0.41394665133621955,0.6463247537612915,0.9565778175989786,1.000830849011739,1.6165783007939656,0.0,0.0,0.0,1.0,1.0,4.4375041057862905,5.761470346965019,28.807351734825087,0.12120874618286022,0.0,1.0578202910415637,0.0009431719490310082,0.05992245877101611,0.002682361952297991,3.4492777570992926e-05,0.17567624380347024,0.0,0.0,0.0,0.0,0.0,3
IEEE33,tagconv,TP7,24,34368,691.7318876568015,-952.8587430184087,-4764.293715092043,19.785865181996297,0.0499719726783725,4.274854164422154,0.42929322852028734,0.6327407956123352,0.9579046169916788,1.0004012982050579,1.620922843615214,0.0,0.0,0.0,1.0,1.0,4.364013203650103,5.6896188811053285,28.448094405526785,0.10466052091121773,0.045455451813031296,0.8587372461780918,0.0010740408788618698,0.04380461355378247,0.0023495714911511696,3.912268963212215e-05,0.13016880487945176,0.0,0.0,0.0,0.0,0.0,3
IEEE33,tagconv,TP7,25,34464,891.3305990241597,-1216.5839994192122,-6082.919997096062,22.908800698776872,0.0,3.5847948069473783,0.46343601826164454,0.6171592076619467,0.959540605545044,1.0,1.5847988526026409,0.0,0.0,0.0,1.0,1.0,2.03831905551452,2.5983605311567444,12.99180265578361,0.04968890074523423,0.0,0.8492932428472492,0.0008785127086494629,0.03313399063307071,0.001594940009657173,0.0,0.10912276323406031,0.0,0.0,0.0,0.0,0.0,3
IEEE33,tagconv,TP7,26,34560,519.9859483245269,-720.5697190960249,-3602.848595480124,13.699153419843034,9.751685729309001,5.215319073067602,0.30600036018424565,0.6169547835985819,0.9601332743962606,1.0019157727559407,1.5916982094446819,0.0,0.0,0.0,1.0,1.0,14.796687036248384,20.15265276892805,100.76326384464029,0.4023137505564393,0.4623363835210839,0.4845030869658737,0.005232533264324913,0.05977280264612607,0.0028556939095383516,0.00012473600787543557,0.1538717861420502,0.0,0.0,0.0,0.0,0.0,3
IEEE33,tagconv,TP7,27,34656,411.60980173078815,-581.5356119314829,-2907.678059657415,14.104612251591979,9.824070210314611,5.15877065233282,0.32055094072388274,0.6249435345331827,0.9588929216066996,1.0017610788345337,1.6012202103932698,0.0,0.0,0.0,1.0,1.0,14.027563023590174,19.335796783302726,96.67898391651309,0.45483951899666186,0.5418492325460442,0.6822389792525404,0.006102203067799564,0.07544504387693578,0.0033236811527333934,3.71657783225057e-05,0.19912838091152274,0.0,0.0,0.0,0.0,0.0,3
IEEE33,tagconv,TP7,28,34752,344.79182281814036,-487.3354894638062,-2436.6774473190308,14.248506958820125,0.0,3.6975936503010494,0.3132068610025777,0.4608946442604065,0.9690971970558167,1.0007474819819133,1.1384496688842773,0.0,0.0,0.0,1.0,1.0,4.574642464467423,5.915237505565444,29.57618752782741,0.037750347815287286,0.0,0.8063862135746935,0.0007553907455237389,0.029821567631629887,0.002547285485628596,0.0005022264354979479,0.05667305618614286,0.0,0.0,0.0,0.0,0.0,3
IEEE33,tagconv,TP7,29,34848,377.5573679001538,-528.268659265836,-2641.3432963291802,14.084371869378685,0.0,3.2858562805294462,0.2999037622163692,0.4290895462036132,0.9711825847625732,1.0,1.0869527657826743,0.0,0.0,0.0,1.0,1.0,2.3636361002640913,3.0946632777517444,15.473316388758786,0.03999044958100008,0.0,0.6732421107874303,0.0007665231656242658,0.006617573306868376,0.00069985225346743,0.0,0.02525717469282056,0.0,0.0,0.0,0.0,0.0,3
IEEE33,tagconv,TP7,30,34944,473.65910285140126,-663.5535712391138,-3317.767856195569,16.116073691470962,2.1437537808766045,5.491127412595156,0.37187215851412875,0.6644271612167358,0.9552500247955322,1.0011765559514363,1.6668136517206829,0.0,0.0,0.0,1.0,1.0,9.808202088629923,13.161783251698782,65.80891625849391,0.30315964850858335,0.21261606502249025,0.5311553333932911,0.002280611217978496,0.07616869232990796,0.0033634991457043516,0.00010523421306513295,0.199517337724805,0.0,0.0,0.0,0.0,0.0,3
IEEE69,gat,TP1,0,32064,1114.080090065758,-1514.506875426129,-13630.561878835162,29.517467868447977,0.0,7.719370949417648,0.5299588706758288,1.0747770071029663,0.9583704670270284,1.0073275963465373,2.617081801096598,0.0,0.0,0.0,1.0,1.0,12.28151767264756,17.203588177659213,154.83229359893213,0.25528827258765824,0.0,2.1170735405579624,0.010634692305426012,0.02750557193142703,0.0009235325819201246,0.003166350845079354,0.06862884364165338,0.0,0.0,0.0,0.0,0.0,3
IEEE69,gat,TP1,1,32160,888.1997196040951,-1211.4061367892557,-10902.655231103301,24.28909853993714,0.06594111786941206,8.065650600008867,0.45393986130754155,1.0819343328475952,0.9559875726699829,1.0110631386439006,2.4405768712361655,0.0,0.0,0.0,1.0,1.0,28.58647338249873,38.492191016980236,346.42971915282277,0.7791227570898691,0.08139676003319664,1.6232743441458388,0.010723401693102718,0.010299016994612421,0.00041240920199831795,0.002048659349525515,0.022258793900782364,0.0,0.0,0.0,0.0,0.0,3
IEEE69,gat,TP1,2,32256,1447.4301205362108,-1974.7415668302112,-17772.6741014719,39.31652360432187,0.0,7.900181254440518,0.7456469438556169,1.1542582511901855,0.9543103377024332,1.0021690527598064,2.7745516300201416,0.0,0.0,0.0,1.0,1.0,7.481842602010635,9.96779079229067,89.7101171306143,0.1164448358856311,0.0,1.6637287960451885,0.004979951692121768,0.012692939205559816,0.00034281989226731294,0.0037569095842819983,0.15589743758314212,0.0,0.0,0.0,0.0,0.0,3
IEEE69,gat,TP1,3,32352,1659.721773493424,-2251.687002610277,-20265.183023492496,38.748189286599604,0.0,7.773759868486138,0.7533920034766197,1.218818187713623,0.9519887765248617,1.0007075468699138,2.8511803150177,0.0,0.0,0.0,1.0,1.0,9.37013025006848,12.303465529685868,110.73118976717092,0.12336094962783069,0.0,1.634347456031916,0.004097239222783401,0.007124761649918161,0.00022146818895660698,0.0012255071274268874,0.020027115970800164,0.0,0.0,0.0,0.0,0.0,3
IEEE69,gat,TP1,4,32448,2052.584699707754,-2773.644622484843,-24962.801602363586,45.40616755878974,0.0,7.22321027046069,0.8434375207871199,1.2159051497777302,0.9520327846209208,1.0,2.8435197671254477,0.0,0.0,0.0,1.0,1.0,3.9442921675682268,5.01881435065815,45.16932915592249,0.11490104965715957,0.0,1.175562990490057,0.003703556952295529,0.011596366266463175,0.0003858934577442292,0.0,0.02675013056096706,0.0,0.0,0.0,0.0,0.0,3
IEEE69,gat,TP1,5,32544,2786.2137796762668,-3735.1285439950448,-33616.156895955406,50.462821898054614,0.0,6.07275085933215,0.905677915447288,1.1769636074701946,0.9538156588872274,1.0,2.9297895431518555,0.0,0.0,0.0,1.0,1.0,7.359868172810856,9.755436273183536,87.7989264586521,0.05713533434508121,0.0,0.03364376365744837,0.0019245691753735882,0.028391739642191355,0.001310964077922563,0.0,0.11221854824549723,0.0,0.0,0.0,0.0,0.0,3
IEEE69,gat,TP1,6,32640,2515.445873571652,-3383.970058229235,-30455.73052406311,50.971239597272245,0.0,6.600321496923651,0.9123973233832251,1.179222822189331,0.9535120526949564,1.0,3.0046867529551187,0.0,0.0,0.0,1.0,1.0,12.664814134913607,16.483050773480432,148.3474569613224,0.0737000804655061,0.0,0.4930139089266871,0.002357256956756447,0.013955222364822814,0.0006460258170223171,0.0,0.060007137281592786,0.0,0.0,0.0,0.0,0.0,3
IEEE69,gat,TP1,7,32736,1836.5764139232022,-2472.3799614729705,-22251.419653256733,39.04900286743763,0.0,7.083349765224974,0.6795424272616705,1.0973820288976033,0.9564650853474935,1.0003783702850342,2.574380954106649,0.0,0.0,0.0,1.0,1.0,3.9569518061939695,4.9397829237219835,44.4580463134938,0.09836921054362628,0.0,0.8484949356516936,0.0031754604607628976,0.030606102672161767,0.0010655399254431274,0.0006553565577534691,0.07935886046163348,0.0,0.0,0.0,0.0,0.0,3
IEEE69,gat,TP1,8,32832,1250.1062214666024,-1689.9000478069538,-15209.100430262586,27.565271039391103,0.12527266218658642,8.385107574674938,0.5178926961703433,1.1263960202534993,0.9538301428159078,1.0103631814320881,2.4970223108927407,0.0,0.0,0.0,1.0,1.0,42.164677404133386,56.8468157528903,511.6213417760121,0.756230246394241,0.1749208761344985,1.3312748765386246,0.015141537467411478,0.007582205384146162,0.00040454410251683677,0.004969799029968462,0.022241600749540773,0.0,0.0,0.0,0.0,0.0,3
IEEE69,gat,TP1,9,32928,1964.1263094540884,-2658.994716026165,-23930.952444235485,40.89655013728974,0.0,8.04537194653141,0.7927738136301438,1.2530610958735149,0.9503899415334066,1.0003554026285808,2.967790444691976,0.0,0.0,0.3333333333333333,1.0,1.0,9.41338550361667,16.58757640917127,149.28818768254433,0.09982280043096285,0.0,1.3450972089995095,0.003213490216478856,0.029573908003961223,0.0003444754432657623,0.0006155754098453217,0.06147566858399264,0.0,0.0,0.5773502691896258,0.0,0.0,3
IEEE69,gat,TP1,10,33024,2268.943764823044,-3059.7557222931478,-27537.801500638325,43.137787111110974,0.0,8.277333529392369,0.8288041053132879,1.239897886912028,0.9516516526540121,1.0003059307734172,2.937483628590902,0.0,0.0,0.3333333333333333,1.0,1.0,14.939413039022334,27.69549246134123,249.2594321520753,0.05782701905869284,0.0,1.0904096729565649,0.001784463918076181,0.0447314906610388,0.002326300909768851,0.0005298876431575147,0.060533624306460955,0.0,0.0,0.5773502691896258,0.0,0.0,3
IEEE69,gat,TP1,11,33120,2280.2588522043493,-3070.510540573685,-27634.594865163166,46.70168378168322,0.0,7.1780714483027666,0.8505581623564163,1.1728946367899578,0.9540858070055642,1.0,2.848210096359253,0.0,0.0,0.0,1.0,1.0,5.346919146671558,6.624353272831035,59.61917945548206,0.0917932373331406,0.0,0.9064693414283809,0.002854549756719723,0.040267673001008225,0.00213918229877458,0.0,0.12292913685904101,0.0,0.0,0.0,0.0,0.0,3
IEEE69,gat,TP1,12,33216,1667.0781785804866,-2256.686283800337,-20310.176554203033,37.74255251233893,0.0,8.091688810728337,0.7167997925231854,1.1453180313110352,0.954962690671285,1.000494162241618,2.7189973990122476,0.0,0.0,0.0,1.0,1.0,4.544441351437255,6.192027125452419,55.72824412906636,0.09235505392892303,0.0,1.3383854078139081,0.0030670372584894207,0.007005277366843372,0.00027267639930948924,0.0005507456963870697,0.038517518817462564,0.0,0.0,0.0,0.0,0.0,3
IEEE69,gat,TP1,13,33312,1870.7532522682511,-2542.6089158587984,-22883.480242729187,48.48254836490872,0.0,6.9703409364790305,0.8862705495622422,1.2235666116078694,0.9516705870628357,1.0,2.9288334051767984,0.0,0.0,0.0,1.0,1.0,2.4562380748537915,3.414497093524304,30.73047384172591,0.12907831839555114,0.0,1.0920898789015274,0.004108003231462203,0.006100831337154739,0.00015847074923610338,0.0,0.07096135426217273,0.0,0.0,0.0,0.0,0.0,3
IEEE69,gat,TP1,14,33408,1062.244191768122,-1456.1410660401536,-13105.269594361385,29.134907412808758,0.0019173714218652666,7.600775854169181,0.5488579277363089,1.0994374354680378,0.9565483927726746,1.0070511897404988,2.594574371973674,0.0,0.0,0.3333333333333333,1.0,1.0,24.396173216011796,21.544451589358335,193.900064304227,0.5520422531748279,0.0033209847196512213,2.042060722712536,0.010635646357279236,0.019600695811652365,0.0007038613445773937,0.0028503899135721216,0.041887057275126004,0.0,0.0,0.5773502691896258,0.0,0.0,3
IEEE69,gat,TP1,15,33504,1117.7618743381274,-1520.5513177282282,-13684.961859554052,30.166191032636615,0.0,7.357570334218299,0.5403806894189781,1.0961940288543701,0.9550680915514628,1.0049630800882976,2.4296132723490396,0.0,0.0,0.0,1.0,1.0,5.162240381484259,6.834419235828125,61.50977312245297,0.07886178667443716,0.0,1.3328405036324071,0.008901422012696903,0.013073291870113498,0.0006870256727899687,0.006611559437840879,0.019922494801757812,0.0,0.0,0.0,0.0,0.0,3
IEEE69,gat,TP1,16,33600,1618.6570145308206,-2204.661502944098,-19841.953526496887,43.280505545617615,0.0,7.800546100263911,0.8043453314652046,1.1878322760264077,0.9530259569485983,1.0,2.8692077000935874,0.0,0.0,0.0,1.0,1.0,10.51204602557689,13.519945575800111,121.67951018220349,0.11006850609621292,0.0,1.322789604720363,0.003558478827834591,0.01497422973716818,0.0003134658099441788,0.0,0.18441037005021305,0.0,0.0,0.0,0.0,0.0,3
IEEE69,gat,TP1,17,33696,1891.8964952102008,-2565.4309016598595,-23088.878114938736,45.115482460453364,0.0,7.77962319030377,0.848890689926015,1.2636127471923828,0.9504054387410482,1.0010825395584106,2.972706953684489,0.0,0.0,0.0,1.0,1.0,8.13945482080766,10.584001621802287,95.25601459621987,0.11047556101115724,0.0,1.343024469457054,0.0037959086618053893,0.01108717110324216,0.00034278547950971104,0.0018750135163704126,0.0311364949468177,0.0,0.0,0.0,0.0,0.0,3
IEEE69,gat,TP1,18,33792,1962.8274847428286,-2663.2448551036696,-23969.203695933025,49.566646279028525,0.0,7.1534238093479745,0.8938078824430704,1.2135705947875977,0.9523349603017172,1.0,2.919489781061808,0.0,0.0,0.0,1.0,1.0,2.7240886801551576,2.9937872659749973,26.944085393774554,0.14091298603402985,0.0,1.2352967561351387,0.004483018210275655,0.005538819407743216,0.00018828247189431265,0.0,0.10862072481472494,0.0,0.0,0.0,0.0,0.0,3
IEEE69,gat,TP1,19,33888,1293.1089639952681,-1775.5580538577506,-15980.022484719753,39.14610595875089,0.0,7.522253316547954,0.7571454466217095,1.2286451657613118,0.9518077969551086,1.0007106860478718,2.925740957260132,0.0,0.0,0.0,1.0,1.0,7.422170610561007,9.895569266561111,89.06012339905107,0.13627243983812953,0.0,1.7472357702134893,0.004986274834361113,0.007243885497118026,0.00021793599455227275,0.0012309443431443431,0.0756775738654435,0.0,0.0,0.0,0.0,0.0,3
IEEE69,gat,TP1,20,33984,1266.9209694234357,-1744.9677292947417,-15704.709563652674,40.99138711693173,0.0,7.4504209964780115,0.7848153505474329,1.2510128021240234,0.950964073340098,1.0008018414179485,2.9943856398264566,0.0,0.0,0.0,1.0,1.0,3.747529122152662,5.274534268705752,47.47080841835237,0.12254530528465786,0.0,1.6335930119055542,0.004266534923858447,0.009545410732496882,0.00023762009196006228,0.0013888300754996764,0.08486435298176645,0.0,0.0,0.0,0.0,0.0,3
IEEE69,gat,TP1,21,34080,918.9685264307691,-1266.3504804003016,-11397.154323602716,31.306605637685482,0.0,7.404451892357707,0.5739760187764963,1.1080245971679688,0.9566990931828817,1.0080384413401287,2.6549285252889,0.0,0.0,0.0,1.0,1.0,11.387104386716395,16.32951463728278,146.9656317355437,0.22829821697657865,0.0,1.774611575144487,0.012867930768565907,0.02149971366585369,0.0008467116290398232,0.005055201465624066,0.049756320825883965,0.0,0.0,0.0,0.0,0.0,3
IEEE69,gat,TP1,22,34176,707.1814698933318,-976.6406407753626,-8789.765766978264,24.325007261881467,0.11289262525602839,7.86171875792326,0.4580349396500322,1.071428616841634,0.9559415380160013,1.0106282234191895,2.390628178914388,0.0,0.0,0.0,1.0,1.0,26.45415781017013,36.1353611776845,325.2182505991605,0.692945657272341,0.13362216464048898,1.9582611442166868,0.01368453757385039,0.022255355334965685,0.0003454990436689422,0.0023107175157920917,0.06042644546619924,0.0,0.0,0.0,0.0,0.0,3
IEEE69,gat,TP1,23,34272,1640.458354077592,-2242.540631753427,-20182.865685780842,47.89329910744349,0.0,7.0677685502607694,0.880819744947884,1.239780346552531,0.9510751962661743,1.0,2.8894902070363364,0.0,0.0,0.0,1.0,1.0,3.3765342676403285,4.281536978800178,38.53383280920066,0.13672764656048517,0.0,0.8729005213056533,0.004252656753884055,0.0069633526962984875,0.00024581032829426423,0.0,0.019446649379674465,0.0,0.0,0.0,0.0,0.0,3
IEEE69,gat,TP1,24,34368,1766.587156614178,-2410.1172806068703,-21691.055525461834,50.598656298360005,0.0,7.258083219888001,0.9097301529513464,1.250413179397583,0.951257566610972,1.0,3.0018752415974936,0.0,0.0,0.0,1.0,1.0,1.578199856335002,2.5102579111134466,22.592321200019327,0.11878905091883207,0.0,0.938304462435942,0.0037663172171238627,0.006162292522417682,0.00018156170965686138,0.0,0.05071128633711339,0.0,0.0,0.0,0.0,0.0,3
IEEE69,gat,TP1,25,34464,1963.8693291836507,-2665.045357244986,-23985.408215204876,50.692926828990494,0.0,6.820383949870785,0.8973674267116521,1.1925300757090251,0.9536145329475404,1.0,3.0767828623453775,0.0,0.0,0.0,1.0,1.0,4.564764986898509,5.912517319606201,53.21265587645449,0.15559576995414195,0.0,1.361223249695142,0.0049891482386520405,0.01983891792462442,0.00028893489730341275,0.0,0.06373638541507838,0.0,0.0,0.0,0.0,0.0,3
IEEE69,gat,TP1,26,34560,1514.9352166039716,-2062.917988794821,-18566.261899153393,39.334665005832846,0.0,7.732402718820439,0.7490086727258233,1.2003885507583618,0.9530027111371356,1.0,2.8276569843292236,0.0,0.0,0.0,1.0,1.0,9.081931258541994,11.905158118957136,107.14642307061608,0.13704288799519287,0.0,1.8012743958531072,0.004398988355698629,3.923054378486713e-06,3.4412757714036146e-08,0.0,7.020202572028855e-06,0.0,0.0,0.0,0.0,0.0,3
IEEE69,gat,TP1,27,34656,1178.8079391343217,-1627.2902840276558,-14645.612556248903,39.18280743925387,0.0,7.226101173901905,0.7597477328446177,1.2395038604736328,0.9512842496236166,1.0013659795125325,2.9131013552347818,0.0,0.0,0.0,1.0,1.0,2.728179942079121,4.1693362642393135,37.52402637815435,0.14151238617999362,0.0,1.9065628634004106,0.005330090659106382,0.005982038497553529,0.00019897456505626164,0.00236594591780458,0.019927023827692063,0.0,0.0,0.0,0.0,0.0,3
IEEE69,gat,TP1,28,34752,930.1861964674432,-1291.9462563196819,-11627.516306877136,37.98979801900868,0.0,6.911685883668859,0.6625019529213508,1.0520188013712564,0.9582175413767496,1.0,2.5390920639038086,0.0,0.0,0.0,1.0,1.0,5.256613430308048,7.342694265575009,66.08424839017599,0.1278345504215236,0.0,1.2474555225788229,0.004127187138549963,0.04722444392362511,0.0019450014964887807,0.0,0.06057964655968276,0.0,0.0,0.0,0.0,0.0,3
IEEE69,gat,TP1,29,34848,947.2546624129801,-1307.3327231936985,-11765.994508743286,35.65645612192275,0.0,6.561760569193808,0.6079993376301395,1.061508019765218,0.9561959505081177,1.0,2.360476096471151,0.0,0.0,0.0,1.0,1.0,8.379650292209927,11.41589546027106,102.74305914244009,0.1519661633058976,0.0,1.394678442490737,0.004918806916993969,0.051540128952470836,0.0019546265597124063,0.0,0.06430019681166292,0.0,0.0,0.0,0.0,0.0,3
IEEE69,gat,TP1,30,34944,1408.4552005861697,-2120.1290993160674,-19081.161893844604,46.31594335317692,0.0,7.308781899993477,0.8743093634645144,1.2620531717936199,0.9507810672124227,1.0,3.050367832183838,0.0,0.0,9.0,1.0,1.0,2.109281057448896,2.546166193732654,22.915495743597077,0.12853856422253718,0.0,1.713317324627175,0.004153949319018308,0.008911871870304514,0.0010162087350588187,0.0,0.06855696583368472,0.0,0.0,0.0,0.0,0.0,3
IEEE69,gat,TP2,0,32064,1111.7164430069058,-1511.5077960397357,-13603.570164357623,29.457279978957544,0.0,7.695024580565089,0.5305888907363018,1.0626482566197712,0.9589125116666158,1.0067960818608601,2.591819922129313,0.0,0.0,0.0,1.0,1.0,9.97591881350874,14.210711240833094,127.89640116749824,0.20848305598870467,0.0,2.280820072682892,0.01057946023466766,0.01278874893466151,0.000473574264410064,0.002628856900951198,0.037711176317669626,0.0,0.0,0.0,0.0,0.0,3
IEEE69,gat,TP2,1,32160,886.0207880298348,-1208.3992712039637,-10875.593440835675,24.229972820268177,0.05688704684768984,7.991443440587155,0.4526171361406644,1.0792827606201172,0.9560604095458984,1.010814865430196,2.417030652364095,0.0,0.0,0.0,1.0,1.0,27.801765614973156,37.10274635690351,333.92471721213076,0.7425107886041076,0.08688101839438539,1.7424623987263017,0.0077989710834941856,0.021405829319564505,0.00048673399268388083,0.001898856945825058,0.022014438573779636,0.0,0.0,0.0,0.0,0.0,3
IEEE69,gat,TP2,2,32256,1448.371437845987,-1976.4302906813446,-17787.8726161321,39.31961965463534,0.0,7.949751098305043,0.7493712873094611,1.1619174877802532,0.9541724522908529,1.0022432804107666,2.767850081125895,0.0,0.0,0.0,1.0,1.0,6.881367768271254,9.25758282644019,83.31824543796276,0.11623683538426625,0.0,1.6087151234318222,0.0051139434172028046,0.012836991020915919,0.00035052834999345426,0.003885475647071735,0.156975976114409,0.0,0.0,0.0,0.0,0.0,3
IEEE69,gat,TP2,3,32352,1660.5990569263856,-2253.3183882677995,-20279.865494410198,38.75363777730269,0.0,7.854060832621862,0.7573255468159914,1.2280439535776775,0.9517675836881002,1.000730832417806,2.8521676063537598,0.0,0.0,0.0,1.0,1.0,9.303434069668771,12.248505891851778,110.23655302666651,0.12465800226311098,0.0,1.6894497703009816,0.004162022492634356,0.007483727935745372,0.00021962109541187898,0.0012658388794584115,0.020508909811167913,0.0,0.0,0.0,0.0,0.0,3
IEEE69,gat,TP2,4,32448,2053.558749380733,-2775.553963096054,-24979.985667864483,45.41355212815719,0.0,7.315618891034302,0.848588039063745,1.2251264254252117,0.9518386522928873,1.0,2.844743013381958,0.0,0.0,0.0,1.0,1.0,3.0676806172505895,3.839462728797414,34.55516455917703,0.11572226525552069,0.0,1.2144555778284787,0.0037583422254462598,0.010951470990428341,0.0003897519707548365,0.0,0.02515627887789585,0.0,0.0,0.0,0.0,0.0,3
IEEE69,gat,TP2,5,32544,2786.664233425141,-3736.4271043141684,-33627.843938827515,50.4683888636447,0.0,6.090524296661884,0.9113895659231478,1.1866237719853718,0.9536460439364115,1.0,2.9544216791788735,0.0,0.0,0.0,1.0,1.0,7.586834579916916,10.064186765669756,90.57768089102623,0.061052737744714765,0.0,0.06390839080469225,0.0020664383123027413,0.025100744829373807,0.0013047551897845838,0.0,0.11006981849858745,0.0,0.0,0.0,0.0,0.0,3
IEEE69,gat,TP2,6,32640,2515.892000044411,-3385.294115490384,-30467.647039413452,50.97857015036442,0.0,6.644084319297622,0.91835792735219,1.196306308110555,0.953291654586792,1.0,3.0350939432779946,0.0,0.0,0.0,1.0,1.0,12.561439152185581,16.361145050725934,147.25030545653314,0.06654805992674198,0.0,0.3578502053959069,0.0021888018431242707,0.02069590755054186,0.0005837373240356329,0.0,0.056768101122431254,0.0,0.0,0.0,0.0,0.0,3
IEEE69,gat,TP2,7,32736,1837.1200613304154,-2473.780477453161,-22264.02429707845,39.05537042762662,0.0,7.144969052081511,0.685097340701355,1.1038981676101685,0.9563417633374532,1.0002686182657878,2.57112709681193,0.0,0.0,0.0,1.0,1.0,3.6815398546870255,4.536849785710726,40.83164807139713,0.09701436687479183,0.0,0.8414796281044535,0.0031653126847841144,0.027046759793141438,0.000905555108171102,0.0004652604841854578,0.07365162462928536,0.0,0.0,0.0,0.0,0.0,3
IEEE69,gat,TP2,8,32832,1250.945361846884,-1697.9466344051891,-15281.519709646702,27.568665053969067,0.10472739653651918,8.406155589665596,0.5203254332558976,1.1326898336410522,0.9537241458892822,1.009776512781779,2.4924662907918296,0.0,0.0,0.3333333333333333,1.0,1.0,40.87192369504663,61.10894271346851,549.9804844212168,0.7479008239107593,0.1604923256417447,1.435794951785233,0.01435561848197252,0.010061170799464026,0.0004926966663030164,0.005161952151706299,0.013520618968198658,0.0,0.0,0.5773502691896258,0.0,0.0,3
IEEE69,gat,TP2,9,32928,1964.3194189131875,-2679.8035743589753,-24118.232169230778,40.89552758891598,0.0,7.986841054420729,0.7972460455364652,1.2587885856628418,0.9502347310384115,1.0003586610158284,2.9449330965677896,0.0,0.0,1.3333333333333333,1.0,1.0,9.845284739644175,47.48090822567007,427.328174031032,0.10153869435438322,0.0,1.3923550861131346,0.0032890342281198153,0.02529306944685063,0.00023723179016148376,0.0006212191021091737,0.04292890790028563,0.0,0.0,2.3094010767585034,0.0,0.0,3
IEEE69,gat,TP2,10,33024,2269.7704294440805,-3074.758236055021,-27672.82412449519,43.13730801367965,0.0,8.21089702515272,0.8335704455773035,1.2446717421213787,0.9514820774396261,1.0002996524175007,2.919731299082438,0.0,0.0,1.0,1.0,1.0,15.647403426627664,48.28023026713296,434.52207240419597,0.058011652623873325,0.0,1.1475660903677314,0.0018126094401183861,0.04015630249655404,0.002279228907679634,0.0005190132117222349,0.03680990982361649,0.0,0.0,1.7320508075688772,0.0,0.0,3
IEEE69,gat,TP2,11,33120,2280.6224973042467,-3071.6181921782318,-27644.563729604084,46.709927277274936,0.0,7.2681108355292645,0.8556436573465666,1.1808623472849529,0.9539257486661277,1.0,2.8484373887379966,0.0,0.0,0.0,1.0,1.0,5.29024099009554,6.54722978822874,58.92506809406084,0.09532046239941268,0.0,0.9648378821625941,0.002991620641199133,0.04062860392934087,0.0021405184814756017,0.0,0.12289160601551338,0.0,0.0,0.0,0.0,0.0,3
IEEE69,gat,TP2,12,33216,1667.7855880516302,-2257.9832193233347,-20321.848973910015,37.73996281899755,0.0,8.046248542049009,0.7198222447186708,1.1519170999526978,0.9548717935880026,1.0005358457565308,2.7170477708180747,0.0,0.0,0.0,1.0,1.0,3.5762514407263124,4.918277297138343,44.26449567424191,0.08213757141284012,0.0,1.4568335036880573,0.002739176843470798,0.005458614811320946,0.00019864010763415718,0.0005589396889630068,0.03995055177218333,0.0,0.0,0.0,0.0,0.0,3
IEEE69,gat,TP2,13,33312,1871.8074066552997,-2544.6887426729554,-22902.1986840566,48.48733207682866,0.0,6.992741785794801,0.8919548431618347,1.2324950695037842,0.9514686266581217,1.0,2.9220567544301352,0.0,0.0,0.0,1.0,1.0,1.736082718536042,2.6069128823118097,23.462215940805994,0.13317800447131892,0.0,1.1307774620852047,0.004248816129151675,0.006179430075755281,0.00016132700812574341,0.0,0.07747197768592412,0.0,0.0,0.0,0.0,0.0,3
IEEE69,gat,TP2,14,33408,1060.5803786323174,-1454.2124180528851,-13087.911762475967,29.084410764898475,0.0,7.552929399229065,0.5508138382186493,1.1084567308425903,0.9563425978024801,1.0064470370610554,2.596257448196411,0.0,0.0,0.3333333333333333,1.0,1.0,21.85517145741777,18.07022278831792,162.63200509486168,0.49940342430702556,0.0,2.093926060689818,0.00996019033166303,0.019439893238957524,0.0007082507470940537,0.002027424151518571,0.041375033082724944,0.0,0.0,0.5773502691896258,0.0,0.0,3
IEEE69,gat,TP2,15,33504,1117.9217622022475,-1521.1691337260936,-13690.522203534842,30.16464711612387,0.0,7.304067917555481,0.5436668611235088,1.1026906569798787,0.954964280128479,1.0049439271291096,2.4245550632476807,0.0,0.0,0.0,1.0,1.0,5.043992308093329,6.707277037820775,60.365493340385186,0.0803835267872164,0.0,1.2151656286182875,0.009100391644862099,0.015775504621522305,0.0007698222683855937,0.006658765286695981,0.027010491112296812,0.0,0.0,0.0,0.0,0.0,3
IEEE69,gat,TP2,16,33600,1620.1226020079846,-2207.0974920767326,-19863.877428690594,43.279471602679415,0.0,7.795671358495213,0.8085964278628429,1.1960635979970295,0.952856222788493,1.0,2.8693999449412027,0.0,0.0,0.0,1.0,1.0,9.12993681959234,11.764263537042003,105.87837183337793,0.10887050999309972,0.0,1.2765319040695282,0.0035229748819186734,0.015161435139089156,0.0003176297536265916,0.0,0.1844235505474779,0.0,0.0,0.0,0.0,0.0,3
IEEE69,gat,TP2,17,33696,1891.9894594806694,-2566.1443062711646,-23095.29875644048,45.120838467524244,0.0,7.827381421666202,0.8536386436058415,1.2724308172861736,0.9502183397610983,1.0010104179382324,2.9730679194132485,0.0,0.0,0.0,1.0,1.0,8.068251398731777,10.50433695232068,94.53903257088668,0.1089458768370839,0.0,1.3250420565754186,0.0037560792451691557,0.01123122290699956,0.0003428887177828291,0.0017500952058975463,0.031233989200383724,0.0,0.0,0.0,0.0,0.0,3
IEEE69,gat,TP2,18,33792,1964.3011376888526,-2665.807927944042,-23992.27135149638,49.57378526927025,0.0,7.185798208520524,0.8989722952246666,1.2214808464050293,0.9521937767664591,1.0,2.9518137772878013,0.0,0.0,0.0,1.0,1.0,4.885134237135646,5.9030695839237,53.127626255312684,0.14508724651233745,0.0,1.2554653178267945,0.004648296366032856,0.005577908164565549,0.00018908106240566607,0.0,0.08215447226891737,0.0,0.0,0.0,0.0,0.0,3
IEEE69,gat,TP2,19,33888,1293.8997923503573,-1777.062217151677,-15993.559954365095,39.154851526341155,0.0,7.680233280493389,0.7609573586119547,1.2369999885559082,0.9516401092211405,1.000748912493388,2.9230408668518066,0.0,0.0,0.0,1.0,1.0,6.786503864342849,9.117690685133153,82.059216166199,0.14030388605420147,0.0,1.8619358398659713,0.005159076383616685,0.007350977999099156,0.00022058577689574075,0.0012971544889708291,0.07064229191030075,0.0,0.0,0.0,0.0,0.0,3
IEEE69,gat,TP2,20,33984,1267.3130758146588,-1745.9779091587773,-15713.801182428995,41.000151895074026,0.0,7.588650385194989,0.7888229863925112,1.2593008677164714,0.9507841865221659,1.000530203183492,2.9856534798940024,0.0,0.0,0.0,1.0,1.0,3.7477413877009433,5.310302382733077,47.79272144459867,0.1272309972700718,0.0,1.6795823418055993,0.004354525312029851,0.010170346412438257,0.000232767893123561,0.0009183388521429831,0.07432735513933927,0.0,0.0,0.0,0.0,0.0,3
IEEE69,gat,TP2,21,34080,917.5840161539901,-1264.6733739607864,-11382.060365647078,31.250451143748318,0.0,7.307139989909938,0.575034519036611,1.113678773244222,0.9566256602605184,1.006962736447652,2.652384122212728,0.0,0.0,0.0,1.0,1.0,8.64682785542301,12.694418086159894,114.24976277543931,0.18624309384011897,0.0,1.7084141723468969,0.012453927426986736,0.022764334831770337,0.0008955131249904912,0.003775828225678081,0.05146572051430751,0.0,0.0,0.0,0.0,0.0,3
IEEE69,gat,TP2,22,34176,705.6353372150137,-974.3257854945131,-8768.932069450617,24.264545880022023,0.08752171572382837,7.586174637287951,0.45577986041704815,1.0796270767847698,0.9557887315750122,1.0092784961064658,2.3890675703684487,0.0,0.0,0.0,1.0,1.0,27.578023356365787,37.13414696952383,334.2073227257139,0.7486749815710201,0.14973693368693097,1.7334196316103632,0.01232668732840044,0.02133297887796896,0.0002863110026918989,0.0019970835741384913,0.05899068593343709,0.0,0.0,0.0,0.0,0.0,3
IEEE69,gat,TP2,23,34272,1640.852555707895,-2243.679700250979,-20193.117302258812,47.88712662122986,0.0,7.14775276139999,0.8858012223823203,1.2484928766886394,0.9508947928746542,1.0,2.8897979259490967,0.0,0.0,0.0,1.0,1.0,2.6554002744859595,3.090747408527303,27.816726676747493,0.11845144090738934,0.0,0.9309346747446469,0.0037929937959883787,0.0070475951271628335,0.0002493548423378805,0.0,0.019464131060588707,0.0,0.0,0.0,0.0,0.0,3
IEEE69,gat,TP2,24,34368,1766.5169733782413,-2410.6438413549354,-21695.794572194416,50.60017398471694,0.0,7.307478511105927,0.9146649477382501,1.258345127105713,0.9511197209358215,1.0,3.0064644018809,0.0,0.0,0.0,1.0,1.0,1.100016675210568,1.8940266518934135,17.046239867036466,0.11454093792339283,0.0,0.9718972197124667,0.0036710767396910915,0.006516812752305139,0.00019976605848349218,0.0,0.05405366923577899,0.0,0.0,0.0,0.0,0.0,3
IEEE69,gat,TP2,25,34464,1965.143948730066,-2667.3220998975967,-24005.89889907837,50.698572096484504,0.0,6.874270873434142,0.902331457990739,1.193587104479472,0.9534870982170105,1.0,3.0652078787485757,0.0,0.0,0.0,1.0,1.0,5.235432413034117,6.876717440673668,61.89045696605862,0.1530168539941954,0.0,1.304559271938712,0.004949681231327514,0.010796721327527814,0.00031348274574679387,0.0,0.044718177387899134,0.0,0.0,0.0,0.0,0.0,3
IEEE69,gat,TP2,26,34560,1515.7350257757719,-2064.394486127076,-18579.550375143688,39.34248634165247,0.0,7.870561568293115,0.7525036190119055,1.2082502841949463,0.9528585076332092,1.0,2.827867031097412,0.0,0.0,0.0,1.0,1.0,9.024670370854588,11.882739648330698,106.94465683497194,0.14291158833520856,0.0,1.8851502171267716,0.004590266284182275,3.71657783225057e-05,1.6518123698891422e-06,0.0,5.079323037409113e-05,0.0,0.0,0.0,0.0,0.0,3
IEEE69,gat,TP2,27,34656,1179.5677545865678,-1628.7492904508556,-14658.7436140577,39.19194789004962,0.0,7.3987276168190546,0.763519951245851,1.247928222020467,0.9511184096336365,1.0006297429402669,2.9218715031941733,0.0,0.0,0.0,1.0,1.0,2.9569592587608033,4.507685502400366,40.56916952160289,0.1466687540219363,0.0,2.044998306309892,0.005326566986539438,0.006063872035378469,0.00020172758567273556,0.0010907467682501623,0.03272530975096088,0.0,0.0,0.0,0.0,0.0,3
IEEE69,gat,TP2,28,34752,930.651804331423,-1293.1393239939653,-11638.253915945688,37.98466498668463,0.0,6.792527939213392,0.6672141173233589,1.0529528657595317,0.9582714637120565,1.0,2.525447050730387,0.0,0.0,0.0,1.0,1.0,5.375448132154768,7.443072198888729,66.98764978999968,0.1260080506031712,0.0,1.1044595535160817,0.004108088215194147,0.05270054680400833,0.0020946519939629266,0.0,0.07964763984047171,0.0,0.0,0.0,0.0,0.0,3
IEEE69,gat,TP2,29,34848,947.4457906584539,-1308.1932663917542,-11773.739397525787,35.65821631228305,0.0,6.570124637630478,0.6129034472008547,1.0700095097223918,0.9559980432192484,1.0,2.3607450326283774,0.0,0.0,0.0,1.0,1.0,8.64789553020939,11.746290062057984,105.71661055852307,0.1518051712684368,0.0,1.3649335627163899,0.0049577000809459155,0.051802531496982225,0.001955266612046814,0.0,0.0643914819045475,0.0,0.0,0.0,0.0,0.0,3
IEEE69,gat,TP2,30,34944,1408.9043102448356,-2128.088912893225,-19152.80021603902,46.317725103543545,0.0,7.290068721332058,0.8799939455671443,1.2673606872558594,0.9507189591725668,1.0,3.0471057097117105,0.0,0.0,9.333333333333334,1.0,1.0,1.4360188755545646,12.387239946150734,111.48515951535391,0.12499413344864867,0.0,1.7134460296365928,0.004081717040661912,0.007200384860940137,0.0008678225538568098,0.0,0.06340266568227362,0.0,0.0,0.5773502691896255,0.0,0.0,3
IEEE69,gat,TP3,0,32064,1114.07902110034,-1514.4898344339044,-13630.408509905139,29.517438250322698,0.0,7.719333799266799,0.5298334291825691,1.074642578760783,0.9583704868952433,1.0073277950286865,2.6170783042907715,0.0,0.0,0.0,1.0,1.0,12.281547157426626,17.203633523085646,154.83270170777072,0.2552878645661989,0.0,2.1170633397143517,0.010634708478470749,0.0275044412840471,0.0009235003330104145,0.0031666100476136624,0.06862836735057914,0.0,0.0,0.0,0.0,0.0,3
IEEE69,gat,TP3,1,32160,888.1988259719777,-1211.3903506125014,-10902.513155512512,24.289074532701644,0.06594206137296357,8.065614359948585,0.45382268995874453,1.0818078517913818,0.9559876720110575,1.0110631386439006,2.4405723412831626,0.0,0.0,0.0,1.0,1.0,28.586466936710966,38.49220281610118,346.42982534491136,0.7791207740286883,0.08139635109961357,1.623265397797509,0.010723624247359754,0.010303488039841487,0.0004125793829268528,0.0020485528169894808,0.0222573624159846,0.0,0.0,0.0,0.0,0.0,3
IEEE69,gat,TP3,2,32256,1447.4288958780062,-1974.7250855587147,-17772.52577002843,39.31648720087745,0.0,7.9001697979257655,0.7455276581976148,1.1541416645050049,0.9543103377024332,1.0021692911783855,2.774552583694458,0.0,0.0,0.0,1.0,1.0,7.481934386098312,9.967925381079686,89.7113284297168,0.11644509973240522,0.0,1.6637430050604625,0.004980122471856678,0.01269314568490494,0.00034281989226731294,0.00375732253737447,0.15590407800598352,0.0,0.0,0.0,0.0,0.0,3
IEEE69,gat,TP3,3,32352,1659.7201347265411,-2251.6688717382926,-20265.019845644634,38.74814956664275,0.0,7.773747509401598,0.7532637895395359,1.2186880111694336,0.9519888162612915,1.0007076263427734,2.8511765797932944,0.0,0.0,0.0,1.0,1.0,9.370161403732277,12.303495905628056,110.73146315065247,0.1233606086554127,0.0,1.634361223650621,0.004097257827825418,0.007124100609898369,0.00022147023158309515,0.0012256447784577437,0.020026491415577895,0.0,0.0,0.0,0.0,0.0,3
IEEE69,gat,TP3,4,32448,2052.582589295161,-2773.625081910028,-24962.625737190247,45.406119974366625,0.0,7.223199756890398,0.8433029024551312,1.2157764832178752,0.9520327647527059,1.0,2.8435200850168862,0.0,0.0,0.0,1.0,1.0,3.9443808304575785,5.018911605647757,45.1702044508306,0.1149020728959636,0.0,1.1755893928791592,0.0037035805859595332,0.011595815674917548,0.0003858590470561242,0.0,0.02674434063997534,0.0,0.0,0.0,0.0,0.0,3
IEEE69,gat,TP3,5,32544,2786.2109528983838,-3735.108514361911,-33615.9766292572,50.462768680710305,0.0,6.072750089767596,0.9055467092742521,1.1768414576848347,0.9538156588872274,1.0,2.929784377415975,0.0,0.0,0.0,1.0,1.0,7.360028333624989,9.755649051996347,87.80084146796574,0.05713474422210726,0.0,0.033653786429934725,0.0019245475393158318,0.02838545929938628,0.001310964077922563,0.0,0.11221952360917375,0.0,0.0,0.0,0.0,0.0,3
IEEE69,gat,TP3,6,32640,2515.443350287248,-3383.9485573238794,-30455.537015914917,50.971178023746056,0.0,6.600283894241301,0.912251361956199,1.179092009862264,0.9535120725631714,1.0,3.0046698252360025,0.0,0.0,0.0,1.0,1.0,12.665232365018435,16.483621505331794,148.3525935479862,0.07369690015055891,0.0,0.49297668929394944,0.0023571880275448723,0.013957629852723091,0.0006460595701544984,0.0,0.0600227103286017,0.0,0.0,0.0,0.0,0.0,3
IEEE69,gat,TP3,7,32736,1836.5746118273848,-2472.359486014755,-22251.235374132793,39.048961800809565,0.0,7.083319535458841,0.679397145493163,1.0972428719202678,0.9564650853474935,1.0003785292307537,2.5743778546651206,0.0,0.0,0.0,1.0,1.0,3.9570722440628487,4.939910833201522,44.45919749881444,0.09836924118676985,0.0,0.8485118466386455,0.0031754272384250325,0.030603943091905467,0.0010655399254431274,0.0006556318598151815,0.07935886046163348,0.0,0.0,0.0,0.0,0.0,3
IEEE69,gat,TP3,8,32832,1250.1047797044487,-1689.88063237209,-15208.925691348812,27.565235927294182,0.12527332901354984,8.38509071802362,0.5177521593868732,1.1262495120366414,0.9538301030794778,1.010363260904948,2.497019131978353,0.0,0.0,0.0,1.0,1.0,42.16462620853627,56.84674063870568,511.6206657483534,0.7562262886388134,0.17492015250207843,1.331264438311693,0.015141421746862204,0.007581747704929339,0.00040454452405349196,0.004969909388927609,0.022241632969545184,0.0,0.0,0.0,0.0,0.0,3
IEEE69,gat,TP3,9,32928,1964.1243220500462,-2658.974469829489,-23930.770228465397,40.89650506334198,0.0,8.0453498660004,0.7926323095129596,1.2529166142145793,0.9503899415334066,1.0003556807835896,2.967784563700358,0.0,0.0,0.3333333333333333,1.0,1.0,9.413592283686937,16.587907970650036,149.29117173584802,0.09982390423319866,0.0,1.345112131454511,0.00321358515932915,0.029573329752054487,0.0003444754432657623,0.0006160571884532701,0.061478687943936995,0.0,0.0,0.5773502691896258,0.0,0.0,3
IEEE69,gat,TP3,10,33024,2268.9416198011018,-3059.7354939778647,-27537.61944580078,43.137738577825075,0.0,8.277298587866342,0.8286643765038915,1.2397568623224895,0.9516516526540121,1.0003059307734172,2.9374798933664956,0.0,0.0,0.3333333333333333,1.0,1.0,14.938616992251811,27.694537351682243,249.25083616514422,0.05783054152275739,0.0,1.090440713036983,0.001784548440471276,0.044731291626465,0.002326300909768851,0.0005298876431575147,0.06053314710011218,0.0,0.0,0.5773502691896258,0.0,0.0,3
IEEE69,gat,TP3,11,33120,2280.256764250658,-3070.4920259405067,-27634.428233464558,46.70164056656466,0.0,7.178071172143517,0.8504315169735088,1.1727649370829265,0.9540858070055642,1.0,2.8482062816619873,0.0,0.0,0.0,1.0,1.0,5.347244101396564,6.624767626500085,59.62290863849868,0.091795042843298,0.0,0.906482558600662,0.002854611162171707,0.04026937174217266,0.00213918229877458,0.0,0.12292798555200933,0.0,0.0,0.0,0.0,0.0,3
IEEE69,gat,TP3,12,33216,1667.0767681582165,-2256.6691097153557,-20310.021987438202,37.74251298708623,0.0,8.091636202718316,0.7166768389029635,1.1451915899912517,0.954962690671285,1.0004947582880657,2.718993902206421,0.0,0.0,0.0,1.0,1.0,4.544734725321472,6.192424670184329,55.73182203165774,0.09235300030103634,0.0,1.3383876363920844,0.003067142383425965,0.007003281455768001,0.00027267639930948924,0.0005517096889295625,0.038517119696843606,0.0,0.0,0.0,0.0,0.0,3
IEEE69,gat,TP3,13,33312,1870.7515748374988,-2542.589135134662,-22883.302216211956,48.48249753594411,0.0,6.970344551550053,0.8861295253866248,1.223431905110677,0.9516705870628357,1.0,2.9288291931152344,0.0,0.0,0.0,1.0,1.0,2.456443433405489,3.4147516557366053,30.7327649016276,0.1290790601805346,0.0,1.0921266537598915,0.004108028429153152,0.006100005430969795,0.00015847074923610338,0.0,0.07096127479046771,0.0,0.0,0.0,0.0,0.0,3
IEEE69,gat,TP3,14,33408,1062.2430408989037,-1456.1235414782057,-13105.111873303851,29.1348741650953,0.0019177026001728,7.600725012867204,0.5487294969045453,1.09929092725118,0.9565485119819641,1.0070512692133586,2.594555219014486,0.0,0.0,0.3333333333333333,1.0,1.0,24.395922442302545,21.544080567384963,193.89672510646227,0.5520353552182994,0.0033215583373062342,2.042047948050009,0.010635445749283224,0.019608233555929853,0.0007039182473684829,0.00285050732661261,0.04189958936255175,0.0,0.0,0.5773502691896258,0.0,0.0,3
IEEE69,gat,TP3,15,33504,1117.76091609349,-1520.5343433795151,-13684.809090415636,30.16616367235261,0.0,7.357548277085677,0.540254693892267,1.0960649649302165,0.9550680915514628,1.0049631198247273,2.4296107292175293,0.0,0.0,0.0,1.0,1.0,5.162284489828445,6.834467397973747,61.510206581763086,0.07886277168670197,0.0,1.3328760268184623,0.008901332838044906,0.013075189549133902,0.0006870256727899687,0.006611627829095847,0.01992244264420714,0.0,0.0,0.0,0.0,0.0,3
IEEE69,gat,TP3,16,33600,1618.6556776576438,-2204.6437901390923,-19841.79411125183,43.28046433185505,0.0,7.800557369489262,0.8042173095875317,1.1877105236053467,0.9530259768168131,1.0,2.8692052364349365,0.0,0.0,0.0,1.0,1.0,10.5121954690144,13.520137316634402,121.68123584970674,0.11006888536337828,0.0,1.3228079929357628,0.0035584762822884848,0.014974092086137548,0.0003135002227018688,0.0,0.18440881824653346,0.0,0.0,0.0,0.0,0.0,3
IEEE69,gat,TP3,17,33696,1891.8946518731427,-2565.411929819319,-23088.70736837387,45.11543661553986,0.0,7.779598841964074,0.8487578464878931,1.2634797096252441,0.9504054387410482,1.0010820627212524,2.972703695297241,0.0,0.0,0.0,1.0,1.0,8.139671554149508,10.584243584998648,95.25819226498899,0.11047578702851024,0.0,1.3430459505186771,0.003795727020511047,0.011086345197057215,0.00034278547950971104,0.001874187610185308,0.031135464841446303,0.0,0.0,0.0,0.0,0.0,3
IEEE69,gat,TP3,18,33792,1962.82541501565,-2663.226026676319,-23969.034240086872,49.56659586436725,0.0,7.153400447130637,0.8936784969021877,1.2134462992350261,0.9523349603017172,1.0,2.919495423634847,0.0,0.0,0.0,1.0,1.0,2.7246909688461445,2.994531861336749,26.950786752029735,0.1409132934860102,0.0,1.2353130916748523,0.004483021371612541,0.005531661665493635,0.00018828247189431265,0.0,0.10861065971573007,0.0,0.0,0.0,0.0,0.0,3
IEEE69,gat,TP3,19,33888,1293.107734638037,-1775.5410955128846,-15979.869859615961,39.14606727186868,0.0,7.522247175996472,0.7570223843471872,1.2285199960072835,0.9518077969551086,1.0007106860478718,2.9257431030273438,0.0,0.0,0.0,1.0,1.0,7.422109239836898,9.895472164731851,89.05924948258637,0.1362739777229024,0.0,1.7472501612672744,0.004986181915419557,0.007244298450210274,0.00021793599455227275,0.0012309443431443431,0.07568584252600874,0.0,0.0,0.0,0.0,0.0,3
IEEE69,gat,TP3,20,33984,1266.9196784209828,-1744.949412089807,-15704.544708808264,40.991344530707686,0.0,7.4504256104191064,0.7846820534517368,1.250877380371094,0.950964113076528,1.0008012851079304,2.99440868695577,0.0,0.0,0.0,1.0,1.0,3.747456942416739,5.274412319735347,47.46971087761737,0.12254670960613147,0.0,1.633608126343578,0.004266400337408978,0.009547475497959467,0.00023768891747549033,0.001387866518283972,0.08490897107874674,0.0,0.0,0.0,0.0,0.0,3
IEEE69,gat,TP3,21,34080,918.9678191861188,-1266.3330599422807,-11396.997539480528,31.30657658361439,0.0,7.404432264382041,0.5738437651760048,1.1078872680664062,0.9566990931828817,1.0080385208129883,2.6549256642659507,0.0,0.0,0.0,1.0,1.0,11.387063891625134,16.32946946174267,146.96522515568256,0.228295641416809,0.0,1.7746305476735826,0.012867939692048332,0.02149954668874345,0.0008467116290398232,0.005055432159917455,0.049756142528984214,0.0,0.0,0.0,0.0,0.0,3
IEEE69,gat,TP3,22,34176,707.1808096414024,-976.6256296259385,-8789.630666633448,24.32498166309414,0.1128929676777342,7.861707346814811,0.45792151159710354,1.071304440498352,0.9559416770935059,1.0106282234191895,2.390622854232788,0.0,0.0,0.0,1.0,1.0,26.4540907872289,36.135274016445294,325.2174661480082,0.6929441905310685,0.13362203378212936,1.9582565193803634,0.013684481397930147,0.022257909142416245,0.0003457385698186645,0.0023107175157920917,0.06043030576283181,0.0,0.0,0.0,0.0,0.0,3
IEEE69,gat,TP3,23,34272,1640.456542148501,-2242.521246733489,-20182.6912206014,47.893240980565565,0.0,7.067765394135217,0.8806832927382654,1.2396493752797444,0.9510751962661743,1.0,2.8894874254862466,0.0,0.0,0.0,1.0,1.0,3.376583472205916,4.281518693838122,38.533668244542405,0.13671588613172844,0.0,0.8729485009974134,0.004252359512793125,0.006962664441144399,0.00024581032829426423,0.0,0.019446511728643257,0.0,0.0,0.0,0.0,0.0,3
IEEE69,gat,TP3,24,34368,1766.584869281207,-2410.097499635485,-21690.87749671936,50.598592523136524,0.0,7.258040159514576,0.9095954586648278,1.2502841154734294,0.951257566610972,1.0,3.0018746852874756,0.0,0.0,0.0,1.0,1.0,1.57725280330037,2.508969992702153,22.580729934319514,0.11877144821019514,0.0,0.9383136233320614,0.003765829559512838,0.006165320845095796,0.00018156170965686138,0.0,0.05071195760361312,0.0,0.0,0.0,0.0,0.0,3
IEEE69,gat,TP3,25,34464,1963.8676498610419,-2665.026861967864,-23985.241757710774,50.69287499668467,0.0,6.820372830937601,0.8972367751929496,1.1924022038777669,0.9536145329475404,1.0,3.0767784913380942,0.0,0.0,0.0,1.0,1.0,4.564563096840309,5.912274456438708,53.21047010794791,0.15559419046533948,0.0,1.3612104281857162,0.004989111758471638,0.01983026290192499,0.00028893489730341275,0.0,0.06373674425470881,0.0,0.0,0.0,0.0,0.0,3
IEEE69,gat,TP3,26,34560,1514.9338283528093,-2062.900833642041,-18566.10750277837,39.33462505935499,0.0,7.732388108678021,0.7488856296986341,1.2002662420272827,0.9530027111371356,1.0,2.8276542027791343,0.0,0.0,0.0,1.0,1.0,9.081957643787467,11.905178602255996,107.14660742030097,0.1370435536714549,0.0,1.801289856436038,0.004398984123197154,3.923054378486713e-06,3.4412757714036146e-08,0.0,7.295504633644996e-06,0.0,0.0,0.0,0.0,0.0,3
IEEE69,gat,TP3,27,34656,1178.8068098205451,-1627.2726659708553,-14645.453993737698,39.1827672453008,0.0,7.226100768591958,0.759618373380767,1.2393734852472942,0.9512842297554016,1.0013647079467773,2.9131078720092773,0.0,0.0,0.0,1.0,1.0,2.7280660836564263,4.169110239289858,37.52199215360956,0.14151083901596162,0.0,1.9065625707998475,0.005329614337069713,0.005981143765853205,0.00019894015229852358,0.002363743501311363,0.019938500343334414,0.0,0.0,0.0,0.0,0.0,3
IEEE69,gat,TP3,28,34752,930.1853040678984,-1291.927867377246,-11627.350806395212,37.98976200899665,0.0,6.911692375023798,0.6623638783478075,1.0518840750058491,0.9582175413767496,1.0,2.5390876134236655,0.0,0.0,0.0,1.0,1.0,5.256626657466397,7.342712664271363,66.08441397844251,0.12783490572597275,0.0,1.247467127292906,0.0041272085321880985,0.04722866759441553,0.0019450014964887807,0.0,0.06058162969351664,0.0,0.0,0.0,0.0,0.0,3
IEEE69,gat,TP3,29,34848,947.2535906964135,-1307.3129345222756,-11765.81641070048,35.65641382498408,0.0,6.561780869298647,0.6078519235468574,1.0613675912221272,0.9561959505081177,1.0,2.360473155975342,0.0,0.0,0.0,1.0,1.0,8.37969064119571,11.415939658925094,102.74345693032575,0.15196610298487404,0.0,1.3946997348814405,0.004918785530195941,0.051540128952470836,0.0019546265597124063,0.0,0.06430074739256303,0.0,0.0,0.0,0.0,0.0,3
IEEE69,gat,TP3,30,34944,1408.453553320164,-2120.108563458478,-19080.977071126297,46.31589136238215,0.0,7.308751539046027,0.8741620363046726,1.2619080543518066,0.9507810672124227,1.0,3.0503640174865723,0.0,0.0,9.0,1.0,1.0,2.109430446136351,2.546323884332654,22.916914958995203,0.12853764105513324,0.0,1.7133053008189554,0.004153906040968754,0.00891338603164252,0.0010162087350588187,0.0,0.06855554476594206,0.0,0.0,0.0,0.0,0.0,3
IEEE69,gat,TP4,0,32064,1111.715403555208,-1511.490801712981,-13603.417215416828,29.457250868786318,0.0,7.694993241333473,0.5304635309924682,1.062513828277588,0.9589125315348307,1.0067962408065796,2.5918149948120117,0.0,0.0,0.0,1.0,1.0,9.97589973718307,14.210659584691305,127.89593626222229,0.20848197624627274,0.0,2.280809465034733,0.010579237055786898,0.012790778117605803,0.00047354110478667354,0.0026290123611527683,0.03770987540058486,0.0,0.0,0.0,0.0,0.0,3
IEEE69,gat,TP4,1,32160,886.0197538418814,-1208.3832696336838,-10875.449426703155,24.22994526812597,0.056887626875389306,7.991412425169322,0.4524996584902207,1.0791466633478801,0.956060548623403,1.010814905166626,2.4170267581939697,0.0,0.0,0.0,1.0,1.0,27.801758559147558,37.10278714135151,333.9250842721632,0.7425081975026045,0.08688061697458783,1.7424627283025658,0.007799369044005667,0.021426734345881267,0.00048697189329109674,0.0018988799349781032,0.022015433701423778,0.0,0.0,0.0,0.0,0.0,3
IEEE69,gat,TP4,2,32256,1448.3701205584614,-1976.413685825136,-17787.723172426224,39.31958243525279,0.0,7.949724184878536,0.7492519735048214,1.1618009010950725,0.9541724522908529,1.0022434790929158,2.7678473790486655,0.0,0.0,0.0,1.0,1.0,6.881291558474626,9.257477676887177,83.31729909198494,0.1162360056644081,0.0,1.6087291582380618,0.005114056265963402,0.012837197492480277,0.00035052834999345426,0.0038858197746488273,0.15697498652666184,0.0,0.0,0.0,0.0,0.0,3
IEEE69,gat,TP4,3,32352,1660.5977440415036,-2253.300698792493,-20279.706289132435,38.753598094308735,0.0,7.854035223790478,0.7571974392566415,1.2279139359792073,0.9517675836881002,1.0007312695185344,2.8521641890207925,0.0,0.0,0.0,1.0,1.0,9.303877058554626,12.249096998872863,110.241872989858,0.12465776620117501,0.0,1.6894592995325102,0.004162191009495067,0.0074829450122962035,0.00021958103859797258,0.00126659596012788,0.02050868282511458,0.0,0.0,0.0,0.0,0.0,3
IEEE69,gat,TP4,4,32448,2053.556532798063,-2775.5342763264975,-24979.808486938477,45.41350354288428,0.0,7.31559179515003,0.8484533942408032,1.2249968846638997,0.9518386324246725,1.0,2.844741423924764,0.0,0.0,0.0,1.0,1.0,3.067791533131722,3.8395598971271316,34.556039074147314,0.1157215951590319,0.0,1.2144561893415255,0.0037583356251643983,0.01095264158540344,0.0003897175589051849,0.0,0.025153692521581485,0.0,0.0,0.0,0.0,0.0,3
IEEE69,gat,TP4,5,32544,2786.6612724692927,-3736.406882109466,-33627.66193898519,50.46833579777959,0.0,6.090527581278587,0.9112583653380474,1.1864948272705078,0.9536460439364115,1.0,2.9544166723887124,0.0,0.0,0.0,1.0,1.0,7.586841980284107,10.06419234438116,90.57773109942887,0.061052585010907774,0.0,0.06392611997331207,0.00206643269389458,0.02510529773577051,0.0013047551897845838,0.0,0.1100701790532942,0.0,0.0,0.0,0.0,0.0,3
IEEE69,gat,TP4,6,32640,2515.8891774512413,-3385.272224496912,-30467.45002047221,50.97850774903767,0.0,6.644045737085672,0.9182119272235366,1.196167786916097,0.953291654586792,1.0,3.035075823465983,0.0,0.0,0.0,1.0,1.0,12.561629070449312,16.36139911892675,147.25259207034046,0.06654366318297243,0.0,0.3578285828034669,0.0021886616223085594,0.02068770512941365,0.0005837373240356329,0.0,0.056773123478197685,0.0,0.0,0.0,0.0,0.0,3
IEEE69,gat,TP4,7,32736,1837.118260845352,-2473.760004008258,-22263.84003607432,39.05532964635902,0.0,7.144945236904739,0.6849520738340086,1.1037592490514119,0.9563417633374532,1.0002687374750774,2.571123997370402,0.0,0.0,0.0,1.0,1.0,3.681694253004278,4.537029806000689,40.83326825400654,0.09701470434616544,0.0,0.841496546516054,0.003165308146386711,0.027045036289217166,0.000905555108171102,0.0004654669607316939,0.07365125843131315,0.0,0.0,0.0,0.0,0.0,3
IEEE69,gat,TP4,8,32832,1250.9438802746638,-1697.927160224429,-15281.34444201986,27.56862817962761,0.1047251550293466,8.406137351347978,0.5201848128603564,1.1325432062149048,0.9537241458892822,1.0097764730453491,2.4924634297688804,0.0,0.0,0.3333333333333333,1.0,1.0,40.871742222562276,61.108634908861106,549.977714179751,0.7478955518416942,0.1604940071945454,1.4357915507650159,0.014355464754917604,0.010060666153954673,0.000492723759960368,0.005162014982586024,0.013520743283790278,0.0,0.0,0.5773502691896258,0.0,0.0,3
IEEE69,gat,TP4,9,32928,1964.3174251108812,-2679.7833118262115,-24118.0498064359,40.895481920906285,0.0,7.986817156324591,0.7971045194814602,1.258644421895345,0.9502347310384115,1.0003589391708374,2.944929361343384,0.0,0.0,1.3333333333333333,1.0,1.0,9.845451720841673,47.48124201244056,427.331178111965,0.10154281340575858,0.0,1.392403725550943,0.0032891946119702276,0.0252929167219315,0.00023723179016148376,0.000621700880717026,0.0429285915300147,0.0,0.0,2.3094010767585034,0.0,0.0,3
IEEE69,gat,TP4,10,33024,2269.76821363915,-3074.73791579847,-27672.64124218623,43.13725880235276,0.0,8.21085000741946,0.8334306983484162,1.2445313135782878,0.9514820774396261,1.0002996524175007,2.919727881749471,0.0,0.0,1.0,1.0,1.0,15.646538494310251,48.27944939140232,434.5150445226185,0.05801546142874391,0.0,1.147604525154154,0.001812714311843716,0.040156882038625025,0.002279228907679634,0.0005190132117222349,0.036809851922979156,0.0,0.0,1.7320508075688772,0.0,0.0,3
IEEE69,gat,TP4,11,33120,2280.620338964192,-3071.599570168389,-27644.396131515503,46.709881853337976,0.0,7.268090631047127,0.8555169459432364,1.1807325681050618,0.9539257486661277,1.0,2.8484336535135903,0.0,0.0,0.0,1.0,1.0,5.290474826341686,6.547538781051116,58.92784902946173,0.09531905909471691,0.0,0.9648276686045945,0.002991585984315031,0.04063021964052173,0.0021405184814756017,0.0,0.12289058271727168,0.0,0.0,0.0,0.0,0.0,3
IEEE69,gat,TP4,12,33216,1667.784097464764,-2257.9659311771393,-20321.693380594254,37.73992402255873,0.0,8.046212612358795,0.7196992428766357,1.1517901023228962,0.9548717935880026,1.0005364418029785,2.7170442740122476,0.0,0.0,0.0,1.0,1.0,3.5763897221150494,4.918458482084198,44.26612633875833,0.0821369569641622,0.0,1.4568498258712475,0.002739206210359514,0.005457300322209238,0.00019864010763415718,0.0005598667932497207,0.039949992714209785,0.0,0.0,0.0,0.0,0.0,3
IEEE69,gat,TP4,13,33312,1871.8058194579128,-2544.6690787209404,-22902.021708488464,48.48728114334225,0.0,6.992745738018994,0.891813815674848,1.2323602040608725,0.9514686266581217,1.0,2.9220476945241294,0.0,0.0,0.0,1.0,1.0,1.7365291197468202,2.6074922943597825,23.467430649242992,0.13318157415634493,0.0,1.1308541209114493,0.004248921034777921,0.006178466518539705,0.00016132700812574341,0.0,0.0774769118041476,0.0,0.0,0.0,0.0,0.0,3
IEEE69,gat,TP4,14,33408,1060.5789515928025,-1454.194514375042,-13087.750629375378,29.084370807318653,0.0,7.552868075281925,0.5506852256755034,1.1083118120829265,0.9563426971435547,1.0064470767974854,2.5962395668029785,0.0,0.0,0.3333333333333333,1.0,1.0,21.854877608226225,18.06984097839636,162.6285688055662,0.4993940296245579,0.0,2.0938935144018953,0.009960067929888782,0.019445863463489317,0.0007082986541789542,0.0020274689639111633,0.041386009579643286,0.0,0.0,0.5773502691896258,0.0,0.0,3
IEEE69,gat,TP4,15,33504,1117.9208044508314,-1521.1521627130332,-13690.3694644173,30.164619679040158,0.0,7.304043600911591,0.5435408575253354,1.1025619904200237,0.954964280128479,1.0049440066019695,2.4245527585347495,0.0,0.0,0.0,1.0,1.0,5.044045738645409,6.707337914979217,60.36604123481343,0.08038432671967545,0.0,1.2151924512098324,0.009100295235086714,0.015776895986695925,0.0007698222683855937,0.006658805627488376,0.027010476128645322,0.0,0.0,0.0,0.0,0.0,3
IEEE69,gat,TP4,16,33600,1620.121246001031,-2207.079750008053,-19863.71775007248,43.27943028608255,0.0,7.795679989834585,0.8084683900492059,1.1959420045216878,0.9528562426567079,1.0,2.8693977197011313,0.0,0.0,0.0,1.0,1.0,9.130029425990523,11.764379624205715,105.87941661784807,0.10887062936081457,0.0,1.2765493308369373,0.0035229703340221826,0.015161022185996685,0.0003176641663843057,0.0,0.1844215520012665,0.0,0.0,0.0,0.0,0.0,3
IEEE69,gat,TP4,17,33696,1891.987642551685,-2566.1253690454696,-23095.128321409225,45.12079164779565,0.0,7.827342549367892,0.8535058467338482,1.272298018137614,0.9502183397610983,1.0010102192560832,2.9730648199717202,0.0,0.0,0.0,1.0,1.0,8.068435890261062,10.504557733997162,94.54101960597497,0.10894806873267977,0.0,1.325089173266772,0.003756069006641715,0.011230397000814664,0.0003428887177828291,0.001749751078320454,0.031233134738125695,0.0,0.0,0.0,0.0,0.0,3
IEEE69,gat,TP4,18,33792,1964.2992302700338,-2665.7892983048055,-23992.103684743244,49.57373529055973,0.0,7.185770336351152,0.8988429252058268,1.2213565905888875,0.9521937767664591,1.0,2.9518163998921714,0.0,0.0,0.0,1.0,1.0,4.8854442607574455,5.903419892001279,53.13077902800906,0.1450886920218735,0.0,1.2554792477952834,0.004648349472685112,0.0055708193283049165,0.00018908106240566607,0.0,0.08214675225878591,0.0,0.0,0.0,0.0,0.0,3
IEEE69,gat,TP4,19,33888,1293.8987209555962,-1777.0454711273862,-15993.409240146479,39.15481313459829,0.0,7.680260052597453,0.7608343623578548,1.2368748982747395,0.9516401092211405,1.000748912493388,2.9230425357818604,0.0,0.0,0.0,1.0,1.0,6.786580546143137,9.117785977527706,82.06007379774896,0.1403053539085008,0.0,1.8619639010170148,0.0051590677657912965,0.00735125330116082,0.00022058577689574075,0.0012971544889708291,0.07065012943742144,0.0,0.0,0.0,0.0,0.0,3
IEEE69,gat,TP4,20,33984,1267.3116379590958,-1745.9594303501979,-15713.63487315178,41.00010582092467,0.0,7.5885819332715805,0.7886898935668998,1.2591666380564372,0.9507842461268107,1.0005310773849487,2.9856745402018228,0.0,0.0,0.0,1.0,1.0,3.747373711020411,5.309843772112139,47.788593949008536,0.1272269111471141,0.0,1.6795731864813066,0.00435466416495753,0.010170346412438257,0.00023287113139665503,0.0009198530134820162,0.07436746866798147,0.0,0.0,0.0,0.0,0.0,3
IEEE69,gat,TP4,21,34080,917.5832165635396,-1264.6558174568192,-11381.902357111374,31.25042135880479,0.0,7.307115309121791,0.5749021869980627,1.113540252049764,0.9566256602605184,1.006962815920512,2.652381261189779,0.0,0.0,0.0,1.0,1.0,8.646735640595486,12.694291399864515,114.24862259877847,0.1862396744106236,0.0,1.7084454363535317,0.012453894136707085,0.0227649823158632,0.0008955131249904912,0.0037759114952747685,0.05146550192074008,0.0,0.0,0.0,0.0,0.0,3
IEEE69,gat,TP4,22,34176,705.6346637750285,-974.3107467818039,-8768.796721036235,24.264520435234544,0.08752193365331079,7.586167409432446,0.45566638724671465,1.079503059387207,0.9557888309160868,1.0092785358428955,2.3890625635782876,0.0,0.0,0.0,1.0,1.0,27.5778751681941,37.13395810653048,334.20562295877403,0.748672399489389,0.14973677814524675,1.7334143554005321,0.012326663824629658,0.021335003902824255,0.0002864814355470547,0.001997054202256741,0.05899423767885921,0.0,0.0,0.0,0.0,0.0,3
IEEE69,gat,TP4,23,34272,1640.8512464466555,-2243.6610026182952,-20192.949023564655,47.88707851063639,0.0,7.147773081428908,0.8856650379796823,1.2483619054158528,0.9508947928746542,1.0,2.8897949854532876,0.0,0.0,0.0,1.0,1.0,2.6552658319165374,3.0906132531206785,27.815519278085954,0.11845561354457895,0.0,0.930997492285833,0.0037931098624050864,0.00704690687200852,0.0002493548423378805,0.0,0.01946385575852709,0.0,0.0,0.0,0.0,0.0,3
IEEE69,gat,TP4,24,34368,1766.5150814674653,-2410.6246142563996,-21695.621528307598,50.6001211432187,0.0,7.3074582985732865,0.9145305311928192,1.258217414220174,0.9511197209358215,1.0,3.006452719370524,0.0,0.0,0.0,1.0,1.0,1.099658713842807,1.8935691241592365,17.042122117430914,0.11454034915501891,0.0,0.9719285845472333,0.003671046142079688,0.006517501007459276,0.00019976605848349218,0.0,0.05404803702265325,0.0,0.0,0.0,0.0,0.0,3
IEEE69,gat,TP4,25,34464,1965.1422673339846,-2667.3036094948097,-24005.73248545329,50.69852082012378,0.0,6.874259912189984,0.9022008091625241,1.1934628089269002,0.9534870982170105,1.0,3.0652084350585938,0.0,0.0,0.0,1.0,1.0,5.2352613662493654,6.876496185435691,61.888465668920624,0.15301637435174958,0.0,1.3045484634612172,0.0049496536960279775,0.010790431154064105,0.00031348274574679387,0.0,0.04471756619524479,0.0,0.0,0.0,0.0,0.0,3
IEEE69,gat,TP4,26,34560,1515.7336273797557,-2064.377320024703,-18579.39588022232,39.342446670638985,0.0,7.870546610854498,0.7523805679132541,1.2081278959910076,0.9528585076332092,1.0,2.827864170074463,0.0,0.0,0.0,1.0,1.0,9.024745486162669,11.882827855576194,106.945450700183,0.14291216768624376,0.0,1.8851617636361233,0.004590275465182673,3.709695280707763e-05,1.6518123698891422e-06,0.0,5.079323037409113e-05,0.0,0.0,0.0,0.0,0.0,3
IEEE69,gat,TP4,27,34656,1179.5666790948444,-1628.7317577158963,-14658.58581944307,39.19190841402857,0.0,7.398738884469111,0.7633906811889674,1.2477977275848389,0.9511184096336365,1.0006287097930908,2.9218645890553794,0.0,0.0,0.0,1.0,1.0,2.956994147156316,4.507682336988122,40.56914103289258,0.14666957672406103,0.0,2.0449915269105894,0.005326281557116488,0.006063183780224285,0.00020172758567273556,0.001088957304849417,0.032718034761040404,0.0,0.0,0.0,0.0,0.0,3
IEEE69,gat,TP4,28,34752,930.6510959476878,-1293.1211813290913,-11638.090631961823,37.98463120502618,0.0,6.792569021261916,0.6670761228435569,1.0528189142545064,0.9582714637120565,1.0,2.5254441102345786,0.0,0.0,0.0,1.0,1.0,5.375679174908276,7.443393616934701,66.99054255241201,0.12601045129450084,0.0,1.1045062955841427,0.004108173665114107,0.052701207125866914,0.0020946519939629266,0.0,0.0796477567739391,0.0,0.0,0.0,0.0,0.0,3
IEEE69,gat,TP4,29,34848,947.4447330334536,-1308.173490241722,-11773.561412175497,35.65817423554317,0.0,6.5701483832009755,0.6127560314618878,1.0698691209157307,0.9559980432192484,1.0,2.360742171605428,0.0,0.0,0.0,1.0,1.0,8.647974153222162,11.746394679903624,105.71755211913134,0.15180529897575357,0.0,1.3649585727897433,0.004957687570995732,0.05180246274321598,0.001955266612046814,0.0,0.06439210240659887,0.0,0.0,0.0,0.0,0.0,3
IEEE69,gat,TP4,30,34944,1408.9026790882747,-2128.0684059284354,-19152.615653355915,46.31767469885204,0.0,7.290065087856967,0.879846662696865,1.2672142187754314,0.9507189591725668,1.0,3.0471129417419434,0.0,0.0,9.333333333333334,1.0,1.0,1.4362238790871527,12.387225502401442,111.48502952161633,0.12499420632896802,0.0,1.7134639171303176,0.00408172322341182,0.007201890710412918,0.0008678225538568098,0.0,0.06341965593398365,0.0,0.0,0.5773502691896255,0.0,0.0,3
IEEE69,gat,TP5,0,32064,1113.651863192588,-1512.9413908615154,-13616.47251775364,29.506016082500732,0.0,7.715117677637093,0.5218756109890011,1.0642249584197998,0.958376407623291,1.0073407491048176,2.616356293360392,0.0,0.0,0.0,1.0,1.0,12.318386021878576,17.253294763841108,155.2796528745697,0.25629779902651456,0.0,2.1141757951208775,0.010648074193789934,0.027168478757391954,0.0009224304885874498,0.0031788235787991565,0.06855681446601544,0.0,0.0,0.0,0.0,0.0,3
IEEE69,gat,TP5,1,32160,887.8500530595383,-1210.072852542555,-10890.655672882995,24.279710853520157,0.06599175374570597,8.065497414194718,0.4468979216698143,1.0722079277038574,0.9559943675994873,1.0110659996668498,2.439859946568807,0.0,0.0,0.0,1.0,1.0,28.705176965339266,38.647206297378034,347.8248566764002,0.7817841448484226,0.08137361477858127,1.6294824934408176,0.01073213079959719,0.01048379753406884,0.0004180553913346015,0.002041771423967915,0.022168300603870275,0.0,0.0,0.0,0.0,0.0,3
IEEE69,gat,TP5,2,32256,1446.8080300426175,-1972.7179561456044,-17754.46160531044,39.299332103853324,0.0,7.896434563107117,0.735912200063467,1.1437458992004395,0.9543149073918661,1.00218669573466,2.7741212050120034,0.0,0.0,0.0,1.0,1.0,7.483207749365864,9.970633675975234,89.73570308377631,0.11642613384856329,0.0,1.660532420597647,0.004985405570660596,0.012568020897935996,0.00034247576469035684,0.003787468113124947,0.15649713722591618,0.0,0.0,0.0,0.0,0.0,3
IEEE69,gat,TP5,3,32352,1658.990068857321,-2249.521354361817,-20245.69218925635,38.730292811156296,0.0,7.7775561279879115,0.7436604868206712,1.2076174418131511,0.9519983132680258,1.0006834268569946,2.8503011067708335,0.0,0.0,0.0,1.0,1.0,9.425389398140302,12.375970323581553,111.38373291223469,0.12373730394113507,0.0,1.6356562514145354,0.0040849727510332305,0.007014218697162,0.0002217131777826212,0.0011837300395719668,0.019957876713804626,0.0,0.0,0.0,0.0,0.0,3
IEEE69,gat,TP5,4,32448,2051.7602027476296,-2771.2826573760417,-24941.54391638438,45.38782861297549,0.0,7.218492061888184,0.8331000577244493,1.2048303286234539,0.9520389437675476,1.0,2.8425511519114175,0.0,0.0,0.0,1.0,1.0,3.9759444699571582,5.058774020591374,45.5289661853216,0.11531670118970747,0.0,1.1826190860279218,0.003701784312446048,0.011575082062910665,0.00038711669507736487,0.0,0.02685380456504707,0.0,0.0,0.0,0.0,0.0,3
IEEE69,gat,TP5,5,32544,2785.2031060484424,-3732.4417970445415,-33591.97617340088,50.44431863388886,0.0,6.073249556563415,0.8946772567513915,1.1659016609191895,0.9538205663363138,1.0,2.9286245505015054,0.0,0.0,0.0,1.0,1.0,7.38406203254456,9.786921465131272,88.08229318617963,0.05699288080005424,0.0,0.03622701981273354,0.001917130555461198,0.027932833436354332,0.0013109983183352651,0.0,0.11231956539237095,0.0,0.0,0.0,0.0,0.0,3
IEEE69,gat,TP5,6,32640,2514.4450054569284,-3381.285332220572,-30431.56798998515,50.95202163968045,0.0,6.593244066724934,0.9013109774225289,1.168459415435791,0.9535191257794698,1.0,3.003765265146891,0.0,0.0,0.0,1.0,1.0,12.646170078216167,16.45679880326784,148.11118922941057,0.0731503160969246,0.0,0.4870268660089667,0.0023331043052540706,0.0139710785136256,0.0006495813792284107,0.0,0.059860996775680374,0.0,0.0,0.0,0.0,0.0,3
IEEE69,gat,TP5,7,32736,1836.0492977685633,-2470.590399989376,-22235.313599904377,39.03652419555082,0.0,7.079960288342723,0.6706906735069222,1.0874095757802327,0.9564708272616068,1.0,2.573719342549642,0.0,0.0,0.0,1.0,1.0,3.9826269339678757,4.975883568564102,44.782952117074046,0.09841957547583981,0.0,0.8477943667655551,0.003171184323190018,0.03030447570110454,0.0010663599959104125,0.0,0.07932935352644135,0.0,0.0,0.0,0.0,0.0,3
IEEE69,gat,TP5,8,32832,1249.7006970131106,-1688.4752988715966,-15196.27768984437,27.556197677025306,0.12529573402699187,8.38246490804957,0.5107002452843719,1.1169157822926838,0.95383087793986,1.0103696982065837,2.4964316685994468,0.0,0.0,0.0,1.0,1.0,42.203308200704406,56.897655588124934,512.0789002931244,0.7569320972961499,0.17489487708994522,1.3296353427966587,0.015145781437108586,0.007486762124447007,0.0004048538706047275,0.004969669438343353,0.02224222092849878,0.0,0.0,0.0,0.0,0.0,3
IEEE69,gat,TP5,9,32928,1963.1523630286392,-2656.459754696599,-23908.13779226939,40.876717239192395,0.0,8.036864609735867,0.7826070632371639,1.2417238156000774,0.950395425160726,1.0003776550292969,2.9656882286071777,0.0,0.0,0.3333333333333333,1.0,1.0,9.509975663634702,16.735079097167464,150.61571187450733,0.0999027625251876,0.0,1.337062270940568,0.0032108436335029984,0.028518475926868306,0.00034390295534593196,0.0006541176984761004,0.06309854824052939,0.0,0.0,0.5773502691896258,0.0,0.0,3
IEEE69,gat,TP5,10,33024,2268.0308391622,-3057.281442606891,-27515.532983462017,43.1180254391387,0.0,8.267933926452281,0.8184878759913974,1.228243112564087,0.9516573349634805,1.0003077983856201,2.93658709526062,0.0,0.0,0.3333333333333333,1.0,1.0,14.757126016958905,27.47724068342372,247.29516615081485,0.058483370505696436,0.0,1.090652609455611,0.0017943058750154637,0.044519403625620624,0.0023263782639325907,0.0005331224423817207,0.060467120925240266,0.0,0.0,0.5773502691896258,0.0,0.0,3
IEEE69,gat,TP5,11,33120,2279.382687358039,-3068.0458907374627,-27612.413016637165,46.68391011186105,0.0,7.182884702761638,0.8399358346230454,1.1619545221328735,0.954090933005015,1.0,2.8473071257273355,0.0,0.0,0.0,1.0,1.0,5.378396156009548,6.665118455572885,59.986066100154986,0.09251031131282587,0.0,0.9173241602770601,0.0028630666218782156,0.04028625006457773,0.0021391929684366007,0.0,0.12272546382131928,0.0,0.0,0.0,0.0,0.0,3
IEEE69,gat,TP5,12,33216,1666.4075922000577,-2254.6217508051127,-20291.595757246017,37.725173968738126,0.0,8.086597565369003,0.7072401017778449,1.1347064971923828,0.9549674987792969,1.0008012056350708,2.718139330546061,0.0,0.0,0.0,1.0,1.0,4.734757784320595,6.446729095710233,58.0205618613963,0.09158518851116103,0.0,1.3275081577750023,0.003100632755260894,0.006941132517756766,0.00027256554953078535,0.0010603009997551568,0.03849144798836475,0.0,0.0,0.0,0.0,0.0,3
IEEE69,gat,TP5,13,33312,1870.0666602158356,-2540.373153015419,-22863.358377138775,48.46469010650494,0.0,6.986398383335948,0.8755076333052583,1.212604324022929,0.9516751567522684,1.0,2.927837053934733,0.0,0.0,0.0,1.0,1.0,2.500457520613687,3.4786120329948798,31.30750829695156,0.13070555837049883,0.0,1.119857662385351,0.0041445265574191125,0.005878937875466265,0.0001570942389279666,0.0,0.07091464478543281,0.0,0.0,0.0,0.0,0.0,3
IEEE69,gat,TP5,14,33408,1061.8100755081398,-1454.6085981014703,-13091.477382913232,29.122851074939433,0.0019181514976537668,7.59971939793257,0.541100405363573,1.0887189706166585,0.9565617839495341,1.0070536931355794,2.5928080876668296,0.0,0.0,0.3333333333333333,1.0,1.0,24.382487978517663,21.51949426119249,193.6754483507337,0.5518116314096496,0.003322335850550658,2.0432065253483516,0.010614952294909932,0.01983971878823973,0.0007066074510820489,0.0028515921925394098,0.04273201248886211,0.0,0.0,0.5773502691896258,0.0,0.0,3
IEEE69,gat,TP5,15,33504,1117.4244292429141,-1519.1626825012543,-13672.464142511288,30.156712738663956,0.0,7.355137364263125,0.532769073628717,1.0867455800374348,0.9550716280937195,1.0049678881963093,2.4290688037872314,0.0,0.0,0.0,1.0,1.0,5.162834613834829,6.837792795947168,61.540135163524916,0.07895022464561038,0.0,1.3346854070733445,0.008906072705990802,0.013040919178526816,0.0006871882569563597,0.006612633855815284,0.01989321961527198,0.0,0.0,0.0,0.0,0.0,3
IEEE69,gat,TP5,16,33600,1618.0188255466119,-2202.544000113452,-19822.89600102107,43.26243587443125,0.0,7.805538173681352,0.794025830924511,1.1770633856455486,0.9530348976453146,1.0,2.868506113688151,0.0,0.0,0.0,1.0,1.0,10.517578518906095,13.52932171326114,121.7638954193495,0.11071698837817479,0.0,1.3222271124554845,0.0035627995736790393,0.014652539278132445,0.0003200730594236232,0.0,0.18407299454117018,0.0,0.0,0.0,0.0,0.0,3
IEEE69,gat,TP5,17,33696,1891.091657574984,-2563.060119001954,-23067.541071017582,45.09603676481397,0.0,7.784085756163804,0.8382777259167696,1.2519977887471516,0.9504112601280212,1.0011614958445232,2.9718103408813477,0.0,0.0,0.0,1.0,1.0,8.18070414569096,10.640128829562341,95.7611594660627,0.11122095992251334,0.0,1.3411421128622727,0.003833261444925588,0.010917929160843902,0.00034264782847901517,0.002011769815494055,0.031011535425134053,0.0,0.0,0.0,0.0,0.0,3
IEEE69,gat,TP5,18,33792,1962.1012594140195,-2660.9257108193856,-23948.33139737447,49.548213528174365,0.0,7.163870801972819,0.8827859219163656,1.2023999293645222,0.9523400863011678,1.0,2.918872674306234,0.0,0.0,0.0,1.0,1.0,2.724554383086489,2.9908208552582263,26.917387697323253,0.14202658777423882,0.0,1.2572787940150258,0.004493983445553315,0.005466460077224987,0.00018802124663956424,0.0,0.10821445024964046,0.0,0.0,0.0,0.0,0.0,3
IEEE69,gat,TP5,19,33888,1292.502284219023,-1773.5281451631474,-15961.753306468328,39.127320622240504,0.0,7.516808888926266,0.7471999074849817,1.2172824939092,0.9518134196599325,1.0007127126057942,2.9253682295481362,0.0,0.0,0.0,1.0,1.0,7.417965224851302,9.888075506613491,88.99267955952013,0.13664240222562152,0.0,1.7500948842226236,0.0049770045913233064,0.0071615013551698525,0.0002179704073098506,0.0012344544444305178,0.0764068052616655,0.0,0.0,0.0,0.0,0.0,3
IEEE69,gat,TP5,20,33984,1266.3332070837357,-1742.9213100009495,-15686.291790008545,40.97182689665243,0.0,7.449338025472277,0.7745402420146598,1.239401896794637,0.9509836832682291,1.00077490011851,2.998722712198893,0.0,0.0,0.0,1.0,1.0,3.7473544333368976,5.274848141055926,47.473633269503075,0.1229714793177215,0.0,1.6352197354958824,0.004260234106776247,0.009457314072769252,0.00026136489477726675,0.0013421663760503082,0.09366823189174095,0.0,0.0,0.0,0.0,0.0,3
IEEE69,gat,TP5,21,34080,918.6113166947504,-1264.8522715088393,-11383.670443579555,31.294530102768885,0.0,7.403278370608148,0.565691904268331,1.0975178082784016,0.956703782081604,1.0080442031224568,2.654223362604777,0.0,0.0,0.0,1.0,1.0,11.40743598635755,16.356891121249966,147.2120200912509,0.22884327671314153,0.0,1.7764211472026636,0.01287610786519071,0.021315226206695705,0.0008464305762665881,0.005068013293606051,0.04969933769420355,0.0,0.0,0.0,0.0,0.0,3
IEEE69,gat,TP5,22,34176,706.9391892157482,-975.4594810693352,-8779.135329624018,24.316649925611106,0.11588849305821203,7.859954052283796,0.45108085229165024,1.0620638926823933,0.9559541344642639,1.0106309254964192,2.389895518620809,0.0,0.0,0.0,1.0,1.0,26.443119032794662,36.11903432653083,325.07130893877746,0.6924995758503238,0.13255375255817106,1.9573454060405895,0.013657733999405154,0.02187479409712654,0.00036148484401575743,0.0023110436208247584,0.06065637615354442,0.0,0.0,0.0,0.0,0.0,3
IEEE69,gat,TP5,23,34272,1639.8131170698653,-2240.3531654499197,-20163.178489049275,47.87377677589831,0.0,7.071122590203429,0.8700130528046025,1.22856601079305,0.9510807394981384,1.0,2.8886706829071045,0.0,0.0,0.0,1.0,1.0,3.3928417761356373,4.29914756465419,38.692328081885954,0.13621924214334494,0.0,0.8826178387914758,0.0042298108732989155,0.006890810603054221,0.000245810328294128,0.0,0.01944843884307521,0.0,0.0,0.0,0.0,0.0,3
IEEE69,gat,TP5,24,34368,1765.854742867239,-2407.721145241349,-21669.49030717214,50.57711744551162,0.0,7.265179163158901,0.8981594515757427,1.2386569579442341,0.9512634873390198,1.0,2.995931704839071,0.0,0.0,0.0,1.0,1.0,1.5270223359009818,2.4415275844956437,21.97374826045979,0.11832804350623542,0.0,0.9498777740823934,0.0037356656197840856,0.006073782909597805,0.0001814928841415695,0.0,0.04944157405833762,0.0,0.0,0.0,0.0,0.0,3
IEEE69,gat,TP5,25,34464,1963.1912902048496,-2662.7496115366616,-23964.746503829956,50.67324654249982,0.0,6.818435504317285,0.886034938817223,1.1806589365005493,0.9536212484041849,1.0,3.075605789820353,0.0,0.0,0.0,1.0,1.0,4.542278402813028,5.89247919451716,53.03231275065807,0.15583833427793134,0.0,1.368522967634639,0.004982666953410021,0.018494445157745062,0.00028645384774860183,0.0,0.06369985546842381,0.0,0.0,0.0,0.0,0.0,3
IEEE69,gat,TP5,26,34560,1514.2642925539556,-2060.797582449736,-18547.178242047627,39.31613076416128,0.0,7.734115588884944,0.739006910680069,1.1892040570576985,0.9530080755551656,1.0,2.8268593152364097,0.0,0.0,0.0,1.0,1.0,9.091961671410232,11.919618493316513,107.27656643984943,0.13768573715825405,0.0,1.8106078554344274,0.004402152179579782,1.0186176280999069e-05,1.3765103071993472e-07,0.0,1.8032285037924422e-05,0.0,0.0,0.0,0.0,0.0,3
IEEE69,gat,TP5,27,34656,1178.2598277133138,-1625.348625710717,-14628.137631396452,39.16441481146872,0.0,7.224583771030411,0.7498991340398788,1.2281509240468342,0.9512898723284403,1.0012400945027669,2.9127415815989175,0.0,0.0,0.0,1.0,1.0,2.7183154135060383,4.150212553986686,37.35191298587947,0.14143333331971386,0.0,1.9035513997162818,0.00528170572009678,0.005915621875180919,0.00019900897781383948,0.0021479066849792133,0.020577782576969645,0.0,0.0,0.0,0.0,0.0,3
IEEE69,gat,TP5,28,34752,929.9530131697006,-1290.5775166264286,-11615.197649637857,37.97869022427977,0.0,6.917510826646875,0.6539634716593556,1.0424871842066448,0.9582214951515198,1.0,2.538358290990194,0.0,0.0,0.0,1.0,1.0,5.318406423064336,7.423679107664501,66.81311196898145,0.12834498413298942,0.0,1.253001512441266,0.004124019041224425,0.04687772815980812,0.0019449473955898441,0.0,0.060652888230333726,0.0,0.0,0.0,0.0,0.0,3
IEEE69,gat,TP5,29,34848,947.0039941854228,-1305.9946132236057,-11753.951519012451,35.646878282875086,0.0,6.566494159148171,0.59988833239509,1.0527401963869731,0.9561991095542908,1.0,2.3599323431650796,0.0,0.0,0.0,1.0,1.0,8.3919814554844,11.430836640918587,102.87752976826621,0.1522580980886254,0.0,1.4018906640371667,0.004907912374543655,0.050935209183844705,0.001954368999947676,0.0,0.06437067554656598,0.0,0.0,0.0,0.0,0.0,3
IEEE69,gat,TP5,30,34944,1407.8343821708459,-2117.975512398614,-19061.779611587524,46.29633930451403,0.0,7.319925227946187,0.8635195539229445,1.2503057718276978,0.9507871071497599,1.0,3.0494542121887207,0.0,0.0,9.0,1.0,1.0,2.1202196385780496,2.5614477861477596,23.05303007533299,0.12953615931791487,0.0,1.7092820092544814,0.004169954867795857,0.009131941458190547,0.0010165012439362561,0.0,0.06824919313121008,0.0,0.0,0.0,0.0,0.0,3
IEEE69,gat,TP6,0,32064,1113.1640652236686,-1510.5476347781994,-13594.928713003794,29.49161677826311,0.0,7.657529528230881,0.5078448282761706,1.003113051255544,0.9623115062713623,1.0065449873606365,2.613921880722046,0.0,0.0,0.0,1.0,1.0,11.919328278149994,16.41537288325361,147.73835594928215,0.24540686904241857,0.0,2.1023559255117124,0.007802124885034472,0.029315861460214192,0.0009742746546060077,0.002578438441875126,0.07232687896878255,0.0,0.0,0.0,0.0,0.0,3
IEEE69,gat,TP6,1,32160,885.6195707666835,-1205.4053307462625,-10848.64797671636,24.219973679893652,0.06965582530741693,8.045578366295496,0.4326601374066538,1.0050383408864338,0.9605602820714315,1.0098936955134075,2.4390698273976645,0.0,0.0,0.0,1.0,1.0,26.98145663876843,35.876316387596994,322.88684748837375,0.7456595595856139,0.08003489838493807,1.6572750139251864,0.00616844447880457,0.010733970476690759,0.0005857758670867643,0.002071959255630814,0.03342722450683382,0.0,0.0,0.0,0.0,0.0,3
IEEE69,gat,TP6,2,32256,1446.9596637504392,-1969.8990941091822,-17729.09184698264,39.28852248414702,0.0,7.91370610257372,0.7117460227260987,1.0776955684026082,0.9586206674575806,1.0017612775166829,2.7845191160837808,0.0,0.0,0.0,1.0,1.0,7.340627401342171,9.736245469751477,87.62620922776361,0.120451342505941,0.0,1.6764782271496257,0.004251166072691674,0.011540404725312583,0.00033065667422080877,0.0030506221451236295,0.1783054545110593,0.0,0.0,0.0,0.0,0.0,3
IEEE69,gat,TP6,3,32352,1659.241447675392,-2246.752583865766,-20220.773254791897,38.71785367137686,0.0,7.813281316383621,0.718857151352697,1.1314034859339397,0.9567326903343201,1.0,2.8279151121775308,0.0,0.0,0.0,1.0,1.0,10.154310327143385,13.266969110355465,119.40272199319925,0.11856470526756686,0.0,1.7090847610804867,0.0034400811845183366,0.011732331084876592,0.00041469957624628174,0.0,0.030956904988781408,0.0,0.0,0.0,0.0,0.0,3
IEEE69,gat,TP6,4,32448,2052.218848710661,-2768.0090852666785,-24912.081767400105,45.37098479855977,0.0,7.180756976701923,0.8020958888034025,1.1339650551478069,0.956606129805247,1.0,2.836878538131714,0.0,0.0,0.0,1.0,1.0,5.195230039018264,6.787463457956436,61.087171121611654,0.11480166098705802,0.0,1.1914913036709318,0.0033775155253646864,0.00943360395806864,0.00030304882065049476,0.0,0.026334146673322064,0.0,0.0,0.0,0.0,0.0,3
IEEE69,gat,TP6,5,32544,2784.249495226937,-3726.9242062038843,-33542.31785583496,50.422762063630074,0.0,6.004861671680513,0.8604044324407975,1.1122243801752727,0.9576385021209717,1.0,2.923855781555176,0.0,0.0,0.0,1.0,1.0,7.513095509680577,9.93939052075282,89.45451468677743,0.054681301776604685,0.0,0.06738441356934628,0.0016695606488542404,0.03541516985920603,0.0017043266828475525,0.0,0.11304997652275675,0.0,0.0,0.0,0.0,0.0,3
IEEE69,gat,TP6,6,32640,2513.634736359801,-3375.8939077589243,-30383.045169830322,50.93035906627358,0.0,6.567303189503705,0.8665551756405168,1.0860495567321777,0.9588229457537333,1.0,3.0049916903177896,0.0,0.0,0.0,1.0,1.0,12.651360343293094,16.463563515927977,148.17207164335366,0.06486238822868587,0.0,0.4058169533399269,0.0019104378303047202,0.03993312970337337,0.002218879240900118,0.0,0.06466665547199693,0.0,0.0,0.0,0.0,0.0,3
IEEE69,gat,TP6,7,32736,1836.1129256280974,-2467.5794199484367,-22208.21477953593,39.02152710641517,0.0,7.04363083738847,0.6459045215613312,1.0176504453023274,0.9608145952224731,1.0,2.568993886311849,0.0,0.0,0.0,1.0,1.0,4.5507001424222535,5.764346991459849,51.87912292314,0.09463641312084618,0.0,0.818450061937582,0.002808287475570792,0.033198359358863325,0.001141007298210947,0.0,0.08211210042918507,0.0,0.0,0.0,0.0,0.0,3
IEEE69,gat,TP6,8,32832,1252.2044791127416,-1689.652682026779,-15206.874138241013,27.58527120977773,0.13092584821722078,8.323930211015089,0.49402957306139994,1.0459047555923462,0.9583318034807841,1.0095218817392986,2.4902940591176352,0.0,0.0,0.0,1.0,1.0,43.42619837856435,58.14336918826761,523.2903226944079,0.7606652746167453,0.17262522716516304,1.4190288098034523,0.012454246959999728,0.007244193217798848,0.00034252403493251785,0.003998963552448118,0.026150849610515423,0.0,0.0,0.0,0.0,0.0,3
IEEE69,gat,TP6,9,32928,1962.8262143639713,-2646.0083592026326,-23814.07523282369,40.86885513004507,0.0,8.132734610408631,0.7556773438635799,1.1692047119140625,0.9550422430038452,1.0001060962677002,2.955798784891764,0.0,0.0,0.0,1.0,1.0,9.336642442785644,12.24917008306187,110.24253074756149,0.09652252809748567,0.0,1.4087976019234834,0.002791987403862593,0.030184454243977213,0.00046167358128127025,0.00018376412615016708,0.048830131755378675,0.0,0.0,0.0,0.0,0.0,3
IEEE69,gat,TP6,10,33024,2268.6157644312702,-3047.5689350057532,-27428.120415051777,43.096536965296316,0.0,8.21454172364633,0.7879948750552203,1.1574907302856445,0.9561484654744467,1.0001009305318196,2.923093636830648,0.0,0.0,0.0,1.0,1.0,12.236603839197636,15.79442528502099,142.14982756518992,0.05953194344269863,0.0,1.1328050403284304,0.0017232532320894912,0.0392023299691101,0.0021677714781648187,0.00017481680914658486,0.04586671088090224,0.0,0.0,0.0,0.0,0.0,3
IEEE69,gat,TP6,11,33120,2278.7260596545825,-3063.3871115225334,-27570.4840037028,46.668935677029424,0.0,7.168986351756641,0.8094492633309628,1.0963492790857952,0.9583732684453329,1.0,2.8439204692840576,0.0,0.0,0.0,1.0,1.0,5.874297402394786,7.336256282498353,66.02630654248834,0.09141781102344057,0.0,0.9067611264128289,0.002615438798203969,0.03577788367516493,0.0018889416689218115,0.0,0.12224581510833595,0.0,0.0,0.0,0.0,0.0,3
IEEE69,gat,TP6,12,33216,1666.7061645055173,-2252.347771750556,-20271.129945755005,37.71571687686119,0.0,8.091948277327544,0.6859096046537161,1.069528579711914,0.9591939051946005,1.0009652773539226,2.7128875255584717,0.0,0.0,0.0,1.0,1.0,4.79322472881104,6.479964619238792,58.31968157314989,0.09052993391525005,0.0,1.4935809958407262,0.002803434499776226,0.007707668152275148,0.00029650070582098775,0.0016719094203894282,0.04403993767847624,0.0,0.0,0.0,0.0,0.0,3
IEEE69,gat,TP6,13,33312,1870.1143018728696,-2536.257359045523,-22826.31623140971,48.44728094782254,0.0,7.00155202927936,0.8420336325135497,1.1421287854512532,0.9562362631162008,1.0,2.9407299359639487,0.0,0.0,0.0,1.0,1.0,3.122296279547038,4.301113790829883,38.71002411746641,0.133018845014908,0.0,1.1847555128255924,0.00385042931168327,0.005762416277873701,0.0001448777099423682,0.0,0.06281076675341557,0.0,0.0,0.0,0.0,0.0,3
IEEE69,gat,TP6,14,33408,1059.8822052178805,-1449.658320857419,-13046.92488771677,29.062513285911724,0.0,7.646012680922662,0.5215731070687374,1.0195975303649902,0.9606447815895081,1.0052128632863362,2.589630921681722,0.0,0.0,0.3333333333333333,1.0,1.0,22.502508942451172,18.556657285529134,167.00991556976354,0.5000417632136861,0.0,2.112579970397851,0.007275402854930258,0.01620142446415871,0.0005087134287729829,0.001462320274392764,0.025713491070965676,0.0,0.0,0.5773502691896258,0.0,0.0,3
IEEE69,gat,TP6,15,33504,1117.3047831095844,-1516.8629464164926,-13651.766517748436,30.144433344179316,0.0,7.312626536847087,0.5155823456330432,1.0173708995183308,0.9593997597694397,1.0042235056559246,2.418806552886963,0.0,0.0,0.0,1.0,1.0,5.573361195399069,7.318862311761778,65.86976080585572,0.08103736001178104,0.0,1.406916118781026,0.00644722149690752,0.010671255543262502,0.0005868694118976717,0.0059277501868691415,0.010292643033261016,0.0,0.0,0.0,0.0,0.0,3
IEEE69,gat,TP6,16,33600,1618.5526715947854,-2199.8341953312906,-19798.507757981617,43.24844419184154,0.0,7.835227024765388,0.7667542960908676,1.1093673706054685,0.9574631452560425,1.0,2.865777015686035,0.0,0.0,0.0,1.0,1.0,9.75891516025698,12.571845011804003,113.14660510623592,0.11290381630343889,0.0,1.3370283865728574,0.003296910159140821,0.013786026039094557,0.0003206580763048419,0.0,0.18458094763885136,0.0,0.0,0.0,0.0,0.0,3
IEEE69,gat,TP6,17,33696,1891.2843992474666,-2559.5210693853874,-23035.689624468487,45.079829878964404,0.0,7.794864455643521,0.8079108566873603,1.1800869305928547,0.9551020463307699,1.0004283984502156,2.972975810368856,0.0,0.0,0.0,1.0,1.0,8.404921176634389,10.935800273715614,98.42220246344225,0.11288962212678655,0.0,1.3400506321148673,0.003388444603677981,0.010277438914419436,0.0003300871719161883,0.0007420078816573172,0.036609703938894,0.0,0.0,0.0,0.0,0.0,3
IEEE69,gat,TP6,18,33792,1961.5362964036115,-2656.1213731412536,-23905.092358271282,49.532003421012384,0.0,7.172977147632807,0.8501603448142608,1.1331929763158162,0.9568097591400146,1.0,2.930081288019816,0.0,0.0,0.0,1.0,1.0,2.7273028511627713,3.013634144905809,27.122707304151675,0.14438123517216786,0.0,1.3284590034125001,0.004166760924215672,0.0033282307587283928,0.0001060257232462783,0.0,0.10213933714480355,0.0,0.0,0.0,0.0,0.0,3
IEEE69,gat,TP6,19,33888,1292.4905176788982,-1770.503167161235,-15934.528504451117,39.11923748735582,0.0,7.650690045125842,0.723077207389805,1.148076852162679,0.9563242594401041,1.0,2.932488520940145,0.0,0.0,0.0,1.0,1.0,7.2472403955453855,9.53355831371021,85.80202482339179,0.1378980280439243,0.0,1.8975528926373382,0.003989374385230914,0.006728932990805133,0.0001965312592590939,0.0,0.09438153837081516,0.0,0.0,0.0,0.0,0.0,3
IEEE69,gat,TP6,20,33984,1265.8454454985433,-1739.1111998293136,-15652.000798463821,40.95744978652942,0.0,7.487302411101033,0.7490966642896334,1.168897867202759,0.9556101759274801,1.0,3.018423398335775,0.0,0.0,0.0,1.0,1.0,4.1147114080038385,5.760506852935523,51.844561676419545,0.13834459188050044,0.0,1.931714827334183,0.0040493601026547615,0.008796726775844851,0.00027722917607973574,0.0,0.13338566603075475,0.0,0.0,0.0,0.0,0.0,3
IEEE69,gat,TP6,21,34080,914.4530061004162,-1256.5361558309307,-11308.825402478376,31.157297668066715,0.0,7.354227190809822,0.5424714636885458,1.0319628715515137,0.9609164396921793,1.0053163369496663,2.651697874069214,0.0,0.0,0.0,1.0,1.0,8.588670325149614,11.846719919572113,106.62047927615092,0.13865849707620884,0.0,2.0704349771503012,0.005398031482257241,0.01626658930262575,0.0006280152236412517,0.003086577206748546,0.05018308252366145,0.0,0.0,0.0,0.0,0.0,3
IEEE69,gat,TP6,22,34176,704.180297181019,-970.0714788516915,-8730.643309665224,24.232070146466906,0.10824700970871716,7.917891685598387,0.43674307813247043,0.9800002177556356,0.9609915018081665,1.0092826684315999,2.3639372189839682,0.0,0.0,0.0,1.0,1.0,26.479088286488828,35.74872418657609,321.7385176791836,0.7142195894654509,0.13567305482058478,2.030272451352213,0.010379027110851261,0.04796258429440344,0.0017636699180584095,0.0020496594204526034,0.08775425975948592,0.0,0.0,0.0,0.0,0.0,3
IEEE69,gat,TP6,23,34272,1639.5767713587684,-2235.9433211927058,-20123.489890734356,47.85754923441888,0.0,7.1226118668925595,0.8371365217285024,1.1571596463521323,0.9557030200958253,1.0,2.8850416342417398,0.0,0.0,0.0,1.0,1.0,3.7060040833881156,4.747454338963213,42.72708905066921,0.1383380724150686,0.0,0.9808545703966793,0.0039041435068095987,0.0065063512739627,0.00022258171684256192,0.0,0.01929950042772322,0.0,0.0,0.0,0.0,0.0,3
IEEE69,gat,TP6,24,34368,1765.4583402701048,-2403.2245639165244,-21629.02107524872,50.55923431374427,0.0,7.262547780691545,0.8662238294879595,1.1693822542826335,0.955794095993042,1.0,2.9858734607696533,0.0,0.0,0.0,1.0,1.0,1.6405249341949018,2.5274655834308963,22.74719025088003,0.11202247933929656,0.0,0.9482398156928921,0.0032564422126026005,0.005877699016188849,0.0001653877135351744,0.0,0.05203701061412993,0.0,0.0,0.0,0.0,0.0,3
IEEE69,gat,TP6,25,34464,1963.0857875370775,-2658.6633314203336,-23927.969982783,50.657908628563796,0.0,6.821212411974117,0.8543950700097613,1.118582844734192,0.9579532146453857,1.0,3.0722453594207764,0.0,0.0,0.0,1.0,1.0,4.191369954202021,5.476669781558713,49.2900280340326,0.1537184135957206,0.0,1.3735982881132576,0.004489947481728129,0.023213535475459273,0.00014483304412564238,0.0,0.06550447438925071,0.0,0.0,0.0,0.0,0.0,3
IEEE69,gat,TP6,26,34560,1513.8227464722243,-2057.4182795506936,-18516.76451595624,39.308761577609225,0.0,7.789514603675294,0.7165313209924432,1.1221355597178142,0.957383930683136,1.0,2.8236114184061685,0.0,0.0,0.0,1.0,1.0,8.618344198115887,11.238264706078578,101.14438235470699,0.13945352066896655,0.0,1.8939378495493757,0.004044340982011253,1.1080907981323638e-05,1.0323827314210842e-07,0.0,1.975328263525144e-05,0.0,0.0,0.0,0.0,0.0,3
IEEE69,gat,TP6,27,34656,1178.2974875049833,-1622.283471957401,-14600.55124761661,39.15664960102596,0.0,7.3482849415278855,0.7249415655516916,1.1578675508499148,0.9558592240015665,1.0002884070078533,2.9166371822357178,0.0,0.0,0.0,1.0,1.0,2.7855047230122496,4.094094515882879,36.846850642945654,0.14299147604103912,0.0,2.039033598886408,0.004237220646295382,0.00546646656160188,0.00017712246391303268,0.0004995355908606094,0.03126959829293171,0.0,0.0,0.0,0.0,0.0,3
IEEE69,gat,TP6,28,34752,929.7716873613223,-1287.3550572395325,-11586.195515155792,37.969863431391154,0.0,6.971397815601414,0.630034082258741,0.9772846698760986,0.9622896114985148,1.0,2.529757340749105,0.0,0.0,0.0,1.0,1.0,5.411246976444839,7.503085291863822,67.52776762677381,0.12761687824357418,0.0,1.2983904580685621,0.003755828294575285,0.04093575219789007,0.0016262604970572663,0.0,0.06892811080759649,0.0,0.0,0.0,0.0,0.0,3
IEEE69,gat,TP6,29,34848,947.1299519577591,-1303.5803931377552,-11732.223538239798,35.63997986405709,0.0,6.617380440851175,0.5792344709237417,0.9856844544410706,0.9604426622390748,1.0,2.354678233464559,0.0,0.0,0.0,1.0,1.0,8.907875766305239,12.093879320873775,108.84491388786526,0.15668676561926997,0.0,1.4916248461600325,0.004625402706900084,0.048162647031790386,0.0017672650799532622,0.0,0.0604141437518569,0.0,0.0,0.0,0.0,0.0,3
IEEE69,gat,TP6,30,34944,1407.1230241249275,-1933.0041491190593,-17397.037342071533,46.274502439936306,0.0,7.221321689037125,0.831099271774292,1.22006090482076,0.9535920222600301,1.0,3.091332991917928,0.0,0.0,0.0,1.0,1.0,2.911760367636268,3.67529884081379,33.07768956732377,0.12304465888545439,0.0,1.5136282796768572,0.0036063497550536372,0.0038411520151463924,5.134383449741956e-05,0.0,0.02655896216052297,0.0,0.0,0.0,0.0,0.0,3
IEEE69,gat,TP7,0,32064,1114.0453516529467,-1514.1866310829366,-13627.679679746429,29.516370514960727,0.0,7.7179434102392195,0.527758397989803,1.0689738591512044,0.9584755698839823,1.0073132912317913,2.616842190424601,0.0,0.0,0.0,1.0,1.0,12.27967942740126,17.16058312412132,154.4452481170903,0.2550497178230031,0.0,2.1215173538270986,0.01030457256977657,0.027411784135178224,0.00092277903921643,0.003097381407667902,0.06851434985134262,0.0,0.0,0.0,0.0,0.0,3
IEEE69,gat,TP7,1,32160,888.1122117321983,-1211.064121623834,-10899.577094614506,24.287136498637896,0.06598019928702437,8.069829861013249,0.4521135158008999,1.0760130087534587,0.9560725688934326,1.0110216935475667,2.439847389856974,0.0,0.0,0.0,1.0,1.0,28.676238778879682,38.540426752351905,346.863840771166,0.7809448058038582,0.08138925410707579,1.6287904527367252,0.010193100691095153,0.010722790196327669,0.0004199743778435286,0.001986735740638975,0.021702351191317852,0.0,0.0,0.0,0.0,0.0,3
IEEE69,gat,TP7,2,32256,1447.3641246332743,-1974.2862851001598,-17768.57656590144,39.31475221397017,0.0,7.900902592351966,0.7426862474530935,1.148259957631429,0.9544079105059305,1.0021426677703857,2.775488535563151,0.0,0.0,0.0,1.0,1.0,7.4732776668946235,9.947656131307346,89.52890518176477,0.11652324107778175,0.0,1.663971628376219,0.004909889073087049,0.012572632207466752,0.000342768274426414,0.0037112094420484304,0.15767409208778282,0.0,0.0,0.0,0.0,0.0,3
IEEE69,gat,TP7,3,32352,1659.6331074617958,-2251.186773052922,-20260.6809574763,38.74590770171109,0.0,7.77220692672531,0.7503076253665818,1.211242437362671,0.9521297415097555,1.0006811221440632,2.850099245707194,0.0,0.0,0.0,1.0,1.0,9.351270789515358,12.273924194551618,110.4653177509631,0.12338288546590781,0.0,1.6361284249841683,0.004062249564025614,0.006907887884687844,0.0002224847329270796,0.0011797381596779398,0.01948843677870224,0.0,0.0,0.0,0.0,0.0,3
IEEE69,gat,TP7,4,32448,2052.4884152593436,-2773.003113075539,-24957.02801767985,45.40373621906665,0.0,7.225276526464224,0.8393001999292108,1.2091523011525471,0.952160120010376,1.0,2.84352437655131,0.0,0.0,0.0,1.0,1.0,3.94872654405738,5.024532565147327,45.220793086327255,0.11510744138218207,0.0,1.1795041079496478,0.0036918188009559005,0.011132927053551032,0.00037278344526730785,0.0,0.026386332840475497,0.0,0.0,0.0,0.0,0.0,3
IEEE69,gat,TP7,5,32544,2786.0642018214544,-3734.341949039035,-33609.07754135132,50.45988950693743,0.0,6.073712562533352,0.9009332654790746,1.170512278874715,0.953931987285614,1.0,2.9295667012532554,0.0,0.0,0.0,1.0,1.0,7.3808644538284405,9.782740143725826,88.04466129353726,0.0571972281928838,0.0,0.037322609002575384,0.0019163458187687055,0.02835550822502796,0.0013153162972040894,0.0,0.11222391105946641,0.0,0.0,0.0,0.0,0.0,3
IEEE69,gat,TP7,6,32640,2515.2885399961515,-3383.149277863679,-30448.343500773113,50.96804216680516,0.0,6.599789763416415,0.9074596735752292,1.1719781557718914,0.9536702434221903,1.0,3.0041798750559487,0.0,0.0,0.0,1.0,1.0,12.673890820995922,16.495590783978447,148.46031705580745,0.0733631993690801,0.0,0.4883866679357128,0.0023353794373365357,0.014860198940363176,0.0007009985943776038,0.0,0.06033745542291763,0.0,0.0,0.0,0.0,0.0,3
IEEE69,gat,TP7,7,32736,1836.5203816999328,-2471.7104704115122,-22245.394233703613,39.04575036159128,0.0,7.079675820561174,0.6747589440395435,1.0905570983886719,0.9566107193628947,1.0,2.574108123779297,0.0,0.0,0.0,1.0,1.0,3.975346952508058,4.965724193432075,44.691517740888074,0.09846486599194935,0.0,0.8500520647033472,0.003169746401803562,0.030835384224170398,0.0010817511725819877,0.0,0.07944596092965374,0.0,0.0,0.0,0.0,0.0,3
IEEE69,gat,TP7,8,32832,1250.0425408641124,-1689.4152785487197,-15204.737506938478,27.56282473835934,0.1253679394662018,8.38236154767647,0.514669118863013,1.1194993257522583,0.9539636174837748,1.0103891690572102,2.496424436569214,0.0,0.0,0.0,1.0,1.0,42.156275651453875,56.80470266357596,511.24232397218424,0.7551772435474321,0.17485639385273266,1.3293138552081445,0.014901704602858407,0.007371570082432694,0.0004057033409725552,0.004931932382519835,0.022631939533034977,0.0,0.0,0.0,0.0,0.0,3
IEEE69,gat,TP7,9,32928,1964.0137827709461,-2658.383673217562,-23925.453058958054,40.89369468051551,0.0,8.043200846033551,0.7890497466756238,1.2453777790069578,0.9505507548650106,1.0003458261489868,2.9673338731129966,0.0,0.0,0.3333333333333333,1.0,1.0,9.435478645135147,16.6149651246356,149.5346861217179,0.09963172959909537,0.0,1.3453917047530872,0.0031901607944914453,0.029587377860813273,0.00034395822978582367,0.0005989884606310502,0.0612480609335995,0.0,0.0,0.5773502691896258,0.0,0.0,3
IEEE69,gat,TP7,10,33024,2268.817361302748,-3059.098039927306,-27531.882359345753,43.13486496986287,0.0,8.274266572174797,0.8248509806063441,1.23257843653361,0.9518004457155863,1.0003103415171306,2.9371767044067383,0.0,0.0,0.3333333333333333,1.0,1.0,14.894713621775042,27.641013959102263,248.76912563192096,0.05822508072280433,0.0,1.0936368380109807,0.00178756935341413,0.044474012270699526,0.00232665153252092,0.0005375272753681078,0.06045457211472132,0.0,0.0,0.5773502691896258,0.0,0.0,3
IEEE69,gat,TP7,11,33120,2280.1791528288472,-3069.8977897078908,-27629.080107371014,46.6996096384982,0.0,7.183256891322526,0.846478444006708,1.1666075785954793,0.9541956186294556,1.0,2.848008155822754,0.0,0.0,0.0,1.0,1.0,5.407806478258487,6.704511631813026,60.340604686320624,0.09204570827525231,0.0,0.9094769982723322,0.0028489621738429136,0.040017271852550045,0.0021383545270745228,0.0,0.12290828252760896,0.0,0.0,0.0,0.0,0.0,3
IEEE69,gat,TP7,12,33216,1667.027176604368,-2256.30560986201,-20306.750488758087,37.74085421443096,0.0,8.089737726558646,0.7142803658627802,1.1394894520441692,0.9550529917081197,1.000559647878011,2.718879461288452,0.0,0.0,0.0,1.0,1.0,4.542450459999451,6.186986025728788,55.682874231558934,0.09155728823411649,0.0,1.3292814434824842,0.003044689313802566,0.006954961461764208,0.0002713993046265578,0.0007051925283579567,0.038524994423673395,0.0,0.0,0.0,0.0,0.0,3
IEEE69,gat,TP7,13,33312,1870.674886913216,-2541.915247352035,-22877.237226168316,48.479382408970594,0.0,6.969911033828484,0.8815288769288196,1.216454744338989,0.951809823513031,1.0,2.9232517878214517,0.0,0.0,0.0,1.0,1.0,2.4767737216697276,3.4377939926418977,30.94014593377422,0.12890176649128376,0.0,1.0925026489822947,0.004074569543244595,0.0060724752248047355,0.00015795455787051302,0.0,0.07583477695493952,0.0,0.0,0.0,0.0,0.0,3
IEEE69,gat,TP7,14,33408,1062.0331308450486,-1455.478084053706,-13099.302756483356,29.12859366179775,0.0019248596278942,7.598766595350621,0.5457427503748072,1.0925791263580322,0.9566890597343445,1.0070157448450725,2.5938207308451333,0.0,0.0,0.3333333333333333,1.0,1.0,24.22394995376303,21.252462746479495,191.27216471831292,0.5472390528603943,0.003333954672950878,2.044364378392697,0.010219804599572484,0.019440265591801398,0.0006933984556043287,0.0028179091486477395,0.04177466860720376,0.0,0.0,0.5773502691896258,0.0,0.0,3
IEEE69,gat,TP7,15,33504,1117.7190346164991,-1520.137638952997,-13681.238750576973,30.164598522074982,0.0,7.354956572438788,0.5375117982427279,1.089763601620992,0.9551763335863749,1.0049762328465779,2.429266611735026,0.0,0.0,0.0,1.0,1.0,5.167058330598073,6.838147478182103,61.54332730363735,0.07895996091259441,0.0,1.3341502504399059,0.008911051346433357,0.013050130246470818,0.0006899495545682378,0.006579788376798048,0.019713367464039167,0.0,0.0,0.0,0.0,0.0,3
IEEE69,gat,TP7,16,33600,1618.6038710876746,-2204.146025163156,-19837.314226468403,43.27846097471581,0.0,7.803323410838181,0.8007685608334011,1.1813286940256755,0.9531445503234863,1.0,2.869053602218628,0.0,0.0,0.0,1.0,1.0,10.513855094439517,13.521773211665279,121.69595890499404,0.11026455089123795,0.0,1.324613180198462,0.0035468665800259935,0.014832380349904174,0.00031446377991775767,0.0,0.184408595863015,0.0,0.0,0.0,0.0,0.0,3
IEEE69,gat,TP7,17,33696,1891.7942228249988,-2564.822510630996,-23083.402595678966,45.11335935943873,0.0,7.788506695519719,0.8450806985298792,1.2566461563110352,0.9505336682001749,1.00111989180247,2.972503582636515,0.0,0.0,0.0,1.0,1.0,8.175774506497236,10.631766875580809,95.68590188022789,0.11124679430379104,0.0,1.3465987092991443,0.0038111023554028302,0.010964730511324126,0.000342819892267377,0.0019397095008577053,0.031131814525072465,0.0,0.0,0.0,0.0,0.0,3
IEEE69,gat,TP7,18,33792,1962.741713479809,-2662.612343399613,-23963.511090596516,49.56436782978715,0.0,7.154882501502087,0.8896308181186517,1.2073801755905151,0.9524319767951965,1.0,2.91957680384318,0.0,0.0,0.0,1.0,1.0,2.746494297689701,3.023147929985714,27.208331369869143,0.14108288632898863,0.0,1.2385316832061863,0.004466434058973117,0.0055083471933379735,0.00018779893193542445,0.0,0.1083447063913138,0.0,0.0,0.0,0.0,0.0,3
IEEE69,gat,TP7,19,33888,1293.0510756338401,-1775.121732989947,-15976.095596909523,39.144107870423966,0.0,7.523891136517445,0.7542529389676119,1.2220594088236492,0.9519227743148804,1.0006827116012573,2.9267948468526206,0.0,0.0,0.0,1.0,1.0,7.4118091365247825,9.871257170352347,88.84131453316915,0.13648069383787387,0.0,1.7498165400833585,0.004899747078684513,0.007153311118835739,0.00021607770563601128,0.0011824911802943898,0.07781325147079422,0.0,0.0,0.0,0.0,0.0,3
IEEE69,gat,TP7,20,33984,1266.8472492488029,-1744.4873457970443,-15700.386112173399,40.98916806773548,0.0,7.448416321878348,0.7817342055754529,1.2442859808603923,0.9510878721872965,1.0008997917175293,2.9958422978719077,0.0,0.0,0.0,1.0,1.0,3.7172067352886713,5.236597599173042,47.129378392556546,0.12258887912543144,0.0,1.6352380021500605,0.004271816599686847,0.009365294358663536,0.00024174962288472105,0.0015584849709904059,0.08769177689011866,0.0,0.0,0.0,0.0,0.0,3
IEEE69,gat,TP7,21,34080,918.9403087372084,-1265.973440506392,-11393.760964557528,31.304803771029963,0.0,7.404869502072519,0.5712513791190253,1.1017858187357585,0.9568155606587728,1.0080357392628987,2.654740492502848,0.0,0.0,0.0,1.0,1.0,11.369195493033425,16.272679205240753,146.45411284716755,0.22778886029000212,0.0,1.7766918113948675,0.012594220476153517,0.021519301974779137,0.0008511800186381342,0.004990735218642627,0.04977340938830498,0.0,0.0,0.0,0.0,0.0,3
IEEE69,gat,TP7,22,34176,707.1559075025331,-976.3651880230065,-8787.286692207059,24.32387272771147,0.11289238487406138,7.861182908374231,0.45609667400519055,1.0650404294331868,0.9560500184694926,1.0105870962142944,2.389737923940023,0.0,0.0,0.0,1.0,1.0,26.457975602741087,36.08172048246448,324.7354843421805,0.6929558133832235,0.1336243607266369,1.9591627562581237,0.013211195274913094,0.02289499643419638,0.00038971725807299904,0.0022451883512050372,0.06101826089927607,0.0,0.0,0.0,0.0,0.0,3
IEEE69,gat,TP7,23,34272,1640.4192271369386,-2241.950359415125,-20177.553234736126,47.89066569537517,0.0,7.074158267113617,0.8764972833709584,1.2329067786534627,0.9511988361676534,1.0,2.889262040456136,0.0,0.0,0.0,1.0,1.0,3.388217499449439,4.304969227310704,38.744723045795055,0.1368793650832837,0.0,0.8824918868166706,0.004238711759839618,0.006892049462331638,0.00024336702249709645,0.0,0.019432196021437486,0.0,0.0,0.0,0.0,0.0,3
IEEE69,gat,TP7,24,34368,1766.4768034137624,-2409.4574574011344,-21685.11711661021,50.595849607766375,0.0,7.260063534147328,0.9055924438354043,1.2440644105275471,0.9513580600420634,1.0,2.998358885447184,0.0,0.0,0.0,1.0,1.0,1.5177455404706615,2.427702460122186,21.849322141099286,0.11815938067605408,0.0,0.9425265576934959,0.003729260620948159,0.006105580297718171,0.0001793937059214059,0.0,0.04981883289365205,0.0,0.0,0.0,0.0,0.0,3
IEEE69,gat,TP7,25,34464,1963.8112263411156,-2664.461256592362,-23980.151309331257,50.69058742195926,0.0,6.818475478040885,0.8932925533089374,1.1867708762486775,0.9537074764569601,1.0,3.0765670935312905,0.0,0.0,0.0,1.0,1.0,4.541679673259619,5.88330662054265,52.94975958488308,0.15539627702204514,0.0,1.3586633851191743,0.004958241352954111,0.01994367195693739,0.00027397463051665583,0.0,0.06378951821383756,0.0,0.0,0.0,0.0,0.0,3
IEEE69,gat,TP7,26,34560,1514.8765994964408,-2062.5136717866967,-18562.623046080273,39.33284008475735,0.0,7.732024947761478,0.746379679482844,1.1942049662272136,0.9531022111574808,1.0,2.827479680379232,0.0,0.0,0.0,1.0,1.0,9.075208026960746,11.894179863112688,107.04761876801787,0.13720654898268475,0.0,1.8032195936503845,0.004381345956472981,4.2671819557552725e-06,6.882551540403526e-08,0.0,7.708457726117281e-06,0.0,0.0,0.0,0.0,0.0,3
IEEE69,gat,TP7,27,34656,1178.7560746442045,-1626.8452689095782,-14641.607420186201,39.18059960876442,0.0,7.226404466051908,0.7567222673032018,1.2328723271687825,0.951397975285848,1.0010977188746135,2.9133169651031494,0.0,0.0,0.0,1.0,1.0,2.72350259288725,4.141243182422689,37.271188641804386,0.14140294294960107,0.0,1.9072372058601845,0.005176852207979841,0.005917893117189293,0.00019721951441331855,0.001901304863257783,0.020455362142463705,0.0,0.0,0.0,0.0,0.0,3
IEEE69,gat,TP7,28,34752,930.1412688523936,-1291.3599216849716,-11622.239295164743,37.987910434820805,0.0,6.919676698110597,0.6582720472166935,1.0456562439600627,0.9583345254262289,1.0,2.5385642846425376,0.0,0.0,0.0,1.0,1.0,5.270478722904417,7.359370203168855,66.23433182852052,0.12795906073537303,0.0,1.2542518997748993,0.004111048170160801,0.04737942142110155,0.0019416826595401746,0.0,0.06102626260828528,0.0,0.0,0.0,0.0,0.0,3
IEEE69,gat,TP7,29,34848,947.2211085224708,-1306.749537485617,-11760.745837370552,35.654395436649054,0.0,6.5654143905783044,0.6036760028865603,1.0547711451848347,0.9563316504160563,1.0,2.3602729638417563,0.0,0.0,0.0,1.0,1.0,8.392085333004486,11.430027308192722,102.8702457737355,0.15195617109315138,0.0,1.3954505801814303,0.004894893628426724,0.051357312045656085,0.001954179256686881,0.0,0.06423696096568321,0.0,0.0,0.0,0.0,0.0,3
IEEE69,gat,TP7,30,34944,1408.3231099086381,-2119.360514428881,-19074.244629859924,46.31226762327657,0.0,7.30348132335353,0.8695267192605468,1.2543611129124959,0.9509458144505819,1.0,3.050044298171997,0.0,0.0,9.0,1.0,1.0,2.161258930234854,2.6104519153367067,23.494067238031725,0.12853267263108145,0.0,1.7086766199210934,0.004131754736779862,0.009054994538318466,0.0010290619004937104,0.0,0.0686511827261043,0.0,0.0,0.0,0.0,0.0,3
IEEE69,gat,TP8,0,32064,1114.78765297308,-1514.1085631096805,-13626.977067987124,29.52649438688195,0.0,7.519771952335535,0.5194212988846831,1.0594536066055298,0.9578464031219482,1.0074838797251384,2.6164186000823975,0.0,0.0,0.0,1.0,1.0,12.988597783225387,18.18893833241613,163.700444991745,0.2928258924865624,0.0,1.9540962026951767,0.011390850608749555,0.027392824537785857,0.0009448468523277794,0.003751320079850275,0.06914776914064266,0.0,0.0,0.0,0.0,0.0,3
IEEE69,gat,TP8,1,32160,888.1584125148684,-1210.3456766133506,-10893.111089520156,24.280675925209,0.0798823217807944,7.981845799127735,0.4458474378205007,1.0683989922205608,0.955531895160675,1.011642297108968,2.445028066635132,0.0,0.0,0.0,1.0,1.0,28.77597253147689,38.72217142469946,348.4995428222956,0.8014321969386455,0.07848953669273437,1.5980483477524081,0.010356233381288538,0.006989396068430407,0.000629439306368657,0.003045456302489342,0.02574547436938941,0.0,0.0,0.0,0.0,0.0,3
IEEE69,gat,TP8,2,32256,1446.5023910664777,-1971.9756116248946,-17747.78050462405,39.28554532264982,0.0,7.684736169946093,0.7331546381529835,1.1417646010716755,0.9537393053372701,1.0025710264841716,2.7729128996531167,0.0,0.0,0.0,1.0,1.0,7.022246104280491,9.40698053617748,84.6628248255964,0.11093881148365942,0.0,1.505359940162082,0.005231148134937514,0.007356828167909196,0.00025539428305417346,0.004453148498190272,0.15007020354762038,0.0,0.0,0.0,0.0,0.0,3
IEEE69,gat,TP8,3,32352,1658.6741072382558,-2248.7485631262816,-20238.737068136532,38.71257865783905,0.0,7.536069788714482,0.7407656198160515,1.2033881743748982,0.9514213999112447,1.0007835626602173,2.8504088719685874,0.0,0.0,0.0,1.0,1.0,8.39200646371444,11.036463951716343,99.32817556544424,0.11601938260112497,0.0,1.4202753720218195,0.0039924647442202135,0.008389662614402537,0.0002859038813178109,0.0013571703384103269,0.022541876071206432,0.0,0.0,0.0,0.0,0.0,3
IEEE69,gat,TP8,4,32448,2051.061633719939,-2770.0339099389535,-24930.30518945058,45.37867631452824,0.0,7.151260667505698,0.8303716404156553,1.2023959159851074,0.9514355858167013,1.0,2.845094839731852,0.0,0.0,0.0,1.0,1.0,4.334423644624363,5.491153901864705,49.42038511678205,0.1080562714515667,0.0,1.1049991377008377,0.003535951259026002,0.007404087661180455,0.0002805879161835289,0.0,0.022204610385692342,0.0,0.0,0.0,0.0,0.0,3
IEEE69,gat,TP8,5,32544,2784.7818754767027,-3731.5363279978433,-33583.82695198059,50.43607035735016,0.0,6.025141834886779,0.8918104794704251,1.161905845006307,0.9532904227574667,1.0,2.916443188985189,0.0,0.0,0.0,1.0,1.0,7.175198219797119,9.491801660068996,85.42621494062202,0.05188789134222851,0.0,0.08759894839491528,0.0018161572347865345,0.029485880693145883,0.0013075553419279364,0.0,0.11882685201050752,0.0,0.0,0.0,0.0,0.0,3
IEEE69,gat,TP8,6,32640,2515.0483259852585,-3381.713596132066,-30435.4223651886,50.942737814697296,0.0,6.528190799258127,0.898458922902743,1.165748159090678,0.9528607726097107,1.0,2.9998273054758706,0.0,0.0,0.0,1.0,1.0,13.322969081703242,17.352418332357278,156.17176499121467,0.06786837398727139,0.0,0.4640836853153785,0.0022117092378142462,0.01037826372243918,0.00044455355815919897,0.0,0.06454890371168459,0.0,0.0,0.0,0.0,0.0,3
IEEE69,gat,TP8,7,32736,1836.3411649706024,-2470.7273601602624,-22236.546241442364,39.032760666338284,0.0,7.067302266396098,0.6687474759916464,1.0835224390029907,0.9559483329455057,1.0,2.573722998301188,0.0,0.0,0.0,1.0,1.0,3.3206727250662404,3.991519745010806,35.923677705097106,0.0992166837324409,0.0,0.8388185249619441,0.0031339564928988812,0.029977331294734944,0.001065240339603922,0.0,0.07937093246282724,0.0,0.0,0.0,0.0,0.0,3
IEEE69,gat,TP8,8,32832,1248.209727165334,-1686.3728990273346,-15177.356091246009,27.53467103999463,0.1312966300311528,8.318745745732658,0.5093554130031003,1.112095594406128,0.9532681107521057,1.0104957818984985,2.497349500656128,0.0,0.0,0.0,1.0,1.0,40.73162126600551,55.005672045274224,495.0510484074664,0.7297667173331398,0.17133394558560094,1.276147390991767,0.015326834769873178,0.0068395413671020824,0.00044152449502315826,0.0049261404564105655,0.021971440106967968,0.0,0.0,0.0,0.0,0.0,3
IEEE69,gat,TP8,9,32928,1964.4324567790245,-2731.1212777826518,-24580.09150004387,40.8570540434067,0.0,7.839669774762304,0.7799195560316244,1.2341993649800618,0.9502697388331095,1.0006831884384155,2.947603782018026,0.0,0.0,4.0,1.0,1.0,7.529781966190312,68.15802832521268,613.4222549269167,0.09775004588874504,0.0,1.3083979678115263,0.003234705349430684,6.882551541365006e-07,4.4839823290957024e-05,0.0011833170864793342,0.02142393136250799,0.0,0.0,3.605551275463989,0.0,0.0,3
IEEE69,gat,TP8,10,33024,2268.1756882830095,-3103.7795825534395,-27934.016242980957,43.09817778084033,0.0,8.055030001006399,0.8156326466964351,1.2169390519460042,0.9512648185094198,1.0002774794896443,2.931875785191854,0.0,0.0,2.6666666666666665,1.0,1.0,14.249671546192248,68.44846051953276,616.0361446757961,0.05447084859035197,0.0,1.0180702766904264,0.0017325878973386331,0.03821892786463723,0.0021887890614231548,0.00048060857412231234,0.05396314292554045,0.0,0.0,3.0550504633038935,0.0,0.0,3
IEEE69,gat,TP8,11,33120,2279.0557739606675,-3067.238936177006,-27605.15042559306,46.670856363943386,0.0,7.045647481293887,0.8368776767618127,1.1567341486612956,0.9535541931788126,1.0,2.8469433784484863,0.0,0.0,0.0,1.0,1.0,5.6500381000800575,7.036592386714281,63.32933148042872,0.08307954682845685,0.0,0.7535604315351156,0.002622665271773486,0.04067017883342741,0.0021386780261752423,0.0,0.12260638495645979,0.0,0.0,0.0,0.0,0.0,3
IEEE69,gat,TP8,12,33216,1665.9563623427937,-2253.647548578404,-20282.82793720563,37.71058762155592,0.0,7.903385098004559,0.704145597293973,1.1300617853800456,0.9544272025426229,1.0005279382069905,2.718146006266276,0.0,0.0,0.0,1.0,1.0,3.5880868341409804,4.963552543657224,44.67197289291444,0.08673240686333106,0.0,1.1664516026351983,0.002938497191130852,0.006566741273120636,0.0002548024620784068,0.0006092597783346325,0.03842959343876764,0.0,0.0,0.0,0.0,0.0,3
IEEE69,gat,TP8,13,33312,1869.9612039171104,-2539.889073760421,-22859.001663843792,48.45452178377951,0.0,6.942554656504005,0.8727285837133726,1.198501745859782,0.9514553944269816,1.0,2.931307554244995,0.0,0.0,0.0,1.0,1.0,1.2659008380359318,1.8597375506242517,16.737637955617224,0.1270965818602887,0.0,1.0569331520571728,0.003997961376368721,0.021851550539201847,0.0007131355779420353,0.0,0.08678632771087161,0.0,0.0,0.0,0.0,0.0,3
IEEE69,gat,TP8,14,33408,1064.0008147818583,-1457.4696598588318,-13117.226938729485,29.183656933608862,0.002163419557414967,7.3969489231779235,0.5412473117725717,1.0906871159871419,0.9559667309125265,1.0069160461425781,2.6188484827677407,0.0,0.0,0.3333333333333333,1.0,1.0,25.498407749402343,23.589664263422176,212.30697837080046,0.6301273556356326,0.003747152591530896,1.875150029569584,0.013319855327528269,0.017948984124505886,0.0007162148118661494,0.0029505173135586575,0.04425059352592829,0.0,0.0,0.5773502691896258,0.0,0.0,3
IEEE69,gat,TP8,15,33504,1117.193183633064,-1518.6693433766013,-13668.02409038941,30.1535866062697,0.0,7.305320602446957,0.5312316792292727,1.0819414059321086,0.9544695615768433,1.0051136811574302,2.429227431615194,0.0,0.0,0.0,1.0,1.0,4.150620248127772,5.507169294253643,49.564523648283384,0.0725456988048967,0.0,1.3180563585995961,0.008941785306098382,0.012531561873253797,0.0006621133774194724,0.006504851816822137,0.020454782357386195,0.0,0.0,0.0,0.0,0.0,3
IEEE69,gat,TP8,16,33600,1617.8273244479435,-2201.9203895462883,-19817.283505916595,43.250088313779735,0.0,7.693141027014156,0.7910256874230174,1.1760916709899902,0.9524737199147543,1.0,2.8769565423329673,0.0,0.0,0.0,1.0,1.0,10.251441720539367,13.16615917446416,118.4954325701787,0.10257573659771836,0.0,1.3017234447482864,0.00337841213025496,0.007687741246010305,0.00027506117234434436,0.0,0.17488090978170115,0.0,0.0,0.0,0.0,0.0,3
IEEE69,gat,TP8,17,33696,1890.510384811936,-2628.56403988379,-23657.076358954113,45.07698279991712,0.0,7.539782717218775,0.8350127258648475,1.2409106890360515,0.9501074949900309,1.0,2.966955025990804,0.0,0.0,3.3333333333333335,1.0,1.0,7.305982037691394,67.14163764072038,604.2747387664833,0.1051198832936163,0.0,1.1839500299118009,0.0034373679577924523,0.00036911123915479523,6.4695984487244615e-06,0.0,0.023889564475999114,0.0,0.0,2.8867513459481287,0.0,0.0,3
IEEE69,gat,TP8,18,33792,1961.689542093475,-2660.005993525187,-23940.053941726685,49.53682048507994,0.0,7.076417611269807,0.8796893939789797,1.1966262658437092,0.9518272876739502,1.0,2.917644818623861,0.0,0.0,0.0,1.0,1.0,2.6180749055081276,2.8705951146474082,25.835356031831665,0.13223407033645437,0.0,1.106035397195795,0.004253285010779141,0.006078675984490551,0.00021590183798118965,0.0,0.10915291397629141,0.0,0.0,0.0,0.0,0.0,3
IEEE69,gat,TP8,19,33888,1292.514390740709,-1773.1550652517215,-15958.395587265491,39.109354210564966,0.0,7.283114693597068,0.7440899140718912,1.2128236293792725,0.9512463212013245,1.000704328219096,2.9242640336354575,0.0,0.0,0.0,1.0,1.0,6.6409381717734055,8.91089671970315,80.19807047733063,0.12906975807793286,0.0,1.5450709355157133,0.0048766288460450145,0.005656218507592847,0.00019191994972649472,0.0012199322606785115,0.07017861583190829,0.0,0.0,0.0,0.0,0.0,3
IEEE69,gat,TP8,20,33984,1266.1859005932845,-1742.3181618761134,-15680.86345688502,40.954995733019125,0.0,7.254735500130399,0.771247640872995,1.236008882522583,0.9504102071126302,1.000469168027242,2.9925060272216797,0.0,0.0,0.0,1.0,1.0,3.237379097676131,4.613194811635735,41.51875330472235,0.11631228845527403,0.0,1.4852839494256296,0.003957209962784349,0.006102207847462964,0.00023035900008415536,0.000812622860470078,0.07461465561312479,0.0,0.0,0.0,0.0,0.0,3
IEEE69,gat,TP8,21,34080,919.0123500167687,-1265.0754445200716,-11385.679000680646,31.303945657562974,0.0,7.179322687941859,0.563318955194619,1.093071738878886,0.9563139875729879,1.0081748565038045,2.676591078440348,0.0,0.0,0.0,1.0,1.0,11.105407014829051,16.036788005807217,144.33109205226552,0.2586046428757463,0.0,1.5925960928893044,0.013464703438663201,0.02104618619471906,0.0009238120823579707,0.005520417695462806,0.05271795339232533,0.0,0.0,0.0,0.0,0.0,3
IEEE69,gat,TP8,22,34176,709.0987494861084,-977.9474819106637,-8801.527337195972,24.38491123111386,0.12413138539306612,7.553177362468726,0.4485073942277166,1.038902481396993,0.9561928311983744,1.0105585654576619,2.3893304665883384,0.0,0.0,0.0,1.0,1.0,23.71524632399191,32.55780503590132,293.02024532311293,0.6403488647573605,0.13063515186038824,1.6948954311486069,0.014122798948787485,0.02985546240466898,0.0009556903658264451,0.0024915779737047145,0.0623048713580654,0.0,0.0,0.0,0.0,0.0,3
IEEE69,gat,TP8,23,34272,1639.6659198298773,-2239.7944497708922,-20158.15004793803,47.86011437722161,0.0,6.9676356385721805,0.8670718802346125,1.2235230604807537,0.9505457679430643,1.0,2.8880299727121987,0.0,0.0,0.0,1.0,1.0,2.937643141093553,3.6711912427938254,33.04072118514794,0.1289107041258036,0.0,0.7679635794196862,0.004050456352339721,0.007170448672173339,0.0002580612700374885,0.0,0.02016670192191492,0.0,0.0,0.0,0.0,0.0,3
IEEE69,gat,TP8,24,34368,1765.191858864783,-2406.4311160334832,-21657.88004430135,50.56331271270697,0.0,7.173910624893531,0.894729346036911,1.234560489654541,0.9506914019584656,1.0,2.9921048482259116,0.0,0.0,0.0,1.0,1.0,0.7115315922197486,1.3560459399273532,12.204413459347563,0.10555264409483175,0.0,0.8598363528869749,0.003444362360859298,0.0037512658920182424,0.00013730690324689873,0.0,0.0455168174530013,0.0,0.0,0.0,0.0,0.0,3
IEEE69,gat,TP8,25,34464,1962.9598074031346,-2662.061408219514,-23958.552673975628,50.6641771300684,0.0,6.785182207745997,0.8829323777721987,1.173975944519043,0.9530673821767172,1.0,3.0751190185546875,0.0,0.0,0.0,1.0,1.0,4.909889137851973,6.352598856964133,57.173389712677505,0.14947673074469073,0.0,1.2759395492340624,0.004802075325539162,0.015665842885478936,0.0003251771934019965,0.0,0.06357793628093801,0.0,0.0,0.0,0.0,0.0,3
IEEE69,gat,TP8,26,34560,1514.2744504608236,-2060.3949056907936,-18543.554151217144,39.295701139620995,0.0,7.450002325335929,0.7356798630207777,1.1798442602157593,0.9526005188624064,1.0,2.816092332204183,0.0,0.0,0.0,1.0,1.0,8.24892785042849,10.855563572986927,97.70007215688189,0.12774210449638893,0.0,1.5447302747178762,0.004204533300624396,0.006905195135775371,0.00023834275987188878,0.0,0.01815369324714329,0.0,0.0,0.0,0.0,0.0,3
IEEE69,gat,TP8,27,34656,1177.9566287036048,-1624.5921130445267,-14621.329017400742,39.14702441331934,0.0,7.00782614075658,0.7470004664113125,1.2225100199381511,0.9507665634155273,1.001627246538798,2.912238121032715,0.0,0.0,0.0,1.0,1.0,2.26744220093766,3.609072070617672,32.4816486355589,0.13486438515066126,0.0,1.7252026491337198,0.005296414795759676,0.006821296832488021,0.00024137108255018714,0.002818473681638729,0.026860252396788978,0.0,0.0,0.0,0.0,0.0,3
IEEE69,gat,TP8,28,34752,929.2667892077861,-1289.4110591323288,-11604.699532190958,37.96404075257782,0.0,6.725317820150562,0.6517689122507969,1.042355974515279,0.9581156969070435,1.0,2.556398391723633,0.0,0.0,0.0,1.0,1.0,4.608673859945882,6.421142966345506,57.79028669710961,0.11808867073277655,0.0,1.09150668199869,0.0039029144815576696,0.04325630463246235,0.0022213886229650814,0.0,0.061306399294549736,0.0,0.0,0.0,0.0,0.0,3
IEEE69,gat,TP8,29,34848,946.8086012614023,-1305.5156890374642,-11749.64120133718,35.63179196658257,0.0,6.347304500137304,0.5980907084627284,1.0298155943552654,0.9564149975776672,1.0,2.3313235441843667,0.0,0.0,0.0,1.0,1.0,8.190611059748385,11.06299579638089,99.56696216742866,0.14605819887870167,0.0,1.2482177929791964,0.004770369463196082,0.041247773423932994,0.0019149451497049454,0.0,0.057927701187045814,0.0,0.0,0.0,0.0,0.0,3
IEEE69,gat,TP8,30,34944,1407.4808114253747,-2117.2124215408608,-19054.91179386775,46.28324665400399,0.0,7.213403716520858,0.8610903937369585,1.237207055091858,0.9505628546079,1.0,3.020697037378947,0.0,0.0,9.0,1.0,1.0,1.6924435033175864,21.493335095749963,193.44001586174767,0.12309926617102332,0.0,1.6200706682064399,0.004054406658846981,0.0023525228300733223,0.0007888291030703731,0.0,0.042553131274142876,0.0,0.0,1.0,0.0,0.0,3
IEEE69,gat,TP9,0,32064,1112.0385369391686,-1510.5808810989063,-13595.227929890156,29.455571766029436,0.0,7.400740371796066,0.5198288808266321,1.0519611835479736,0.9582298994064332,1.0071568886439006,2.595019976298014,0.0,0.0,0.0,1.0,1.0,10.342520031843778,14.737435423106533,132.63691880795892,0.23389726609010342,0.0,1.9629782996457248,0.011234467841249032,0.010322760171409448,0.0003634167631846633,0.00266519401567322,0.041115735924973126,0.0,0.0,0.0,0.0,0.0,3
IEEE69,gat,TP9,1,32160,887.001703817829,-1208.7326446056918,-10878.593801451227,24.250130341118844,0.0643415911310624,7.887866835332573,0.44504921717776186,1.0698796113332112,0.95560355981191,1.0106976826985676,2.4284636974334717,0.0,0.0,0.0,1.0,1.0,28.479062477225558,38.20039204521272,343.80352840691387,0.774611524349613,0.08215283292337058,1.6917979664344152,0.0093970867923144,0.011715417880639989,0.000693001272011377,0.002332845648154,0.009766000324516253,0.0,0.0,0.0,0.0,0.0,3
IEEE69,gat,TP9,2,32256,1447.480814526691,-1973.714789302261,-17763.43310372035,39.289366851033485,0.0,7.743309569406205,0.7368954999579324,1.1494988600413005,0.9535981218020121,1.0025749206542969,2.773198207219442,0.0,0.0,0.0,1.0,1.0,6.174827617291179,8.381137988029614,75.43024189226522,0.11196215329864985,0.0,1.4560382985243205,0.005390032509887627,0.007381054749334205,0.0002574934612600012,0.004459893398700684,0.14996549781508675,0.0,0.0,0.0,0.0,0.0,3
IEEE69,gat,TP9,3,32352,1659.5500310710058,-2250.37823689867,-20253.404132088024,38.71778447800778,0.0,7.615318079749442,0.7446999442246226,1.2121502161026,0.9512298703193665,1.0008155504862468,2.8509574731191,0.0,0.0,0.0,1.0,1.0,8.059750699726264,10.62898611808907,95.66087506279891,0.11638474644962629,0.0,1.4917266798981728,0.004038350113945056,0.008535752380950999,0.0002891343785514382,0.0014125748783168329,0.02248291002769597,0.0,0.0,0.0,0.0,0.0,3
IEEE69,gat,TP9,4,32448,2052.0492742075407,-2771.960608341076,-24947.645475069683,45.3859811215436,0.0,7.243453230741534,0.8355197964443101,1.2111903826395671,0.951241691907247,1.0,2.8453699747721353,0.0,0.0,0.0,1.0,1.0,3.3880281896205355,4.207528480373687,37.867756323361824,0.10874892028648564,0.0,1.1520025946770818,0.0035830142421331684,0.0074837950435375855,0.00028347640910233454,0.0,0.02217042214111475,0.0,0.0,0.0,0.0,0.0,3
IEEE69,gat,TP9,5,32544,2785.295016564976,-3732.9165208604595,-33596.24868774414,50.441504248527444,0.0,6.040229489245655,0.8975234919538101,1.1697579622268677,0.9531206885973612,1.0,2.9359938303629556,0.0,0.0,0.0,1.0,1.0,7.46950327548159,9.889066994695952,89.00160295226335,0.05596565095209883,0.0,0.066782568779263,0.001967051722816084,0.02915547869066065,0.001301334481830866,0.0,0.10948203613753045,0.0,0.0,0.0,0.0,0.0,3
IEEE69,gat,TP9,6,32640,2515.774972806708,-3383.4007270247844,-30450.606543223064,50.949548908753094,0.0,6.564146069995992,0.9044067598879337,1.1830441157023113,0.9526663223902384,1.0,3.004248936971029,0.0,0.0,0.0,1.0,1.0,13.355493526836785,17.412866066731098,156.71579460058197,0.05970002247296685,0.0,0.3665009655862217,0.002010269586793523,0.018921502880731085,0.0004269368880945845,0.0,0.08498069887856785,0.0,0.0,0.0,0.0,0.0,3
IEEE69,gat,TP9,7,32736,1836.7955948020826,-2472.012439939711,-22248.111959457397,39.03892856642557,0.0,7.126278749692887,0.6743083155403534,1.0898432731628418,0.9558318058649699,1.0,2.570586840311686,0.0,0.0,0.0,1.0,1.0,3.2952323907019134,3.9285983500730723,35.35738515065981,0.09801414319027515,0.0,0.8286821623350066,0.0031284611996692524,0.026404577395037016,0.0009113762275909022,0.0,0.07389108050035548,0.0,0.0,0.0,0.0,0.0,3
IEEE69,gat,TP9,8,32832,1249.1050913719355,-1694.5133959107377,-15250.620563196639,27.54150870739907,0.11025801017763788,8.341475021115558,0.5119526504228512,1.118412931760152,0.9531576037406921,1.0097471475601196,2.49237060546875,0.0,0.0,0.3333333333333333,1.0,1.0,40.138980854074845,59.7273645724087,537.5462811516775,0.733503267646008,0.15659230189816287,1.3586933559313352,0.014585699193610717,0.009323525550991937,0.0005301398044464315,0.005059463501363194,0.013042711178681471,0.0,0.0,0.5773502691896258,0.0,0.0,3
IEEE69,gat,TP9,9,32928,1964.3424179607566,-2738.2238631160167,-24644.014768044155,40.855314365129324,0.0,7.7541340065495055,0.7843543338692851,1.2435287237167358,0.9500755866368612,1.0006654262542725,2.946776787439982,0.0,0.0,4.333333333333333,1.0,1.0,8.25013575256052,64.944158477088,584.4974262937942,0.09559816869768263,0.0,1.2587648306121715,0.003183359391526265,6.194296387565025e-07,3.4412757714036146e-08,0.001152552081090149,0.022410826723095766,0.0,0.0,3.511884584284246,0.0,0.0,3
IEEE69,gat,TP9,10,33024,2268.980214312785,-3138.750417832975,-28248.753760496777,43.097044881202834,0.0,7.9872946502668825,0.8203759052687221,1.2222756147384644,0.9512096246083578,1.000271201133728,2.9204044342041016,0.0,0.0,4.333333333333333,1.0,1.0,14.952131520612717,93.46338475337284,841.1704627803553,0.053159742073798845,0.0,1.0652972689280205,0.0017108728088892128,0.035200216776859174,0.002047817179408023,0.00046973414268722485,0.03872433108041163,0.0,0.0,4.509249752822894,0.0,0.0,3
IEEE69,gat,TP9,11,33120,2279.4774642330212,-3068.424399835092,-27615.819598515827,46.67960604253276,0.0,7.148528062989811,0.8419813335769707,1.164708137512207,0.9533940354983012,1.0,2.8471767902374268,0.0,0.0,0.0,1.0,1.0,5.559383127126223,6.913928360803313,62.22535524722831,0.0867878955120758,0.0,0.8145985371069298,0.002767541742636447,0.041032333166690166,0.00214003566047253,0.0,0.12257829271274721,0.0,0.0,0.0,0.0,0.0,3
IEEE69,gat,TP9,12,33216,1666.8158052482138,-2255.146132062983,-20296.315188566845,37.709650210357616,0.0,7.885673647314175,0.7071994865934054,1.1366445620854695,0.9543351729710897,1.0002116362253826,2.716941515604655,0.0,0.0,0.0,1.0,1.0,2.9395041248752336,4.1221654897930815,37.09948940813294,0.07787800898698703,0.0,1.2918376687466384,0.0026412849666393244,0.004923478080720938,0.00017743284949941327,0.0002495747571502231,0.03878483436446144,0.0,0.0,0.0,0.0,0.0,3
IEEE69,gat,TP9,13,33312,1871.1172833280118,-2542.098154350563,-22878.88338915507,48.45816874134322,0.0,6.94311023183407,0.8783865299903684,1.2071794668833413,0.9512555003166199,1.0,2.928332726160685,0.0,0.0,0.0,1.0,1.0,0.2517335527448035,0.84501179327682,7.605106139489824,0.12962211744306,0.0,1.0722566608746908,0.004090964516354559,0.022377652779011315,0.0007197772401792178,0.0,0.09187780651285625,0.0,0.0,0.0,0.0,0.0,3
IEEE69,gat,TP9,14,33408,1062.652684325493,-1455.7822987359984,-13102.040688623985,29.127185732452535,0.0,7.3332673637166,0.5418320000171661,1.0956047773361206,0.9558042287826538,1.0064702033996582,2.6107478936513266,0.0,0.0,0.3333333333333333,1.0,1.0,22.974668520380998,19.677820916597817,177.10038824938144,0.5595547042280857,0.0,1.928069829295058,0.010880547731130657,0.018555461331355702,0.0007253472677703658,0.002352370756896593,0.03874341612710238,0.0,0.0,0.5773502691896258,0.0,0.0,3
IEEE69,gat,TP9,15,33504,1117.2791891294225,-1519.1884924261658,-13672.696431835493,30.151236653700597,0.0,7.233696019891312,0.5344956848356458,1.0883663892745972,0.9543066422144572,1.0050982634226482,2.426072676976522,0.0,0.0,0.0,1.0,1.0,4.107979594267674,5.489596372948525,49.406367356536656,0.07388098677362416,0.0,1.1771142472812257,0.009152056889792882,0.015283087398229206,0.0006506270321173018,0.006551446304915549,0.02466954266458738,0.0,0.0,0.0,0.0,0.0,3
IEEE69,gat,TP9,16,33600,1619.2866892314225,-2204.3520595056043,-19839.168535550434,43.249909816419006,0.0,7.70155324957005,0.7953064954943126,1.184417406717936,0.952302078406016,1.0,2.877223173777262,0.0,0.0,0.0,1.0,1.0,8.63311876354141,11.094900750403891,99.85410675363674,0.10154622523691403,0.0,1.2541796170769073,0.003354423292998026,0.007723186386447317,0.0002761279678331029,0.0,0.17481313905851423,0.0,0.0,0.0,0.0,0.0,3
IEEE69,gat,TP9,17,33696,1890.9597716317473,-2676.4031262044555,-24087.6281358401,45.08022587946885,0.0,7.562217350609284,0.8397264157732328,1.2443804343541462,0.9501011570294698,1.0,2.95892063776652,0.0,0.0,5.666666666666667,1.0,1.0,6.816336325866165,89.54811772848011,805.9330595563224,0.10619998453778004,0.0,1.2267351828116968,0.0034926568586587437,0.0007698822153991484,2.75302061649232e-05,0.0,0.03107123658641047,0.0,0.0,4.041451884327381,0.0,0.0,3
IEEE69,gat,TP9,18,33792,1963.2948187054724,-2662.7322140446413,-23964.589926401775,49.54197217852567,0.0,7.07173159662501,0.8848116012911001,1.2042654355367024,0.9516895612080892,1.0,2.941445827484131,0.0,0.0,0.0,1.0,1.0,4.6140099969782,5.579446134460912,50.215015210148465,0.13419909707035066,0.0,1.084462255676558,0.004365037876795808,0.006420213595121422,0.0002205849796563329,0.0,0.08853376191864705,0.0,0.0,0.0,0.0,0.0,3
IEEE69,gat,TP9,19,33888,1293.229142167332,-1774.5490008857516,-15970.941007971764,39.116420183102356,0.0,7.405229423491885,0.7478124172323279,1.2212253411610923,0.9510777990023295,1.0007427136103313,2.917675018310547,0.0,0.0,0.0,1.0,1.0,6.10058885071822,8.264923458187548,74.38431112368868,0.13291812396964534,0.0,1.6027408138724666,0.005012986547507737,0.005694072541069714,0.0001933308727925699,0.0012864177085665496,0.05847554801346533,0.0,0.0,0.0,0.0,0.0,3
IEEE69,gat,TP9,20,33984,1266.7144414734532,-1743.5210555659403,-15691.68950009346,40.96553326895846,0.0,7.424882123255784,0.7753756526443695,1.2446226278940837,0.9502348105112711,1.0004908243815105,2.982636292775472,0.0,0.0,0.0,1.0,1.0,3.1845094197860475,4.6047490632009564,41.442741568809076,0.12111816318933867,0.0,1.571956942079938,0.004140552508234917,0.006176264102046311,0.00023359379930850557,0.0008501327663695799,0.05737343044701145,0.0,0.0,0.0,0.0,0.0,3
IEEE69,gat,TP9,21,34080,917.7075386807597,-1263.505925643775,-11371.553330793977,31.25045695651097,0.0,7.079466769221732,0.564410657932361,1.1007923285166423,0.956146756807963,1.007118781407674,2.676870266596476,0.0,0.0,0.0,1.0,1.0,8.388837197470716,12.413955630075707,111.72560067068224,0.20836741174148654,0.0,1.5391770204790316,0.012911375763165834,0.021069276166501994,0.0009188521533272392,0.004232965719222271,0.05271780976850803,0.0,0.0,0.0,0.0,0.0,3
IEEE69,gat,TP9,22,34176,707.4522458110717,-975.9929247992459,-8783.936323193213,24.325392632767304,0.10590760563159944,7.420564003086793,0.45013060876064825,1.0469605525334675,0.9560401638348898,1.010315736134847,2.390353043874105,0.0,0.0,0.0,1.0,1.0,24.685122507758873,33.8479008046848,304.63110724216335,0.6947801617069798,0.1368415448329699,1.549509708712818,0.014558739999439779,0.030040705950545768,0.0009539806357065468,0.0023612891588014446,0.061254516280742834,0.0,0.0,0.0,0.0,0.0,3
IEEE69,gat,TP9,23,34272,1639.8681529583419,-2240.680916079768,-20166.128244717915,47.853525855772766,0.0,7.030183829733626,0.8720293111271329,1.2321287393569946,0.9503689606984457,1.0,2.8880801995595298,0.0,0.0,0.0,1.0,1.0,2.6149430500341797,3.02759339174408,27.248340525696733,0.1107976638512972,0.0,0.8064621497625591,0.0035899996381070567,0.007452357983301102,0.00026804096977220334,0.0,0.020631411801977004,0.0,0.0,0.0,0.0,0.0,3
IEEE69,gat,TP9,24,34368,1765.2620789156938,-2407.1557831940827,-21664.402048746746,50.56821881616753,0.0,7.222465010214196,0.8997652663124932,1.2426732778549194,0.9505443175633749,1.0,2.99438214302063,0.0,0.0,0.0,1.0,1.0,0.6631531801389289,1.2049370924783924,10.844433832305807,0.10625000929788238,0.0,0.8912761939373398,0.0034891632311750066,0.003803091505123514,0.0001397157962864406,0.0,0.044472985037207806,0.0,0.0,0.0,0.0,0.0,3
IEEE69,gat,TP9,25,34464,1964.1736197663897,-2664.2549964057075,-23978.294967651367,50.669018452206636,0.0,6.839839993726649,0.8878633481346898,1.1775428454081218,0.9529523253440857,1.0,3.0634764035542807,0.0,0.0,0.0,1.0,1.0,5.676880272363757,7.413521048089324,66.72168943280268,0.14429179597422773,0.0,1.2018518010065145,0.004675193593918922,0.011209788810332121,0.0003478331836953491,0.0,0.0446719572526894,0.0,0.0,0.0,0.0,0.0,3
IEEE69,gat,TP9,26,34560,1515.0608721806814,-2061.8537629710304,-18556.683866739273,39.30323902184981,0.0,7.586460756663523,0.739173267243637,1.1877078612645466,0.9524566531181335,1.0,2.816366672515869,0.0,0.0,0.0,1.0,1.0,8.099972822721682,10.71147194323277,96.40324748909664,0.13326847564408298,0.0,1.6305022867464134,0.0043880757412515,0.006944907458168091,0.0002406484146383366,0.0,0.018086932497193637,0.0,0.0,0.0,0.0,0.0,3
IEEE69,gat,TP9,27,34656,1178.6361674722584,-1625.9353816509247,-14633.418434858322,39.1548594158372,0.0,7.148752834925582,0.7506823612170087,1.2309336264928181,0.9506016373634338,1.000678579012553,2.9183497428894043,0.0,0.0,0.0,1.0,1.0,2.5528118919659235,3.971023654453634,35.739212890082975,0.1380777408520966,0.0,1.8106906080758958,0.0051622322601525775,0.006915381312056323,0.000245810328294128,0.0011753333266915048,0.035442895334720545,0.0,0.0,0.0,0.0,0.0,3
IEEE69,gat,TP9,28,34752,929.5835650049181,-1290.4089497990078,-11613.68054819107,37.95867638186741,0.0,6.599012935582292,0.6564678367641238,1.0471816261609395,0.9580454031626382,1.0,2.543067534764608,0.0,0.0,0.0,1.0,1.0,4.910186019576288,6.711492171385005,60.40342954246524,0.11538519951061384,0.0,0.9235194608292069,0.003856788514796925,0.05043933761560242,0.0024335869906085676,0.0,0.0847628085643023,0.0,0.0,0.0,0.0,0.0,3
IEEE69,gat,TP9,29,34848,947.0584306531283,-1306.4522301355998,-11758.070071220398,35.633573600996776,0.0,6.354726033506832,0.602992333471775,1.038315216700236,0.9562171896298727,1.0,2.3320632775624595,0.0,0.0,0.0,1.0,1.0,8.56715860135932,11.523844912449979,103.71460421205013,0.14573516022256888,0.0,1.2188699654796338,0.00480285093092161,0.041447718451479806,0.0019156296032811204,0.0,0.05776122542348607,0.0,0.0,0.0,0.0,0.0,3
IEEE69,gat,TP9,30,34944,1408.583454681039,-2132.6746113212025,-19194.07150189082,46.28201155625038,0.0,7.168017690646951,0.8666636240151194,1.250119964281718,0.9505479534467062,1.0,3.0330265363057456,0.0,0.0,9.666666666666666,1.0,1.0,0.767640571737038,22.463501676955143,202.1715150925974,0.1181360261635741,0.0,1.5850164026228353,0.003925357178987022,0.010714130933910828,0.0006106565914354232,0.0,0.04376427352966662,0.0,0.0,1.1547005383792517,0.0,0.0,3
IEEE69,gcn,TP1,0,32064,1114.500670821634,-1514.8031446773696,-13633.228302096328,29.462451971620492,0.0,6.047040883187165,0.5283789270453983,1.0662062962849934,0.9589143395423889,1.0065509875615437,2.6008487542470298,0.0,0.0,0.0,1.0,1.0,14.407889401219277,21.888764976440694,196.99888478796703,0.3712034558978753,0.0,1.1500304386073357,0.026012387578559733,0.01796342851833702,0.0011091966634956616,0.00484138870589023,0.02170958450744092,0.0,0.0,0.0,0.0,0.0,3
IEEE69,gcn,TP1,1,32160,905.1106853254255,-1234.5792018004038,-11111.212816203633,24.715296683159977,0.17318887643810174,6.680040236777242,0.46299445008238155,1.0354784329732258,0.9582676490147909,1.0102427800496419,2.3822361628214517,0.0,0.0,0.0,1.0,1.0,24.708681764135104,37.66278611558856,338.96507504029506,0.5736057940056373,0.29997193329656063,1.4536980263765447,0.04331414373761695,0.01765901290611083,0.0007528575648512204,0.004844879296113652,0.02008305086030364,0.0,0.0,0.0,0.0,0.0,3
IEEE69,gcn,TP1,2,32256,1458.8103785503636,-1989.095107047646,-17901.855963428814,39.221004500016235,0.0,6.475880960945474,0.7420831306113138,1.1294183731079102,0.9555174907048544,1.000648299853007,2.810244083404541,0.0,0.0,0.0,1.0,1.0,6.058181860702486,7.227826242560696,65.05043618304892,0.16757205260592728,0.0,1.6373802751632602,0.00526808821128117,0.029376905338090717,0.0012868867755750457,0.0011228882839475725,0.11766230045015416,0.0,0.0,0.0,0.0,0.0,3
IEEE69,gcn,TP1,3,32352,1671.9104933393526,-2267.101786807731,-20403.91608126958,38.64113544666907,0.0,6.103033594008948,0.7499377390162812,1.2003902991612752,0.9528297583262125,1.0006968975067139,2.904266039530436,0.0,0.0,0.0,1.0,1.0,8.734987348071002,10.815478049384007,97.33930244445827,0.1323963273401112,0.0,1.3400530825582393,0.004141434854661972,0.028537445193056545,0.0012173881932815863,0.0012070618892964908,0.04071396422351639,0.0,0.0,0.0,0.0,0.0,3
IEEE69,gcn,TP1,4,32448,2064.06258068633,-2788.367447535197,-25095.307027816772,45.35963654331863,0.0,6.460386933002494,0.8417890978356203,1.2095386981964111,0.9524650375048319,1.0,2.8970531622568765,0.0,0.0,0.0,1.0,1.0,8.07353304094182,9.98023558415667,89.82212025741296,0.15568459280362484,0.0,1.5026075797540508,0.004870201257694841,0.02583630510928173,0.001019487595345175,0.0,0.05499715843052578,0.0,0.0,0.0,0.0,0.0,3
IEEE69,gcn,TP1,5,32544,2780.404983729471,-3727.48011412444,-33547.32102711996,50.44416874743911,0.0,6.039585794795319,0.9048550927804575,1.1456025044123332,0.9552876949310303,1.0,2.9851322968800864,0.0,0.0,0.0,1.0,1.0,3.0295265534637963,3.499114418028221,31.492029762248798,0.11360693137808615,0.0,1.1413382097147187,0.0037231188539064127,0.013500894820472977,0.0009833786781970077,0.0,0.07684154513682415,0.0,0.0,0.0,0.0,0.0,3
IEEE69,gcn,TP1,6,32640,2514.771405631,-3382.9404459352845,-30446.46401341756,50.936891945365154,0.0,6.290426560642843,0.9111183204998573,1.1755057175954182,0.9539753397305807,1.0,3.0048112074534097,0.0,0.0,0.0,1.0,1.0,4.986191526572038,6.228527030072808,56.05674327065419,0.11937155105619651,0.0,1.0636063881930882,0.0038803848981267533,0.0608739902326412,0.0031643760661244948,0.0,0.060015203080413346,0.0,0.0,0.0,0.0,0.0,3
IEEE69,gcn,TP1,7,32736,1838.9073893193088,-2475.17345711037,-22276.561113993328,38.99484049581406,0.0,6.543505362433382,0.6776086005071799,1.060147802035014,0.9581481019655863,1.0,2.5104690392812095,0.0,0.0,0.0,1.0,1.0,6.269826904437568,7.896886484790262,71.07197836310874,0.1520427775825356,0.0,1.7867985911591426,0.004784304350542494,0.00796542811077958,0.0004525850201622713,0.0,0.04951193178756768,0.0,0.0,0.0,0.0,0.0,3
IEEE69,gcn,TP1,8,32832,1273.5714207414069,-1719.9580186260519,-15479.622167634467,27.76328575258837,0.1672384503720343,7.078659021207592,0.5143356799251503,1.0811824798583984,0.955886721611023,1.0071944395701091,2.436535437901815,0.0,0.0,0.0,1.0,1.0,29.79664600465528,41.695850550656075,375.2626549559033,0.527204168739182,0.2896654930234496,1.6586341596926975,0.030075332773574364,0.015014231212440199,0.0006385346225121539,0.00559947310767511,0.0022520106573630534,0.0,0.0,0.0,0.0,0.0,3
IEEE69,gcn,TP1,9,32928,1980.3653232667377,-2672.917220769105,-24056.254986921947,40.76961494109249,0.0,6.028077279262991,0.78859320241544,1.2528477509816487,0.9508574803670248,1.0005008379618328,3.038791020711263,0.0,0.0,0.0,1.0,1.0,10.856453281721079,13.50160104615052,121.51440941535243,0.14892998934337517,0.0,1.8202299980470815,0.004697417302062048,0.027159292573358865,0.0011643006176458104,0.0008674767962534639,0.05327541355243476,0.0,0.0,0.0,0.0,0.0,3
IEEE69,gcn,TP1,10,33024,2281.3878192634106,-3068.7235782058146,-27618.512203852337,42.997587620315244,0.0,6.1183160945154045,0.8244714151240058,1.2035348415374756,0.9527578353881836,1.001327355702718,3.0050594806671143,0.0,0.0,0.0,1.0,1.0,11.198808521098512,13.86789811309571,124.8110830178626,0.1882212305784485,0.0,2.328247527918172,0.005971851130488999,0.054048734142909186,0.002123847454032587,0.0022990475168240218,0.06953977350634002,0.0,0.0,0.0,0.0,0.0,3
IEEE69,gcn,TP1,11,33120,2282.6672662949436,-3073.3480093214253,-27660.132083892822,46.62915959842454,0.0,6.164615863468236,0.8481915148182049,1.145678997039795,0.9550605813662211,1.0,2.8869457244873047,0.0,0.0,0.0,1.0,1.0,3.3232873635041194,3.9366477524051877,35.42982977164562,0.1809603588347453,0.0,2.251471640644248,0.005672283225327671,0.02296452703586461,0.0011162473282765057,0.0,0.035727722898107855,0.0,0.0,0.0,0.0,0.0,3
IEEE69,gcn,TP1,12,33216,1669.5327865184518,-2259.3140078209067,-20333.826070388157,37.60533375189092,0.0,5.999552168654453,0.7123113164885178,1.1155503988265991,0.9562778075536092,1.0007071892420452,2.820005734761556,0.0,0.0,0.0,1.0,1.0,1.5686841644198182,1.8062082393958958,16.255874154563564,0.1415905725355612,0.0,1.7777152507365326,0.004466139508734025,0.01644624502502976,0.0007583884394281831,0.0012248876977882272,0.09306130849504511,0.0,0.0,0.0,0.0,0.0,3
IEEE69,gcn,TP1,13,33312,1883.1050303904956,-2558.4725008364076,-23026.252507527668,48.43459204253304,0.0,6.330422588040786,0.8846496482276255,1.142207662264506,0.9556434551874796,1.0,2.9638445377349854,0.0,0.0,0.0,1.0,1.0,4.038834658259588,4.917156661391503,44.25440995252137,0.14192927041244788,0.0,1.0475351898586016,0.00446504394486831,0.06984556676790529,0.0025215870932310254,0.0,0.0893902511333758,0.0,0.0,0.0,0.0,0.0,3
IEEE69,gcn,TP1,14,33408,1072.4085115009536,-1462.532530789574,-13162.792777106166,29.21454814628669,0.06808205332631403,6.291183745882073,0.5475885375506349,1.0886223713556926,0.9572931130727133,1.006847898165385,2.590670665105184,0.0,0.0,0.0,1.0,1.0,20.178918910498208,29.35439106449523,264.18951958045693,0.4887416870157794,0.1179215754447896,1.1006798326526737,0.025878890779815856,0.015152545712243339,0.000685040163641381,0.0059309683645613585,0.03131735727269806,0.0,0.0,0.0,0.0,0.0,3
IEEE69,gcn,TP1,15,33504,1121.6386017249695,-1524.5717443724473,-13721.145699352026,30.088202701153325,0.0,6.512686774769345,0.5322186826831764,1.0535085201263428,0.9572281837463379,1.0036720434824626,2.3871217568715415,0.0,0.0,0.0,1.0,1.0,1.8117434635716236,2.17827340430906,19.60446063878086,0.11888941833179299,0.0,0.9497717197014702,0.0034342948097548067,0.01801436787984265,0.0011016255722210387,0.001583219832649222,0.01635679404786282,0.0,0.0,0.0,0.0,0.0,3
IEEE69,gcn,TP1,16,33600,1629.7935616665766,-2218.7341296761124,-19968.60716708501,43.18295622253694,0.0,6.340015366668555,0.8010514562742578,1.1465351184209187,0.9551246166229248,1.0,2.941066344579061,0.0,0.0,0.0,1.0,1.0,6.921304562915405,8.352439676386759,75.1719570874826,0.15871034605064685,0.0,1.2750726499275749,0.005101142035799314,0.034430915629227024,0.0015936637918804568,0.0,0.012132296728901834,0.0,0.0,0.0,0.0,0.0,3
IEEE69,gcn,TP1,17,33696,1907.04563662107,-2584.7977760103017,-23263.179984092712,45.038270135844265,0.0,6.7746427336063535,0.8462027899093099,1.2444217205047607,0.951263944307963,1.0,3.0322682857513428,0.0,0.0,0.0,1.0,1.0,10.543863303850486,13.052915553578917,117.47623998221177,0.16642741110490128,0.0,1.6307968718806098,0.005335023804255905,0.022508109359343578,0.0009776858190077885,0.0,0.03944378164074642,0.0,0.0,0.0,0.0,0.0,3
IEEE69,gcn,TP1,18,33792,1970.9290241354718,-2673.646752322162,-24062.820770899456,49.53229578401503,0.0,6.506565450123933,0.8926779954797691,1.2037592331568399,0.9528761307398478,1.0,2.9418960412343345,0.0,0.0,0.0,1.0,1.0,4.852034606621757,6.198348576134527,55.78513718520905,0.16348410425234444,0.0,1.1192918511169283,0.005226609876454949,0.027688348369378085,0.0011903583011426068,0.0,0.0686313639601542,0.0,0.0,0.0,0.0,0.0,3
IEEE69,gcn,TP1,19,33888,1301.2255110102558,-1785.6291158817432,-16070.66204293569,39.04378424698674,0.0,6.016653246955175,0.7532411091443564,1.19565745194753,0.9535073439280192,1.0,2.957815090815226,0.0,0.0,0.0,1.0,1.0,1.6984356082628829,1.8500096622277324,16.65008696004978,0.13197803066014827,0.0,1.0638300259340392,0.004258194608259559,0.032814507648328134,0.001671588519881039,0.0,0.07152342752786495,0.0,0.0,0.0,0.0,0.0,3
IEEE69,gcn,TP1,20,33984,1269.4607687537289,-1747.8089854364043,-15730.280868927637,40.88750577416249,0.0,6.019726623155602,0.7810820765379402,1.2190451622009277,0.9525717894236246,1.0,3.0191449324289956,0.0,0.0,0.0,1.0,1.0,1.5355934137659804,2.5080247195718637,22.572222476147267,0.1194649454705344,0.0,0.8601401535915256,0.0038754198069628856,0.031083098663729766,0.0014472983110476103,0.0,0.048902897097733815,0.0,0.0,0.0,0.0,0.0,3
IEEE69,gcn,TP1,21,34080,923.9211280011071,-1271.5695031892371,-11444.125528703133,31.151999191036037,0.0,6.067277301434011,0.5646521716068188,1.079388499259949,0.9585181872049967,1.006087025006612,2.6761674086252847,0.0,0.0,0.0,1.0,1.0,10.172826782419664,13.672925848255371,123.0563326343001,0.06672102569335066,0.0,0.8267253141212533,0.004213992489370101,0.05743112333510365,0.002196361331927456,0.0029882366461041693,0.042348882110414016,0.0,0.0,0.0,0.0,0.0,3
IEEE69,gcn,TP1,22,34176,733.7972513775491,-1015.0766590679133,-9135.68993161122,24.919657737140977,0.44565796207841984,7.683314820283942,0.4872294339454836,0.985052247842153,0.9614519476890564,1.0134405692418416,2.3652443091074624,0.0,0.0,0.0,1.0,1.0,21.08964755464307,31.59468327625624,284.3521494863068,0.533882738682758,0.3905511270670213,0.5995904132990504,0.03265707451430514,0.039939911306661476,0.002181549180479272,0.005283507512030842,0.06598482009465564,0.0,0.0,0.0,0.0,0.0,3
IEEE69,gcn,TP1,23,34272,1650.6552790409835,-2255.6743719666097,-20301.069347699482,47.86177785084025,0.0,6.728609366725351,0.8797251960883538,1.1847373644510906,0.953799307346344,1.0,2.9283934434254966,0.0,0.0,0.0,1.0,1.0,0.9296950987443554,0.9615205517887558,8.653684966097982,0.17315992788455192,0.0,1.1555752468204423,0.005609065527611009,0.04585741707544748,0.0023585325784145077,0.0,0.03012345892664643,0.0,0.0,0.0,0.0,0.0,3
IEEE69,gcn,TP1,24,34368,1772.8126015088199,-2418.039020361724,-21762.351183255512,50.55419837280048,0.0,6.541897643018916,0.908252866524789,1.235767404238383,0.9519854187965393,1.0,3.034318685531616,0.0,0.0,0.0,1.0,1.0,1.8724624670714078,1.7125528236066476,15.412975412458263,0.17517082137516216,0.0,1.2626548867185288,0.005633995455975745,0.02405341632753195,0.0011174243872146858,0.0,0.03639069612122721,0.0,0.0,0.0,0.0,0.0,3
IEEE69,gcn,TP1,25,34464,1973.3029593769086,-2677.254790765268,-24095.29311688741,50.683347865542,0.0,6.705120558787725,0.8968522664573456,1.1719815333684285,0.9547832210858663,1.0,3.032236893971761,0.0,0.0,0.0,1.0,1.0,1.0874882587258394,1.3801824996640362,12.421642496976323,0.1136187717390623,0.0,0.3785055248402371,0.003661527122763833,0.012817151266061842,0.0004855132015879485,0.0,0.069255615889228,0.0,0.0,0.0,0.0,0.0,3
IEEE69,gcn,TP1,26,34560,1528.9446652154413,-2080.6482519220426,-18725.83426729838,39.218353146275454,0.0,6.044791497166202,0.7451142184436321,1.1729471683502197,0.9543191989262899,1.000036319096883,2.8927153746287027,0.0,0.0,0.0,1.0,1.0,7.910504471001143,9.7789058039353,88.01015223541805,0.12399420332981263,0.0,1.1954332210061116,0.003916111927458036,0.021725817159564745,0.0010460913437433605,6.290652108659547e-05,0.06056292633602447,0.0,0.0,0.0,0.0,0.0,3
IEEE69,gcn,TP1,27,34656,1184.9137473129379,-1634.7638334874753,-14712.874501387278,39.09031232099611,0.0,5.944635728677935,0.7559861408339607,1.1670087575912476,0.9545139670372009,1.0001384019851685,2.932288567225138,0.0,0.0,0.0,1.0,1.0,1.603934297337574,1.6833357536217262,15.150021782595545,0.10522423751490358,0.0,0.7100020986527094,0.0033567515614431605,0.07013373301868707,0.002773913600803028,0.00023971927018016177,0.01872186661721988,0.0,0.0,0.0,0.0,0.0,3
IEEE69,gcn,TP1,28,34752,933.958035443817,-1296.6524304813809,-11669.871874332428,37.94544469430912,0.0,6.227342495896054,0.660856606438756,1.0798424084981284,0.9583308100700378,1.0,2.594255208969116,0.0,0.0,0.0,1.0,1.0,2.030344036978542,2.883153093835164,25.948377844516077,0.11363687198707,0.0,0.22836392971986497,0.003598211237937334,0.014371021444162873,0.0011831527828267735,0.0,0.02661068647445947,0.0,0.0,0.0,0.0,0.0,3
IEEE69,gcn,TP1,29,34848,951.5671649354189,-1312.7924319373237,-11815.131887435913,35.625038907492126,0.0,6.167468267308631,0.6067533095677694,0.9839010039965311,0.9610320727030436,1.0,2.3624329566955566,0.0,0.0,0.0,1.0,1.0,5.676646913045017,7.650244271035786,68.85219843932215,0.09793674726099341,0.0,0.27317183857008664,0.0031366788626473155,0.030498926297867383,0.001957685555706689,0.0,0.10593725300122114,0.0,0.0,0.0,0.0,0.0,3
IEEE69,gcn,TP1,30,34944,1417.7879983319508,-1958.645212173462,-17627.806909561157,46.25181634602328,0.0,6.225549363199531,0.8719808047430383,1.1933022340138753,0.953907310962677,1.0,3.0531625747680664,0.0,0.0,0.3333333333333333,1.0,1.0,4.313803041754337,7.456158103888827,67.10542293499996,0.14314383987674945,0.0,0.46098368005039536,0.0046702909853315825,0.06238081822891256,0.0019624355635578915,0.0,0.027519580492977747,0.0,0.0,0.5773502691896258,0.0,0.0,3
IEEE69,gcn,TP2,0,32064,1114.4702980991635,-1515.0802201143017,-13635.721981028715,29.462971739028944,0.0,6.051667313616474,0.5309159623252021,1.0639588832855225,0.9591943422953287,1.006642738978068,2.593742609024048,0.0,0.0,0.0,1.0,1.0,13.028645108789314,19.995006191045103,179.95505571940538,0.3370150308078769,0.0,1.1608396148502615,0.025124300407172496,0.011177407093007758,0.0007066387034837511,0.004830624084366028,0.021338304577672183,0.0,0.0,0.0,0.0,0.0,3
IEEE69,gcn,TP2,1,32160,905.8526931862319,-1235.916329311828,-11123.24696380645,24.738925347345987,0.17311803856041097,6.689882972064297,0.46599198939899605,1.0362187623977661,0.9584021170934042,1.0103436708450317,2.3788541158040366,0.0,0.0,0.0,1.0,1.0,23.92247374157042,36.50314943629401,328.5283449266468,0.5545690721825424,0.29984923849329986,1.4125732550218724,0.04217842203010306,0.016678069282689587,0.0007611829132338287,0.004798627985916896,0.021849900225319643,0.0,0.0,0.0,0.0,0.0,3
IEEE69,gcn,TP2,2,32256,1459.4049156077756,-1990.3737140055055,-17913.36342604955,39.23843244855804,0.0,6.497863051760383,0.7461353811538881,1.1357741753260295,0.9554578661918641,1.0006876786549885,2.803650379180908,0.0,0.0,0.0,1.0,1.0,5.179362049305234,5.998485751169492,53.9863717605231,0.19200123569388133,0.0,1.6268194668885696,0.005930589483707532,0.02090926603322188,0.0009566330628789852,0.0011910943697208797,0.1289845571034944,0.0,0.0,0.0,0.0,0.0,3
IEEE69,gcn,TP2,3,32352,1672.7546735006533,-2268.729449033737,-20418.565041303635,38.6579042585084,0.0,6.101545601619535,0.7541850846674708,1.1986701091130574,0.9531718293825785,1.0007526477177937,2.894658009211222,0.0,0.0,0.0,1.0,1.0,7.765376608662,9.48679371227983,85.38114341052072,0.15634064572059905,0.0,1.3412113528263696,0.004807034800100488,0.028612050587674805,0.001360324413418635,0.0013036240874194332,0.057265797257700146,0.0,0.0,0.0,0.0,0.0,3
IEEE69,gcn,TP2,4,32448,2064.8435500531127,-2790.0566403071084,-25110.509762763977,45.37661840161309,0.0,6.445348462014304,0.8471876922994852,1.2170751492182414,0.9523867766062418,1.0,2.8983593781789145,0.0,0.0,0.0,1.0,1.0,7.386645143934625,9.124715415357805,82.12243873822335,0.17960141542133326,0.0,1.4799217561199238,0.005567120447681693,0.03087792989145005,0.0013438073913189632,0.0,0.05421122505092387,0.0,0.0,0.0,0.0,0.0,3
IEEE69,gcn,TP2,5,32544,2781.83983322798,-3730.1000562597205,-33570.900506337486,50.46243689209405,0.0,6.019545702480072,0.910897319101625,1.1425329844156902,0.9556107322374979,1.0,2.9625035921732583,0.0,0.0,0.0,1.0,1.0,1.9276910335660213,2.0755427750167614,18.679884975149776,0.13614909876931824,0.0,1.0988091361794614,0.004363733361025999,0.0038300839170822515,0.00040239992410967383,0.0,0.06836043939959115,0.0,0.0,0.0,0.0,0.0,3
IEEE69,gcn,TP2,6,32640,2515.9513441689487,-3385.265835585418,-30467.392520268757,50.95830210131256,0.0,6.327530495197053,0.9174559503379794,1.164837161699931,0.9545402328173319,1.0,3.0025363763173423,0.0,0.0,0.0,1.0,1.0,4.5600964510437825,5.724040406774199,51.51636366097097,0.14407970557498362,0.0,1.0572370569343867,0.004582185733495027,0.02841047752092922,0.0015327031676317315,0.0,0.06433942883244446,0.0,0.0,0.0,0.0,0.0,3
IEEE69,gcn,TP2,7,32736,1839.7790562994257,-2477.049585872226,-22293.446272850037,39.01561278508901,0.0,6.598179426657737,0.683555739828282,1.0652660528818767,0.9580805500348409,1.0,2.5098607540130615,0.0,0.0,0.0,1.0,1.0,6.298347560083687,8.06362417223305,72.57261755009914,0.17463333311612045,0.0,1.8004735256911695,0.005438533821999991,0.01305105853072433,0.000637019066990738,0.0,0.05030430300959878,0.0,0.0,0.0,0.0,0.0,3
IEEE69,gcn,TP2,8,32832,1275.7127132635262,-1723.28720147549,-15509.58481327941,27.80418260458767,0.16722031491380332,7.062160557145745,0.5187236958493789,1.0871678988138835,0.955818792184194,1.0072354475657146,2.4367570877075195,0.0,0.0,0.0,1.0,1.0,27.639273780810765,38.98893407361197,350.9004066625062,0.4829045541207119,0.28963408148837505,1.6484496409785743,0.030003338330697547,0.01439192945096714,0.000625083064189783,0.00557174130135037,0.007464074934056515,0.0,0.0,0.0,0.0,0.0,3
IEEE69,gcn,TP2,9,32928,1981.2431264444429,-2674.681693571585,-24072.135242144268,40.78829355030575,0.0,6.0278326005494804,0.7935848685188427,1.251712679862976,0.9511758685112,1.0005065600077312,3.0351362228393555,0.0,0.0,0.0,1.0,1.0,9.663278991511516,11.857881786918588,106.72093608226695,0.17343673195100473,0.0,1.8197341987223932,0.005413699328995131,0.026088737246847987,0.0012676224035708449,0.0008773876704727988,0.05905189079470664,0.0,0.0,0.0,0.0,0.0,3
IEEE69,gcn,TP2,10,33024,2282.3492196207108,-3070.6226876311835,-27635.60418868065,43.01372552125819,0.0,6.1091295507067285,0.8296715240511631,1.211401383082072,0.9527803063392639,1.0013397137324016,3.01306414604187,0.0,0.0,0.0,1.0,1.0,9.830666382281679,11.986354368542141,107.87718931687952,0.20816849453391625,0.0,2.3174661062328714,0.006545825094785853,0.060584275358300015,0.001946538599829787,0.0023204522521172006,0.05864466570921655,0.0,0.0,0.0,0.0,0.0,3
IEEE69,gcn,TP2,11,33120,2284.4266125256013,-3076.3099351812293,-27686.78941663106,46.64993240874901,0.0,6.190826171843303,0.8535918196042379,1.1571953296661377,0.9547959963480631,1.0,2.891201972961426,0.0,0.0,0.0,1.0,1.0,3.4641185854874483,4.367819236168496,39.310373125519554,0.2066076682168131,0.0,2.2581891920668435,0.006430434354982894,0.017471851972803945,0.0009361885920210055,0.0,0.032714770575069475,0.0,0.0,0.0,0.0,0.0,3
IEEE69,gcn,TP2,12,33216,1670.4097101471705,-2260.8985512344925,-20348.08696111043,37.621304496831726,0.0,5.987233601155817,0.7158731731275717,1.1124362150828044,0.9567263523737589,1.0007349252700806,2.8346570332845054,0.0,0.0,0.0,1.0,1.0,1.7758983997158593,2.5399977975948866,22.859980178354796,0.16616743907617168,0.0,1.7899781358618307,0.005153885541312645,0.02468479920859999,0.0012217217158401101,0.0012729279075458203,0.10126976066350266,0.0,0.0,0.0,0.0,0.0,3
IEEE69,gcn,TP2,13,33312,1884.220175493755,-2560.678796061763,-23046.109164555866,48.453868815506816,0.0,6.346135371770152,0.8907097290373511,1.1440190474192302,0.9556882182757059,1.0,2.9629664421081543,0.0,0.0,0.0,1.0,1.0,4.649932967772828,5.827473586470659,52.44726227823679,0.1682146732213707,0.0,1.0523005027683419,0.0052203865160054454,0.07663670387637653,0.0027825392601954816,0.0,0.0873133973404041,0.0,0.0,0.0,0.0,0.0,3
IEEE69,gcn,TP2,14,33408,1072.7843428370654,-1463.4445906993415,-13171.001316294074,29.226160445939968,0.06742245454365546,6.331066911688436,0.5510066582096947,1.0909525156021118,0.9574620127677917,1.0068788131078084,2.588375727335612,0.0,0.0,0.0,1.0,1.0,18.54927731330401,27.122708951487503,244.10438056338745,0.4488313927087908,0.11677911684061436,1.101554498043736,0.024827285545870124,0.02384981350161468,0.0011413767820768173,0.005849892262161753,0.03540982866826758,0.0,0.0,0.0,0.0,0.0,3
IEEE69,gcn,TP2,15,33504,1122.2554098517712,-1525.8379021971314,-13732.541119774183,30.104174857538357,0.0,6.520749874731579,0.5359369557764795,1.0633975267410278,0.9569873809814453,1.0035620133082073,2.388036568959554,0.0,0.0,0.0,1.0,1.0,1.1179198851372527,1.42211810508526,12.799062945769244,0.1411020707168984,0.0,0.9546354395981582,0.004058105267947918,0.018762352508771136,0.001122020933613683,0.001685162373943571,0.015614246693231377,0.0,0.0,0.0,0.0,0.0,3
IEEE69,gcn,TP2,16,33600,1630.6672891455246,-2220.468093059681,-19984.212837537132,43.20160764755565,0.0,6.356546760415948,0.8058423097762796,1.1458492676417034,0.9553566376368204,1.0,2.9543262322743735,0.0,0.0,0.0,1.0,1.0,6.1174333089804245,7.220094730152398,64.9808525713724,0.18586584591242888,0.0,1.288831653145891,0.005894188449238637,0.02232062384936947,0.0010290431987762388,0.0,0.023607957702907495,0.0,0.0,0.0,0.0,0.0,3
IEEE69,gcn,TP2,17,33696,1907.9537453513728,-2586.621493215914,-23279.593438943226,45.05860444874088,0.0,6.819991770472612,0.8513542597906457,1.2462163766225178,0.9514148036638895,1.0,3.0281790097554526,0.0,0.0,0.0,1.0,1.0,9.225745885954833,11.263412348874027,101.37071113986524,0.19097511498269354,0.0,1.6145235488149823,0.006044853515424993,0.02855861468533335,0.00124816984147293,0.0,0.04427496016144315,0.0,0.0,0.0,0.0,0.0,3
IEEE69,gcn,TP2,18,33792,1972.0978861419624,-2675.8489828462953,-24082.640845616657,49.55104642475999,0.0,6.501339696707556,0.8981472558031479,1.2053687572479248,0.9532671372095743,1.0,2.94275164604187,0.0,0.0,0.0,1.0,1.0,4.318930635881624,5.6333127442486735,50.69981469823943,0.19369864111639978,0.0,1.1728162201626176,0.006112280109393451,0.03805993916780846,0.0016601192433109303,0.0,0.06892089658011691,0.0,0.0,0.0,0.0,0.0,3
IEEE69,gcn,TP2,19,33888,1301.8086684261923,-1786.88100902681,-16081.92908124129,39.06005419508256,0.0,6.00831498958195,0.7571964694394006,1.1911048889160156,0.9539880951245626,1.0,2.945725679397583,0.0,0.0,0.0,1.0,1.0,1.2287496213888482,1.516495207073753,13.648456863663515,0.15859389753309744,0.0,1.0728182438062064,0.005010182339418957,0.019304541627844042,0.0010533427825646208,0.0,0.08864513538851304,0.0,0.0,0.0,0.0,0.0,3
IEEE69,gcn,TP2,20,33984,1270.0264314180279,-1749.088322657126,-15741.794903914133,40.90778633035916,0.0,6.040938545206721,0.7854390400979253,1.2189642588297527,0.9527788360913595,1.0,3.012630065282186,0.0,0.0,0.0,1.0,1.0,2.3901577456406597,3.725926310925828,33.53333679833446,0.14903533567208035,0.0,0.8667273422218614,0.0047215103836458,0.026414425976619024,0.0011949050417280282,0.0,0.06051910802004116,0.0,0.0,0.0,0.0,0.0,3
IEEE69,gcn,TP2,21,34080,924.4830578111322,-1272.764413896534,-11454.879725068808,31.166679576360668,0.0,6.071604371655411,0.5683679373727905,1.086592475573222,0.9583643078804016,1.00611408551534,2.6763526598612466,0.0,0.0,0.0,1.0,1.0,9.40502100222493,12.594210786457133,113.34789707811308,0.04009789914716935,0.0,0.8707510646270573,0.0037440771015339693,0.05790758790626091,0.002210249452530786,0.0029516986983068177,0.042356308791541494,0.0,0.0,0.0,0.0,0.0,3
IEEE69,gcn,TP2,22,34176,734.4573759123667,-1016.3643879564825,-9147.279491608342,24.938822437258448,0.4486425912917887,7.6917844875749966,0.49064831994473934,0.9915149410565695,0.9613378047943115,1.0136195023854573,2.365267515182495,0.0,0.0,0.0,1.0,1.0,20.407724538586837,30.670790880389998,276.0371179235098,0.5102345495626951,0.39171223937458977,0.5892336424242768,0.03242364933541145,0.040351193547312966,0.0022113390953609514,0.005121830953526105,0.06596562982733999,0.0,0.0,0.0,0.0,0.0,3
IEEE69,gcn,TP2,23,34272,1651.7499524327038,-2257.805757628547,-20320.25181865692,47.88118542997654,0.0,6.71340108053858,0.8853997863415214,1.176731824874878,0.9544170101483663,1.0,2.9246488412221274,0.0,0.0,0.0,1.0,1.0,1.598945881957173,2.286202868583238,20.57582581724974,0.2039292176549102,0.0,1.161453537185294,0.0065156620450231365,0.03720014087689871,0.001858453165101376,0.0,0.024200071309354997,0.0,0.0,0.0,0.0,0.0,3
IEEE69,gcn,TP2,24,34368,1773.563469292584,-2419.6990493491844,-21777.29144414266,50.57552671618456,0.0,6.578866990308117,0.9137311074882746,1.2378180821736653,0.9520657857259115,1.0,3.0278879006703696,0.0,0.0,0.0,1.0,1.0,0.8572249311680635,0.3802989791173147,3.4226908120552957,0.20409953019811897,0.0,1.268678685383313,0.006493183749094155,0.030118153824457185,0.001310754366708488,0.0,0.02430287579917608,0.0,0.0,0.0,0.0,0.0,3
IEEE69,gcn,TP2,25,34464,1974.1611894278751,-2679.0347270965576,-24111.31254386902,50.70263855848802,0.0,6.73708745465495,0.902172282545103,1.169142723083496,0.9550672769546509,1.0,3.032336870829264,0.0,0.0,0.0,1.0,1.0,0.8167080120015002,1.4999745411001006,13.499770869899494,0.1406641471135835,0.0,0.39307982869876407,0.004427754825938031,0.019847642364476843,2.9372513383593493e-05,0.0,0.0692301910353254,0.0,0.0,0.0,0.0,0.0,3
IEEE69,gcn,TP2,26,34560,1529.703845436089,-2082.102611797827,-18738.923506180447,39.235944133377416,0.0,6.05191294300549,0.7488575093448162,1.1648455460866292,0.9548318982124329,1.0000678300857544,2.8979888757069907,0.0,0.0,0.0,1.0,1.0,6.87551057407335,8.333039327522865,74.99735394770487,0.1510156773840265,0.0,1.2021476560375033,0.00469003255332924,0.017315940913250234,0.0007041616474319568,0.00011748515480836524,0.08342874375381322,0.0,0.0,0.0,0.0,0.0,3
IEEE69,gcn,TP2,27,34656,1185.4303344798066,-1635.9558089750783,-14723.602280775705,39.10999119183907,0.0,5.967794257314662,0.7601550403568479,1.165851632754008,0.9547678033510844,1.0001687208811443,2.9324814478556314,0.0,0.0,0.0,1.0,1.0,1.0876988732623452,1.135035114403925,10.215316029635595,0.13316734096357824,0.0,0.7243745029261296,0.0041400848142415245,0.05625605021389951,0.0020151683219705174,0.0002922331384395701,0.018727107233769354,0.0,0.0,0.0,0.0,0.0,3
IEEE69,gcn,TP2,28,34752,934.4253074488865,-1297.9249825830814,-11681.324843247732,37.96313725616468,0.0,6.218468593996936,0.6661847865002023,1.0874918699264526,0.9581587513287863,1.0,2.5946743488311768,0.0,0.0,0.0,1.0,1.0,2.4579791560760236,3.5752376070424026,32.177138463380786,0.14146226925953512,0.0,0.24557204524100665,0.004379326265823791,0.014816390340009736,0.0011982674732571176,0.0,0.02632617639838886,0.0,0.0,0.0,0.0,0.0,3
IEEE69,gcn,TP2,29,34848,952.3530600030568,-1314.491125124472,-11830.420126120249,35.645951954341704,0.0,6.215160356277646,0.6121758334338665,0.9915572802225748,0.9608373840649923,1.0,2.3630425930023193,0.0,0.0,0.0,1.0,1.0,6.64845028381937,8.977000838046232,80.79300754241552,0.12270125380480226,0.0,0.2694729040609877,0.003837467776399844,0.030511720999672243,0.0019515582884460092,0.0,0.10631879486212271,0.0,0.0,0.0,0.0,0.0,3
IEEE69,gcn,TP2,30,34944,1418.4935745230641,-1960.34047932095,-17643.06431388855,46.27348072427594,0.0,6.220636558894714,0.8782139911005894,1.1972837845484416,0.9538581172625223,1.0,3.0516652266184487,0.0,0.0,0.3333333333333333,1.0,1.0,3.754176862568808,8.70857498450352,78.37717486053114,0.1754781135255606,0.0,0.4900872343242365,0.005607769004906742,0.07021889449829904,0.0023120143309932196,0.0,0.0292469033775233,0.0,0.0,0.5773502691896258,0.0,0.0,3
IEEE69,gcn,TP3,0,32064,1114.4995074190895,-1514.785927903321,-13633.07335112989,29.46242080957927,0.0,6.047043382912853,0.5282531136439906,1.066074053446452,0.9589142004648844,1.006550947825114,2.6008476416269937,0.0,0.0,0.0,1.0,1.0,14.407787061020345,21.888606655402967,196.99745989862632,0.37119999753148736,0.0,1.1500195819320613,0.026012198140845832,0.017965682959083105,0.0011092201190650572,0.0048414265811896244,0.02170549090330405,0.0,0.0,0.0,0.0,0.0,3
IEEE69,gcn,TP3,1,32160,905.1094658506522,-1234.5629500633588,-11111.066550570229,24.715261955102203,0.17318882187843135,6.680051815909924,0.46287692358924276,1.0353548924128215,0.9582675894101461,1.0102427800496419,2.3822333017985025,0.0,0.0,0.0,1.0,1.0,24.708723684561427,37.662748623512,338.9647376116083,0.5736071712217571,0.29997183879643946,1.4536706955924694,0.043313474927799064,0.01765654305578939,0.0007527571313520707,0.004844879296113652,0.02008272630219612,0.0,0.0,0.0,0.0,0.0,3
IEEE69,gcn,TP3,2,32256,1458.8089317523638,-1989.0783261943745,-17901.70493574937,39.22096747252666,0.0,6.475884301418652,0.741963752441936,1.1292956272761028,0.9555177688598633,1.000648299853007,2.81023375193278,0.0,0.0,0.0,1.0,1.0,6.058261142432888,7.22794079975524,65.05146719779857,0.16756906716762648,0.0,1.637376442348908,0.005267995469671048,0.029377655889989487,0.0012869375890128172,0.0011228882839475725,0.11766887028995006,0.0,0.0,0.0,0.0,0.0,3
IEEE69,gcn,TP3,3,32352,1671.9085564508223,-2267.0832435466623,-20403.749191919964,38.64109335843447,0.0,6.103017598671552,0.7498093127376504,1.200256586074829,0.9528299967447916,1.0006965001424153,2.9042608737945557,0.0,0.0,0.0,1.0,1.0,8.735007769947027,10.815525755978538,97.33973180380978,0.13239095638860865,0.0,1.3400214965627937,0.004141255342451257,0.028542359993269876,0.0012176469802962352,0.0012063736341423542,0.04071408378859927,0.0,0.0,0.0,0.0,0.0,3
IEEE69,gcn,TP3,4,32448,2064.060286124457,-2788.347656921104,-25095.128912289936,45.3595870027184,0.0,6.460373204991036,0.8416544157597753,1.2094085216522217,0.9524651169776917,1.0,2.8970473607381186,0.0,0.0,0.0,1.0,1.0,8.073575865950753,9.980302222291673,89.8227200006266,0.15568063145205863,0.0,1.5025807903660713,0.004870072814895918,0.02583794544108689,0.0010195739427896451,0.0,0.05499695837026495,0.0,0.0,0.0,0.0,0.0,3
IEEE69,gcn,TP3,5,32544,2780.40195090564,-3727.4597701319944,-33547.13793118795,50.444112670848575,0.0,6.039572127864646,0.9047237854037019,1.1454750299453735,0.955287754535675,1.0,2.985124190648397,0.0,0.0,0.0,1.0,1.0,3.0296607444290293,3.499286891259477,31.493582021335296,0.11360261325592634,0.0,1.141336150617648,0.003722979168201913,0.013505882545180552,0.000983222518587073,0.0,0.0768406324537287,0.0,0.0,0.0,0.0,0.0,3
IEEE69,gcn,TP3,6,32640,2514.768120490119,-3382.917944943463,-30446.26150449117,50.936827980762246,0.0,6.290404539312656,0.9109722767025232,1.175363024075826,0.9539756178855896,1.0,3.004799207051595,0.0,0.0,0.0,1.0,1.0,4.986265224213807,6.228625778541234,56.057632006869525,0.1193656233012077,0.0,1.063600724250309,0.003880179412745783,0.0608781967033739,0.003164142168540212,0.0,0.060022803842716126,0.0,0.0,0.0,0.0,0.0,3
IEEE69,gcn,TP3,7,32736,1838.9055081448425,-2475.152858063027,-22276.37572256724,38.99479535830142,0.0,6.543475305474398,0.6774631761428381,1.060009519259135,0.9581480622291565,1.0,2.510467529296875,0.0,0.0,0.0,1.0,1.0,6.269779989281695,7.896832866041669,71.07149579437296,0.1520329023732804,0.0,1.7867508008347772,0.0047839817370640475,0.00796201901467599,0.000452544154739568,0.0,0.04951027325883672,0.0,0.0,0.0,0.0,0.0,3
IEEE69,gcn,TP3,8,32832,1273.568085253651,-1719.9361040810193,-15479.424936729172,27.76320977374174,0.16723845074456334,7.078673002218437,0.5141948502924707,1.0810346603393555,0.955886721611023,1.0071943600972493,2.436526298522949,0.0,0.0,0.0,1.0,1.0,29.798919282602025,41.69865562717347,375.2879006445628,0.5272394762638063,0.2896654936686888,1.658612110691268,0.030074809182606542,0.01501271268557245,0.0006384919630153446,0.005599519784379403,0.0022429923084288797,0.0,0.0,0.0,0.0,0.0,3
IEEE69,gcn,TP3,9,32928,1980.3630021310255,-2672.896531864449,-24056.06878678004,40.76956823509863,0.0,6.0280759239186565,0.7884516271038189,1.2527025540669758,0.9508575002352396,1.0005008379618328,3.0387845039367676,0.0,0.0,0.0,1.0,1.0,10.856640256775473,13.50186568577679,121.51679117199075,0.14892441266579537,0.0,1.8202080663635343,0.0046972399669186855,0.02715985638686532,0.0011643348062354139,0.0008674767962534639,0.05327172792775967,0.0,0.0,0.0,0.0,0.0,3
IEEE69,gcn,TP3,10,33024,2281.38523837892,-3068.702777677112,-27618.32499909401,42.99753882365925,0.0,6.118308698055273,0.8243316407832834,1.2033958832422893,0.9527576764424642,1.0013273159662883,3.005051771799723,0.0,0.0,0.0,1.0,1.0,11.198874091014435,13.867982890897814,124.81184601807911,0.18821751520819144,0.0,2.3282475152800925,0.005971705853444975,0.054054505396161745,0.002124009221981995,0.002298978691308642,0.06953946533441496,0.0,0.0,0.0,0.0,0.0,3
IEEE69,gcn,TP3,11,33120,2282.6646705442367,-3073.328798082139,-27659.959182739258,46.62910966904383,0.0,6.164574078016847,0.8480646477805244,1.1455512841542563,0.9550607601801554,1.0,2.8869404792785645,0.0,0.0,0.0,1.0,1.0,3.3233041991201433,3.9366234831274594,35.42961134814745,0.18095387995674853,0.0,2.251446890849572,0.005672054258639517,0.0229716744028213,0.0011165030711066247,0.0,0.03572912890398109,0.0,0.0,0.0,0.0,0.0,3
IEEE69,gcn,TP3,12,33216,1669.5310953463093,-2259.296458809464,-20333.668129285175,37.605296837207185,0.0,5.99956655387614,0.7121882703569201,1.1154266993204753,0.9562779664993286,1.0007070302963257,2.8200012842814126,0.0,0.0,0.0,1.0,1.0,1.568752109565029,1.806281728484818,16.256535556365098,0.1415870421083777,0.0,1.7776847912658988,0.004466027394636054,0.016450124464586158,0.0007585803102160722,0.001224612395726563,0.0930612332124442,0.0,0.0,0.0,0.0,0.0,3
IEEE69,gcn,TP3,13,33312,1883.1030102385857,-2558.452257121051,-23026.07031408946,48.43453885231671,0.0,6.330410907783275,0.8845085294710265,1.142056902249654,0.9556437730789185,1.0,2.9638394514719644,0.0,0.0,0.0,1.0,1.0,4.039192778650648,4.917641761322672,44.2587758519021,0.14192469532288182,0.0,1.0475188768797832,0.004464903406172848,0.06984145098375036,0.002521392322053403,0.0,0.0893907274248638,0.0,0.0,0.0,0.0,0.0,3
IEEE69,gcn,TP3,14,33408,1072.4076059975093,-1462.5153353324642,-13162.638017992178,29.214519669837802,0.0680820879715138,6.2911789632650565,0.5474602044042615,1.0884851217269897,0.9572931130727133,1.0068478186925252,2.590667486190796,0.0,0.0,0.0,1.0,1.0,20.178841828687503,29.354275233432283,264.1884771008908,0.4887407699380209,0.11792163545203582,1.1006684638295285,0.025878696441011755,0.015152675337301585,0.000685040163641381,0.0059310494940194615,0.03131775410019401,0.0,0.0,0.0,0.0,0.0,3
IEEE69,gcn,TP3,15,33504,1121.6375830814352,-1524.554689746764,-13720.992207720876,30.08817263769136,0.0,6.512667280039726,0.532092607476645,1.053375283877055,0.9572282632191976,1.003672202428182,2.3871185779571533,0.0,0.0,0.0,1.0,1.0,1.8118996112554246,2.1784789384997834,19.606310446497762,0.11888466079894548,0.0,0.9497598323443363,0.003434183385754189,0.01801715153531627,0.001101605224597944,0.0015829656500915064,0.01635775039747703,0.0,0.0,0.0,0.0,0.0,3
IEEE69,gcn,TP3,16,33600,1629.7919708100897,-2218.716075402719,-19968.44467862447,43.18291366013182,0.0,6.34001898187999,0.8009233857608504,1.146407683690389,0.9551247954368591,1.0,2.9410627683003745,0.0,0.0,0.0,1.0,1.0,6.921490698399768,8.352693194350742,75.17423874915401,0.15870774700523763,0.0,1.275080952380192,0.005101056347221547,0.034429148014955877,0.001593562678823902,0.0,0.012132663031639648,0.0,0.0,0.0,0.0,0.0,3
IEEE69,gcn,TP3,17,33696,1907.0435681123154,-2584.7785249816047,-23263.006724834442,45.03822360851882,0.0,6.774634397303345,0.84607003049718,1.2442871729532878,0.9512640039126078,1.0,3.032267173131307,0.0,0.0,0.0,1.0,1.0,10.543756143298138,13.05278445768132,117.47506011913605,0.1664237094174529,0.0,1.630774502303396,0.005334885224611252,0.022506788744556055,0.000977587254511158,0.0,0.039439233109760795,0.0,0.0,0.0,0.0,0.0,3
IEEE69,gcn,TP3,18,33792,1970.9270054686087,-2673.627964302346,-24062.65167872111,49.532243801966615,0.0,6.506552972071749,0.8925485387444496,1.2036327918370564,0.9528761506080627,1.0,2.9418934981028237,0.0,0.0,0.0,1.0,1.0,4.8520318262359305,6.19834706575325,55.785123591777214,0.16347831293123857,0.0,1.119264263920907,0.005226413162093536,0.027690035350223734,0.001190451984261554,0.0,0.06863551228079329,0.0,0.0,0.0,0.0,0.0,3
IEEE69,gcn,TP3,19,33888,1301.2241462399868,-1785.6119907211375,-16070.507916490236,39.043743696061334,0.0,6.016658802713235,0.7531180897106727,1.1955289045969646,0.9535074035326639,1.0,2.9578107992808023,0.0,0.0,0.0,1.0,1.0,1.6985351023080162,1.8501513844419746,16.6513624599766,0.13197586343184375,0.0,1.0638584197802006,0.004258121106797886,0.03281490099979971,0.001671562573384779,0.0,0.07152358193856116,0.0,0.0,0.0,0.0,0.0,3
IEEE69,gcn,TP3,20,33984,1269.4592328294254,-1747.7903375802216,-15730.113038221994,40.88745647835822,0.0,6.019719043005164,0.780948686103026,1.2189078330993652,0.9525718092918396,1.0,3.0191412766774497,0.0,0.0,0.0,1.0,1.0,1.5353417496047228,2.5076533024139738,22.56887972172546,0.11945269999994391,0.0,0.8601156325324066,0.003875053927499132,0.031085881865377692,0.0014473166129231646,0.0,0.04890240196316725,0.0,0.0,0.0,0.0,0.0,3
IEEE69,gcn,TP3,21,34080,923.9204135684955,-1271.5520787956536,-11443.968709160885,31.151973029126264,0.0,6.067277891801182,0.5645199873381191,1.0792497793833415,0.9585179487864176,1.006087025006612,2.67616597811381,0.0,0.0,0.0,1.0,1.0,10.173064012998111,13.673290332347865,123.05961299113176,0.06673013748951712,0.0,0.8267475556434714,0.004214435480509216,0.0574344190355866,0.00219625424297343,0.0029882366461041693,0.04234988527914608,0.0,0.0,0.0,0.0,0.0,3
IEEE69,gcn,TP3,22,34176,733.796299603966,-1015.061206670823,-9135.550860037407,24.919626635156117,0.4456592165710682,7.683293219605844,0.487115528434515,0.9849240183830261,0.9614519278208414,1.0134406089782715,2.365244706471761,0.0,0.0,0.0,1.0,1.0,21.090090693244914,31.595272406191672,284.35745165572547,0.5338980570125309,0.3905504135709663,0.5996083126131068,0.032657167235037685,0.0399352059366328,0.002181538206887902,0.005283325416914032,0.0659848263251798,0.0,0.0,0.0,0.0,0.0,3
IEEE69,gcn,TP3,23,34272,1650.6534701918217,-2255.654999344437,-20300.894994099934,47.86172347312216,0.0,6.728584493234657,0.8795887918935882,1.1846030155817668,0.9537994265556335,1.0,2.9283862908681235,0.0,0.0,0.0,1.0,1.0,0.9300289410666531,0.9617814083301349,8.656032674974456,0.17315123650170822,0.0,1.1555512336782197,0.0056087741230904445,0.04585542711746424,0.0023584153142194968,0.0,0.030119370567076646,0.0,0.0,0.0,0.0,0.0,3
IEEE69,gcn,TP3,24,34368,1772.8107533865143,-2418.0198279486763,-21762.178451538086,50.55414265301382,0.0,6.541878341289961,0.9081183614002334,1.2356369495391848,0.951985458532969,1.0,3.034297068913778,0.0,0.0,0.0,1.0,1.0,1.8729410915725642,1.7132025844923644,15.418823260432731,0.1751621267975651,0.0,1.2626200271515986,0.00563370175517134,0.024058146327239783,0.0011174923877858216,0.0,0.03638027256139905,0.0,0.0,0.0,0.0,0.0,3
IEEE69,gcn,TP3,25,34464,1973.3010460794087,-2677.235997376619,-24095.12397638957,50.68329780531045,0.0,6.70515983204248,0.8967216501219405,1.1718496084213257,0.9547833601633707,1.0,3.0322322050730386,0.0,0.0,0.0,1.0,1.0,1.087454841916864,1.380162925064314,12.421466325576347,0.11361848795741633,0.0,0.37854019080382045,0.003661505507996742,0.012811797796321424,0.0004853652752985384,0.0,0.06925765657105047,0.0,0.0,0.0,0.0,0.0,3
IEEE69,gcn,TP3,26,34560,1528.9429848366315,-2080.6306947337257,-18725.676252603535,39.21831080290394,0.0,6.044789277656995,0.7449910947018199,1.172821323076884,0.9543192982673645,1.0000362793604534,2.892707665761312,0.0,0.0,0.0,1.0,1.0,7.910742464264482,9.77924865122001,88.01323786097899,0.12398798114659874,0.0,1.1954342134739773,0.003915920668562494,0.02172801468551278,0.0010460831685420266,6.28376955713597e-05,0.060561465719623314,0.0,0.0,0.0,0.0,0.0,3
IEEE69,gcn,TP3,27,34656,1184.9124467396098,-1634.7460264850545,-14712.714238365492,39.09026976277892,0.0,5.944633320620242,0.7558570073710548,1.1668717861175537,0.9545141855875651,1.0001384019851685,2.9322851498921714,0.0,0.0,0.0,1.0,1.0,1.6041148097901072,1.6835894617514138,15.152305155764045,0.10521760351751216,0.0,0.7099893634664929,0.0033565248566410195,0.07014050009865568,0.002774052969024985,0.00023971927018016177,0.018722997373477004,0.0,0.0,0.0,0.0,0.0,3
IEEE69,gcn,TP3,28,34752,933.957096230716,-1296.6339593463474,-11669.705634117126,37.94540386042718,0.0,6.2273272886867845,0.6607183925807476,1.0797086954116821,0.9583306312561035,1.0,2.5942538579305015,0.0,0.0,0.0,1.0,1.0,2.0303310765985527,2.883122569319699,25.9481031238797,0.11362923810464115,0.0,0.22835377705068433,0.0035979623479215133,0.014375098811149841,0.0011831670383032253,0.0,0.026607022309057815,0.0,0.0,0.0,0.0,0.0,3
IEEE69,gcn,TP3,29,34848,951.5661734206711,-1312.7727174582305,-11814.954457124075,35.62499086027977,0.0,6.1674137317707975,0.6066056936979294,0.9837562839190165,0.9610321919123331,1.0,2.36242667833964,0.0,0.0,0.0,1.0,1.0,5.676820673339627,7.650442369967504,68.85398132970758,0.09792842105351517,0.0,0.27321238956274896,0.003136393029999609,0.030500952686717927,0.001957793606685427,0.0,0.10593840647604628,0.0,0.0,0.0,0.0,0.0,3
IEEE69,gcn,TP3,30,34944,1417.7865369314886,-1958.6249255427608,-17627.624329884846,46.251764986135946,0.0,6.225581470112837,0.871833483585053,1.193156639734904,0.9539073705673218,1.0,3.05315629641215,0.0,0.0,0.3333333333333333,1.0,1.0,4.314163607427618,7.4559564859959595,67.10360837396645,0.14313717212729105,0.0,0.4609762428672906,0.004670078832102976,0.062382097629734574,0.0019624712454173686,0.0,0.027520303130238233,0.0,0.0,0.5773502691896258,0.0,0.0,3
IEEE69,gcn,TP4,0,32064,1114.4691286530706,-1515.0629982766177,-13635.56698448956,29.462940436545978,0.0,6.051671727457159,0.5307901586509414,1.0638267199198406,0.9591942230860392,1.006642738978068,2.5937413374582925,0.0,0.0,0.0,1.0,1.0,13.028502696272792,19.994791635355416,179.95312471819972,0.33701056533562684,0.0,1.1608405679634464,0.025124067365843078,0.011180362254990315,0.0007067804833390371,0.004830624084366028,0.0213362680994526,0.0,0.0,0.0,0.0,0.0,3
IEEE69,gcn,TP4,1,32160,905.851717385649,-1235.9003928524478,-11123.10353567203,24.73889840568275,0.1731179553569834,6.689891073315657,0.46587448712024426,1.03609303633372,0.958402136961619,1.010343631108602,2.378851811091105,0.0,0.0,0.0,1.0,1.0,23.92226009415785,36.50277355801322,328.5249620221186,0.5545630442138504,0.299849094380736,1.4125433754778436,0.042177671501515406,0.016677470966330397,0.0007611423551400783,0.0047986738974140014,0.02184926450993213,0.0,0.0,0.0,0.0,0.0,3
IEEE69,gcn,TP4,2,32256,1459.403502406906,-1990.3569727120575,-17913.21275440852,39.23839531323089,0.0,6.497865082178553,0.7460159738030699,1.135655124982198,0.9554578860600791,1.0006876786549885,2.803645451863607,0.0,0.0,0.0,1.0,1.0,5.179458267402593,5.99861195367354,53.98750758306389,0.1919987358263555,0.0,1.6268248458264483,0.005930511751669907,0.020912759177589366,0.0009566622848386242,0.0011910943697208797,0.12898194192067444,0.0,0.0,0.0,0.0,0.0,3
IEEE69,gcn,TP4,3,32352,1672.752780777774,-2268.7109663486476,-20418.398697137833,38.65786273797979,0.0,6.101534736773243,0.7540567086802588,1.198532541592916,0.9531722068786621,1.000752290089925,2.8946430683135986,0.0,0.0,0.0,1.0,1.0,7.76533148738339,9.486756141662822,85.38080527496422,0.15633637678090037,0.0,1.3411879710305936,0.004806909682800365,0.028609468550877627,0.0013602255055777952,0.001303004657780869,0.057282701185474724,0.0,0.0,0.0,0.0,0.0,3
IEEE69,gcn,TP4,4,32448,2064.8412384432845,-2790.0368271227235,-25110.33144410451,45.37656794853865,0.0,6.445339717402221,0.8470529719359345,1.2169438203175862,0.9523868163426717,1.0,2.8983535766601562,0.0,0.0,0.0,1.0,1.0,7.386663165125833,9.124739159000873,82.12265243100637,0.17959561524736908,0.0,1.479899491196034,0.00556692573443746,0.030881353232437403,0.0013438716650459826,0.0,0.05421070794214368,0.0,0.0,0.0,0.0,0.0,3
IEEE69,gcn,TP4,5,32544,2781.8368651198325,-3730.0798126503273,-33570.71831385294,50.46238222210135,0.0,6.019548680863925,0.9107660599466826,1.142407496770223,0.9556106925010681,1.0,2.962493896484375,0.0,0.0,0.0,1.0,1.0,1.9277418965509039,2.075596656062819,18.68036990456746,0.13614648585451877,0.0,1.0988217030510041,0.0043636516415352785,0.003830480114737434,0.00040245349672374644,0.0,0.06836508828928847,0.0,0.0,0.0,0.0,0.0,3
IEEE69,gcn,TP4,6,32640,2515.948185382593,-3385.243514802721,-30467.191633224487,50.958239023605834,0.0,6.327511951462053,0.9173099328246382,1.1646912097930908,0.9545406500498453,1.0,3.0025293827056885,0.0,0.0,0.0,1.0,1.0,4.5601727834537344,5.724140038866805,51.517260349800466,0.14407536505477833,0.0,1.0572412445738177,0.0045820445004627185,0.02840651147654755,0.0015321357804552217,0.0,0.06433841059840478,0.0,0.0,0.0,0.0,0.0,3
IEEE69,gcn,TP4,7,32736,1839.7771293652158,-2477.028932571411,-22293.2603931427,39.015568876150915,0.0,6.598169902854463,0.6834103477497896,1.0651217301686604,0.95808078845342,1.0,2.509857734044393,0.0,0.0,0.0,1.0,1.0,6.298329336613932,8.063591345913444,72.57232211322237,0.1746236868717062,0.0,1.8004423699812482,0.005438212241257832,0.013058436130700235,0.0006373462021097451,0.0,0.05030424033365715,0.0,0.0,0.0,0.0,0.0,3
IEEE69,gcn,TP4,8,32832,1275.7090010737493,-1723.264803694354,-15509.383233249187,27.80409883284968,0.16722031603139043,7.062190146851639,0.5185829061600896,1.0870200792948406,0.955818792184194,1.0072354078292847,2.436748663584391,0.0,0.0,0.0,1.0,1.0,27.641799798015562,38.99202397106766,350.92821573961027,0.4829411516441292,0.28963408342409264,1.6484403542480401,0.030002661390883895,0.01439125022937757,0.0006250578910783034,0.00557176464198829,0.007456056399695987,0.0,0.0,0.0,0.0,0.0,3
IEEE69,gcn,TP4,9,32928,1981.2408184433034,-2674.661021903709,-24071.94919713338,40.78824704439224,0.0,6.027829531108641,0.7934433054178953,1.2515671650568645,0.9511758883794149,1.0005065600077312,3.035126288731893,0.0,0.0,0.0,1.0,1.0,9.663431745823715,11.858097336997007,106.72287603297487,0.1734314470512901,0.0,1.8197117131784286,0.0054135357713023715,0.026089353527369543,0.0012676122877989721,0.0008773876704727988,0.05905339231952602,0.0,0.0,0.0,0.0,0.0,3
IEEE69,gcn,TP4,10,33024,2282.3465638233683,-3070.6017858187356,-27635.416072368622,43.01367645463748,0.0,6.1091176429192275,0.8295317449503474,1.2112547556559246,0.9527803659439087,1.0013396342595418,3.0130460262298584,0.0,0.0,0.0,1.0,1.0,9.83085367034338,11.986608557507939,107.87947701757096,0.2081640977340775,0.0,2.3174573300082875,0.006545673549365573,0.06056933914062194,0.0019462115046775038,0.0023203146010864887,0.058658533348676184,0.0,0.0,0.0,0.0,0.0,3
IEEE69,gcn,TP4,11,33120,2284.42423167178,-3076.2910198635527,-27686.619178771973,46.649883918780084,0.0,6.1907974852268985,0.8534650061693457,1.157070477803548,0.9547960162162781,1.0,2.8911967277526855,0.0,0.0,0.0,1.0,1.0,3.4643778354430976,4.368092280409247,39.31283052368233,0.2066009994538192,0.0,2.2581611333575498,0.006430220773510003,0.017477432917476485,0.0009362633928708656,0.0,0.03271663747241171,0.0,0.0,0.0,0.0,0.0,3
IEEE69,gcn,TP4,12,33216,1670.4079691009158,-2260.880927651017,-20347.92834885915,37.621266274110894,0.0,5.987242012405635,0.715750080636806,1.1123119195302327,0.9567263126373291,1.000734766324361,2.8346517086029053,0.0,0.0,0.0,1.0,1.0,1.775828038637983,2.539847545000034,22.85862790499888,0.16616199980396454,0.0,1.7899441564997518,0.005153701142292246,0.02468895894825801,0.0012217045306652935,0.001272652605484156,0.10126885284079615,0.0,0.0,0.0,0.0,0.0,3
IEEE69,gcn,TP4,13,33312,1884.2180090278205,-2560.6583583619863,-23045.925225257874,48.45381367779677,0.0,6.346109067316898,0.8905685519178709,1.1438775857289631,0.9556880195935568,1.0,2.9629542032877603,0.0,0.0,0.0,1.0,1.0,4.65025370000832,5.827893546960682,52.45104192264609,0.1682074133718542,0.0,1.0522756056233038,0.0052201337244404105,0.07662968822234928,0.0027823605628222977,0.0,0.08731811512699215,0.0,0.0,0.0,0.0,0.0,3
IEEE69,gcn,TP4,14,33408,1072.7829979679861,-1463.426800959088,-13170.841208631793,29.22612162642751,0.06742245864147477,6.331082610892859,0.5508781114800109,1.0908153454462688,0.9574620525042216,1.0068787336349487,2.58837620417277,0.0,0.0,0.0,1.0,1.0,18.549375872741336,27.122751650800986,244.10476485720815,0.4488282241624792,0.11677912393824559,1.1015563953243024,0.024826723306839167,0.02384924252895803,0.001141434566041568,0.005849973601006365,0.03540476298378327,0.0,0.0,0.0,0.0,0.0,3
IEEE69,gcn,TP4,15,33504,1122.2543104695453,-1525.8207319985938,-13732.386587987343,30.104143311808002,0.0,6.520731993567915,0.5358108224140273,1.0632649660110474,0.9569874207178751,1.0035621722539265,2.388033072153727,0.0,0.0,0.0,1.0,1.0,1.1182398406560758,1.4224101631906731,12.801691468716742,0.14109454722881198,0.0,0.9546254895761088,0.004057901718235487,0.018765328466083742,0.0011220026783881145,0.0016849144950626263,0.015615215882010291,0.0,0.0,0.0,0.0,0.0,3
IEEE69,gcn,TP4,16,33600,1630.665666160936,-2220.449995323464,-19984.049957911175,43.201564337311844,0.0,6.3565639561520335,0.8057142059422202,1.1457235018412273,0.95535675684611,1.0,2.954315185546875,0.0,0.0,0.0,1.0,1.0,6.117691989298526,7.220458700291848,64.98412830262528,0.18586124616419408,0.0,1.2888370654990469,0.005894037549130558,0.022324048606448755,0.0010291300137151948,0.0,0.023601593404172134,0.0,0.0,0.0,0.0,0.0,3
IEEE69,gcn,TP4,17,33696,1907.951853687523,-2586.6024630158036,-23279.42216714223,45.058557817218265,0.0,6.8199841735155795,0.8512214761641291,1.2460822661717732,0.9514148036638895,1.0,3.0281753540039062,0.0,0.0,0.0,1.0,1.0,9.225486191787235,11.263084749109362,101.3677627419856,0.19097117382551043,0.0,1.6145021961364086,0.006044726262761483,0.028567059559650873,0.0012484876843397573,0.0,0.04427314683024131,0.0,0.0,0.0,0.0,0.0,3
IEEE69,gcn,TP4,18,33792,1972.095795394558,-2675.8300911232277,-24082.47082010905,49.5509921794334,0.0,6.501323571756941,0.8980177214576138,1.2052416404088337,0.9532673358917236,1.0,2.94274894396464,0.0,0.0,0.0,1.0,1.0,4.318916195205474,5.633247048548674,50.69922343693621,0.1936885678065028,0.0,1.1727826900412814,0.0061119430025397764,0.0380619871604538,0.0016601628744893212,0.0,0.06892509168108812,0.0,0.0,0.0,0.0,0.0,3
IEEE69,gcn,TP4,19,33888,1301.807213208136,-1786.8637549833013,-16081.773794849714,39.06001125553242,0.0,6.008309604432008,0.7570733643240398,1.1909722487131755,0.9539883534113566,1.0,2.9457150300343833,0.0,0.0,0.0,1.0,1.0,1.2288677920380946,1.5165493212407433,13.648943891167175,0.1585885564866352,0.0,1.0728379311473526,0.005009992868422237,0.019297134544169866,0.001052964834770589,0.0,0.08865469363859552,0.0,0.0,0.0,0.0,0.0,3
IEEE69,gcn,TP4,20,33984,1270.0249300947041,-1749.0697241977407,-15741.627517779669,40.90773764598513,0.0,6.040936554571748,0.7853056461446815,1.2188231945037842,0.9527790943781534,1.0,3.012622117996216,0.0,0.0,0.0,1.0,1.0,2.389903248813006,3.725554603289391,33.52999142960401,0.14902510967264462,0.0,0.8667264879697564,0.0047211685753295015,0.026412730855008445,0.0011947875938284312,0.0,0.06052624782298974,0.0,0.0,0.0,0.0,0.0,3
IEEE69,gcn,TP4,21,34080,924.4823614938919,-1272.7470124391493,-11454.723111952344,31.166654112351655,0.0,6.071608106582423,0.5682357752488719,1.0864538351694744,0.9583640694618225,1.0061143239339192,2.676351229349772,0.0,0.0,0.0,1.0,1.0,9.405250522490821,12.59456301370807,113.35106712337276,0.040106597922352126,0.0,0.8707704948904471,0.0037445040995732343,0.057910542175072986,0.0022101426973298484,0.0029518312472242483,0.04235722318761003,0.0,0.0,0.0,0.0,0.0,3
IEEE69,gcn,TP4,22,34176,734.456449615299,-1016.3489685069632,-9147.140716562668,24.93879128448619,0.44864228127499267,7.691769555318456,0.49053441132936215,0.991386890411377,0.9613377849260966,1.0136194626490276,2.3652679125467935,0.0,0.0,0.0,1.0,1.0,20.408118527805282,30.671308373105788,276.04177535795066,0.5102472458333955,0.3917119307639093,0.5892450025998124,0.032423641311550504,0.04034636051373401,0.002211328459178833,0.005121778509810516,0.0659655118920897,0.0,0.0,0.0,0.0,0.0,3
IEEE69,gcn,TP4,23,34272,1651.7482135219368,-2257.7864890275177,-20320.07840124766,47.881132764414964,0.0,6.713387788530087,0.8852634585152069,1.1765997409820557,0.9544170101483663,1.0,2.9246405760447183,0.0,0.0,0.0,1.0,1.0,1.5991227303841817,2.28632131143595,20.576891802923377,0.2039233659374062,0.0,1.1614549552085627,0.006515468184776631,0.03720105719104364,0.001858453165101376,0.0,0.024194875247814746,0.0,0.0,0.0,0.0,0.0,3
IEEE69,gcn,TP4,24,34368,1773.5616911187747,-2419.67995262146,-21777.11957359314,50.575471432871076,0.0,6.578845255535355,0.9135966060890093,1.2376859585444133,0.9520659248034159,1.0,3.0278773307800293,0.0,0.0,0.0,1.0,1.0,0.8578113811540312,0.38091112696969026,3.4282001427266544,0.2040914238216667,0.0,1.2686428632402107,0.006492893075706525,0.030122865005228365,0.001310835945533851,0.0,0.024310571165592636,0.0,0.0,0.0,0.0,0.0,3
IEEE69,gcn,TP4,25,34464,1974.1591841674017,-2679.01580980089,-24111.142288208008,50.702586944033705,0.0,6.737101269091835,0.9020416262663074,1.1690133810043337,0.9550673166910807,1.0,3.032331943511963,0.0,0.0,0.0,1.0,1.0,0.8165355510177166,1.4996932268340317,13.497239041505756,0.1406610307249452,0.0,0.3930732024363966,0.004427643521566958,0.019838700236097784,2.944133603611018e-05,0.0,0.06923223196271462,0.0,0.0,0.0,0.0,0.0,3
IEEE69,gcn,TP4,26,34560,1529.7022064281625,-2082.0851155740243,-18738.766040166218,39.23590204179527,0.0,6.051913886843116,0.748734375461936,1.1647202173868816,0.9548319578170776,1.0000678300857544,2.8979862531026206,0.0,0.0,0.0,1.0,1.0,6.875776169972285,8.333414002592466,75.00072602333579,0.15100903275140257,0.0,1.202141809199449,0.004689814211956966,0.017320761477462115,0.0007042647004348694,0.00011748515480836524,0.08343421868281026,0.0,0.0,0.0,0.0,0.0,3
IEEE69,gcn,TP4,27,34656,1185.4291057859734,-1635.938096302527,-14723.442866722742,39.109948388187455,0.0,5.967795830051969,0.7600258930275837,1.1657155354817708,0.9547679622968038,1.000168760617574,2.9324780305226645,0.0,0.0,0.0,1.0,1.0,1.087791495189895,1.1351149018945836,10.216034117051997,0.13316220427235967,0.0,0.7243900767647337,0.004139887819145232,0.056265239391577106,0.002015435128723523,0.0002923019639549501,0.01872823592838955,0.0,0.0,0.0,0.0,0.0,3
IEEE69,gcn,TP4,28,34752,934.4252571247415,-1297.9077876762108,-11681.170089085897,37.963123605185196,0.0,6.218937364579259,0.6660475180380874,1.0873583157857258,0.9581585923830668,1.0,2.594673236211141,0.0,0.0,0.0,1.0,1.0,2.4589165028385063,3.576906808300133,32.19216127470165,0.14152116969169137,0.0,0.24676310918893773,0.004381231958020513,0.01482073940272601,0.0011983186488774896,0.0,0.02632208237009535,0.0,0.0,0.0,0.0,0.0,3
IEEE69,gcn,TP4,29,34848,952.352063276106,-1314.4714097976685,-11830.242688179016,35.645904488726956,0.0,6.215116313011305,0.6120282349487146,0.9914127985636393,0.9608375032742819,1.0,2.363036553064982,0.0,0.0,0.0,1.0,1.0,6.648603406091559,8.977175007470214,80.79457506723305,0.12269358454822932,0.0,0.2695318953606783,0.003837190060989193,0.030513575201979136,0.0019516659213862045,0.0,0.10631997712313342,0.0,0.0,0.0,0.0,0.0,3
IEEE69,gcn,TP4,30,34944,1418.4919867183025,-1960.3200271394517,-17642.880244255066,46.273428288838964,0.0,6.220637440316543,0.8780666511091922,1.1971379518508911,0.9538581569989523,1.0,3.051661491394043,0.0,0.0,0.3333333333333333,1.0,1.0,3.7542411375202756,8.708462285166775,78.37616056650329,0.17547480961177014,0.0,0.4900883210515253,0.005607662580397405,0.07021971918980809,0.002312020479815319,0.0,0.02924510403521323,0.0,0.0,0.5773502691896258,0.0,0.0,3
IEEE69,gcn,TP5,0,32064,1114.0726963836782,-1513.2360477116372,-13619.124429404736,29.45111078976879,0.0,6.047117729548841,0.5202808243532976,1.0556148687998455,0.9589099486668905,1.0065523783365886,2.600292205810547,0.0,0.0,0.0,1.0,1.0,14.411606558061516,21.89215702728263,197.0294132455439,0.3712085018472337,0.0,1.1489453397022344,0.02600305107129904,0.018137213258930734,0.0011116726816120049,0.004843017959510904,0.021423362135780027,0.0,0.0,0.0,0.0,0.0,3
IEEE69,gcn,TP5,1,32160,904.8786756341343,-1233.4217685019528,-11100.795916517576,24.709215579739368,0.1731873646771144,6.675438287679685,0.4561400163090891,1.026065746943156,0.9582677086194357,1.01024333635966,2.3816742102305093,0.0,0.0,0.0,1.0,1.0,24.64905125491919,37.56774898827614,338.1097408944844,0.572071596439134,0.29996931484972167,1.4476965862439082,0.043181970941746764,0.01753574895220933,0.000746081679831316,0.004846935208611227,0.020040072970759777,0.0,0.0,0.0,0.0,0.0,3
IEEE69,gcn,TP5,2,32256,1458.1565538462607,-1987.0303897283695,-17883.273507555325,39.20391273743371,0.0,6.476744198472698,0.7323496517621808,1.118369420369466,0.9555485447247823,1.0006500085194905,2.80859104792277,0.0,0.0,0.0,1.0,1.0,6.063655128537034,7.236529448912069,65.12876504021153,0.16727899545351782,0.0,1.636192218086612,0.005257443757869254,0.029269235808386976,0.0012868774554039549,0.0011258477811102586,0.11819994575952293,0.0,0.0,0.0,0.0,0.0,3
IEEE69,gcn,TP5,3,32352,1671.1367758826862,-2264.880544256281,-20383.92489830653,38.62258841917537,0.0,6.09763591922949,0.7401990623523792,1.1889586051305134,0.9528542359670004,1.000663161277771,2.9031413396199546,0.0,0.0,0.0,1.0,1.0,8.72573276173242,10.805496556246046,97.24946900621357,0.1319480164803471,0.0,1.3373292569038577,0.0041223749493773,0.028888301286349227,0.0012381810705941905,0.0011486290267116624,0.040614497342576945,0.0,0.0,0.0,0.0,0.0,3
IEEE69,gcn,TP5,4,32448,2063.210691971853,-2785.9698262038055,-25073.728435834248,45.34132719005538,0.0,6.459869800399004,0.8314514549242126,1.1983667612075806,0.9524749517440796,1.0,2.8957305749257407,0.0,0.0,0.0,1.0,1.0,8.077084051579948,9.986751111526976,89.88076000374447,0.15529109641225816,0.0,1.499672682902921,0.004855792785863412,0.0258181351853731,0.0010254672323591228,0.0,0.054884199688735105,0.0,0.0,0.0,0.0,0.0,3
IEEE69,gcn,TP5,5,32544,2779.365788623751,-3724.754515400639,-33522.79063860575,50.42534746943602,0.0,6.0383381524804465,0.8938412380715212,1.1339348951975505,0.9553011059761047,1.0,2.983643372853597,0.0,0.0,0.0,1.0,1.0,3.0382320787513972,3.509164087257352,31.582476785317695,0.11333765259842836,0.0,1.1414269146219806,0.0037224227214262273,0.014081783064537348,0.0009671596228942918,0.0,0.07674463732674555,0.0,0.0,0.0,0.0,0.0,3
IEEE69,gcn,TP5,6,32640,2513.8079558593713,-3380.3039096549705,-30422.735186894733,50.91769489178174,0.0,6.289143067069681,0.9000288508832455,1.1635102033615112,0.9539963404337565,1.0,3.0030908584594727,0.0,0.0,0.0,1.0,1.0,4.990407041230594,6.234303096232538,56.10872786609033,0.11895283646309036,0.0,1.0619716239292702,0.003875526019456154,0.061137177325321194,0.003136977154871223,0.0,0.060614264821341274,0.0,0.0,0.0,0.0,0.0,3
IEEE69,gcn,TP5,7,32736,1838.3258260146297,-2473.316812691865,-22259.851314226788,38.98248509768322,0.0,6.541704397547797,0.6687906202342776,1.0503735144933064,0.9581484198570251,1.0,2.5099663734436035,0.0,0.0,0.0,1.0,1.0,6.261695982345597,7.886320854776618,70.97688769298827,0.15142552962020983,0.0,1.7840582162913892,0.004762936969530505,0.007673966467140377,0.0004488416912602487,0.0,0.049350508806587694,0.0,0.0,0.0,0.0,0.0,3
IEEE69,gcn,TP5,8,32832,1273.0383926385787,-1718.366103321038,-15465.294929889342,27.751490833041316,0.16723846080284713,7.080660098512958,0.5071326096852621,1.0717992782592773,0.9558903972307841,1.0071934858957927,2.4355509281158447,0.0,0.0,0.0,1.0,1.0,29.89899650868841,41.8166116873075,376.34950518576795,0.5281199995576451,0.28966551109014743,1.656201095546559,0.030031874780354326,0.014968644958791856,0.000635466797249016,0.005601295717540704,0.0016002245108909172,0.0,0.0,0.0,0.0,0.0,3
IEEE69,gcn,TP5,9,32928,1979.4026924217242,-2670.398706259551,-24033.588356335957,40.7500174008419,0.0,6.027744024189823,0.778440535068512,1.2412439584732056,0.9508650302886963,1.0005027453104656,3.0375238259633384,0.0,0.0,0.0,1.0,1.0,10.869475061056084,13.521038327673512,121.68934494906242,0.14845879953043248,0.0,1.8185880803209602,0.004678276920587726,0.02703146385400731,0.0011663391914981793,0.0008707804209932421,0.05286125276938311,0.0,0.0,0.0,0.0,0.0,3
IEEE69,gcn,TP5,10,33024,2280.363399969941,-3066.1067371015197,-27594.960633913677,42.978269080388905,0.0,6.118715966083755,0.8141746661729282,1.1934883991877239,0.9527524709701538,1.0013236204783122,3.0037017663319907,0.0,0.0,0.0,1.0,1.0,11.202491335203412,13.873933980590362,124.8654058253122,0.18778245909100644,0.0,2.3269822342798983,0.0059509049969869564,0.05250543394646555,0.0021379450498440313,0.002292577918375177,0.06944755756265554,0.0,0.0,0.0,0.0,0.0,3
IEEE69,gcn,TP5,11,33120,2281.73548966245,-3070.8092541164824,-27637.28328704834,46.61073515318336,0.0,6.1633611322350115,0.8375559422290988,1.1345406373341878,0.9550795157750448,1.0,2.8856980005900064,0.0,0.0,0.0,1.0,1.0,3.308902283911618,3.912368669754929,35.21131802779441,0.1803033090855465,0.0,2.247600039802622,0.005648658054676508,0.0234802663676601,0.0011380157195476424,0.0,0.03581445080116088,0.0,0.0,0.0,0.0,0.0,3
IEEE69,gcn,TP5,12,33216,1668.7597276834238,-2257.1109223454087,-20313.998301108677,37.58813966559804,0.0,6.0015091171786965,0.7027114596631793,1.1048738559087117,0.9562957684199015,1.000695029894511,2.8189233938852944,0.0,0.0,0.0,1.0,1.0,1.5754140174799567,1.8151923446616716,16.336731101958094,0.14134630501748785,0.0,1.7764840474361037,0.00445424148955823,0.016493583990823252,0.0007756877144246415,0.0012038270900721405,0.09296232707441705,0.0,0.0,0.0,0.0,0.0,3
IEEE69,gcn,TP5,13,33312,1882.3570727898732,-2556.1534733948884,-23005.381260553997,48.415730944734605,0.0,6.329576300213515,0.8738592424326472,1.1304455598195393,0.9556759198506674,1.0,2.9627789656321206,0.0,0.0,0.0,1.0,1.0,4.058093365294275,4.9439448614522385,44.49550375306971,0.14158607326282513,0.0,1.0461133396806503,0.004452606661952765,0.06857271840005374,0.002501796513829758,0.0,0.0894185289378816,0.0,0.0,0.0,0.0,0.0,3
IEEE69,gcn,TP5,14,33408,1072.005153691539,-1461.0420863628387,-13149.378777265549,29.203407013521428,0.06808444049233729,6.2908091399326835,0.5398485991689893,1.0783245563507082,0.9572988549868265,1.0068283478418987,2.589984178543091,0.0,0.0,0.0,1.0,1.0,20.187651925238512,29.364587558350085,264.2812880251521,0.488879135519545,0.11792571013762798,1.0998797067164543,0.0258716663674048,0.015189194049402685,0.0006863088280459731,0.005947964132559501,0.03132471178110081,0.0,0.0,0.0,0.0,0.0,3
IEEE69,gcn,TP5,15,33504,1121.2780656022728,-1523.152479879834,-13708.372318918506,30.078564620763547,0.0,6.511873951661104,0.5246022138744593,1.0439733266830444,0.9572371244430542,1.0036822160085042,2.3865211804707847,0.0,0.0,0.0,1.0,1.0,1.8231555705376494,2.1950227182116757,19.755204463905777,0.11847544394730279,0.0,0.9482345854142069,0.0034223748008882487,0.018243295426264936,0.0011005036936811434,0.0015728447386187609,0.01640292834932713,0.0,0.0,0.0,0.0,0.0,3
IEEE69,gcn,TP5,16,33600,1629.1026162273986,-2216.5474123954773,-19948.926711559296,43.16457423106658,0.0,6.3400805797164,0.7907271345870361,1.1354483763376872,0.955146869023641,1.0,2.9401060740152993,0.0,0.0,0.0,1.0,1.0,6.950352188989555,8.391963709380368,75.5276733844225,0.1584941754581363,0.0,1.275907276057951,0.005093114074133606,0.03392845840731002,0.0015800551093551063,0.0,0.012233019387035712,0.0,0.0,0.0,0.0,0.0,3
IEEE69,gcn,TP5,17,33696,1906.1856970319452,-2582.352406537091,-23241.17165883382,45.01844966867611,0.0,6.773904621732782,0.8355662555744251,1.2327755292256672,0.9512742360432943,1.0,3.02766489982605,0.0,0.0,0.0,1.0,1.0,10.529983989162474,13.03549556656441,117.31946009907918,0.16611213372777464,0.0,1.628845568194307,0.005324224998081108,0.02215954304335777,0.0009668991664433093,0.0,0.04268995730732218,0.0,0.0,0.0,0.0,0.0,3
IEEE69,gcn,TP5,18,33792,1970.1557879836291,-2671.2642214033335,-24041.377992630005,49.5131108418797,0.0,6.505734682912672,0.8816417997909917,1.1923888524373372,0.9528828660647074,1.0,2.9409441153208413,0.0,0.0,0.0,1.0,1.0,4.842491013951679,6.186870373257173,55.68183335931266,0.16295048346090613,0.0,1.1163761866009787,0.005208708019414229,0.027753813771821435,0.001198770378096801,0.0,0.0690512131261522,0.0,0.0,0.0,0.0,0.0,3
IEEE69,gcn,TP5,19,33888,1300.592273298292,-1783.5661332209904,-16052.095198988914,39.025068599027385,0.0,6.017615528696756,0.7433069706377055,1.1841916640599568,0.9535201191902161,1.0,2.9567455450693765,0.0,0.0,0.0,1.0,1.0,1.7070573748875628,1.8629590501315394,16.766631451184434,0.13176726557430085,0.0,1.0656570653187871,0.004251929157701464,0.032702639073601394,0.0016696508981723372,0.0,0.07147726447779848,0.0,0.0,0.0,0.0,0.0,3
IEEE69,gcn,TP5,20,33984,1268.8274406996595,-1745.70162041982,-15711.314583778381,40.86729288423097,0.0,6.0166996922754405,0.7707933862176207,1.2073418696721394,0.9525806903839111,1.0,3.018089930216471,0.0,0.0,0.0,1.0,1.0,1.5163638077179467,2.4794383582219033,22.314945223996194,0.11860133554706768,0.0,0.8587131463630183,0.00384968991581713,0.031118122468665743,0.0014498911511386233,0.0,0.04874622730972826,0.0,0.0,0.0,0.0,0.0,3
IEEE69,gcn,TP5,21,34080,923.5553310302831,-1270.0610035083912,-11430.549031575521,31.13992712884222,0.0,6.06730778751852,0.5563756444801887,1.0684757232666016,0.9585017561912537,1.0060902039210002,2.6755592028299966,0.0,0.0,0.0,1.0,1.0,10.20440983693981,13.719351571510517,123.47416414359265,0.06785280401049547,0.0,0.8282068670424563,0.004252939860699384,0.05760679809259353,0.002184713980766856,0.0029883043507976307,0.042426502915781567,0.0,0.0,0.0,0.0,0.0,3
IEEE69,gcn,TP5,22,34176,733.5108743233401,-1013.8317069256747,-9124.485362331072,24.909929845653703,0.4456926639485396,7.6842223899944715,0.4802375938743353,0.9754573504130045,0.9614545106887817,1.0134387413660686,2.3649013042449947,0.0,0.0,0.0,1.0,1.0,21.160556500423912,31.705879138562075,285.35291224706015,0.5368487061929121,0.390630039239831,0.5983595782487571,0.03280585911592371,0.03961039355560702,0.002180485681451515,0.005282048539583348,0.0659657769732306,0.0,0.0,0.0,0.0,0.0,3
IEEE69,gcn,TP5,23,34272,1649.975400033256,-2253.4422089965256,-20280.97988096873,47.84237693063915,0.0,6.726445824436119,0.8689213519295057,1.1734451452891033,0.9538154204686483,1.0,2.9270989100138345,0.0,0.0,0.0,1.0,1.0,0.953859683354989,0.9788001901860415,8.809201711674865,0.1724092611736102,0.0,1.1530094752666327,0.005584083502488395,0.04549990486455667,0.0023477926127779395,0.0,0.02980832560666551,0.0,0.0,0.0,0.0,0.0,3
IEEE69,gcn,TP5,24,34368,1772.0458681676391,-2415.5993676362214,-21740.394308725994,50.5329108636112,0.0,6.540846914545224,0.8966912478208542,1.2239338954289753,0.9519956707954407,1.0,3.031498988469442,0.0,0.0,0.0,1.0,1.0,1.887777863532954,1.7331783647606969,15.598605282846728,0.17433494685868417,0.0,1.2581721977651468,0.005608293115785443,0.024106940059955704,0.0011239536443853099,0.0,0.035607722062734125,0.0,0.0,0.0,0.0,0.0,3
IEEE69,gcn,TP5,25,34464,1972.541778614005,-2674.850428192704,-24073.653853734333,50.663711115397746,0.0,6.705869912116962,0.8855155499445068,1.1598743200302124,0.9548038045565287,1.0,3.031075636545817,0.0,0.0,0.0,1.0,1.0,1.0614353301111503,1.3400756666283564,12.060680999656231,0.11379669815753915,0.0,0.3850711801259793,0.003668364058299634,0.01186675330200093,0.0004673837489414921,0.0,0.06940740865580974,0.0,0.0,0.0,0.0,0.0,3
IEEE69,gcn,TP5,26,34560,1528.2015238394276,-2078.433671986615,-18705.903047879536,39.19949099848054,0.0,6.043812652366504,0.7351104780617687,1.1617169380187988,0.9543311397234598,1.0000364383061726,2.8913007577260337,0.0,0.0,0.0,1.0,1.0,7.934153793126272,9.812424934996711,88.31182441497104,0.12345047133122622,0.0,1.1954934900750527,0.0038965517101997877,0.021622613543577206,0.0010449813028540922,6.311299763283163e-05,0.06031001378695652,0.0,0.0,0.0,0.0,0.0,3
IEEE69,gcn,TP5,27,34656,1184.3302425639886,-1632.7793879464818,-14695.01449151834,39.071733039385435,0.0,5.944462967329053,0.7461626113702854,1.155828595161438,0.9545362591743469,1.0001422961552937,2.9313202699025473,0.0,0.0,0.0,1.0,1.0,1.6180144561172225,1.7038694051171133,15.334824646054257,0.10477012526103782,0.0,0.7090831171657974,0.0033419747290259452,0.06975349481292036,0.0027859656073686814,0.0002464641706903822,0.018830646915549976,0.0,0.0,0.0,0.0,0.0,3
IEEE69,gcn,TP5,28,34752,933.6622328203699,-1295.2003822150054,-11656.803439935049,37.93367081474207,0.0,6.225983376256962,0.6523029949102136,1.0690031846364338,0.9583284258842468,1.0,2.5926709175109863,0.0,0.0,0.0,1.0,1.0,2.021756830747955,2.87518605903194,25.876674531289563,0.11329757530534755,0.0,0.230258481235069,0.0035847729948969586,0.015584127490903205,0.0011979542120074853,0.0,0.025318863951018636,0.0,0.0,0.0,0.0,0.0,3
IEEE69,gcn,TP5,29,34848,951.3080287876743,-1311.441753405112,-11802.975780646006,35.61490043241429,0.0,6.164123395925646,0.598630051025086,0.9745408693949381,0.961042563120524,1.0,2.361650069554647,0.0,0.0,0.0,1.0,1.0,5.687093986668806,7.663195351703598,68.96875816533277,0.09740509307231392,0.0,0.27591403275617105,0.003117929773559354,0.030481350120817728,0.0019640407685647446,0.0,0.10599197398839072,0.0,0.0,0.0,0.0,0.0,3
IEEE69,gcn,TP5,30,34944,1417.1549297153142,-1956.4734291147304,-17608.260862032574,46.23146594583947,0.0,6.228118562026982,0.8611730763481723,1.1817433834075928,0.9539176225662231,1.0,3.0519421100616455,0.0,0.0,0.3333333333333333,1.0,1.0,4.339598579764907,7.444997253734091,67.00497528360631,0.14269729305727302,0.0,0.46060449474598847,0.004656401633997273,0.06153637471649849,0.001964308565514319,0.0,0.02757929481140329,0.0,0.0,0.5773502691896258,0.0,0.0,3
IEEE69,gcn,TP6,0,32064,1113.8052745839677,-1511.119724859794,-13600.077523738146,29.443411480546274,0.0,6.037910776777717,0.5061186475472318,0.9966836174329122,0.9627920786539713,1.0056776603062947,2.594315846761068,0.0,0.0,0.0,1.0,1.0,14.43591499745063,21.294886247548416,191.65397622793674,0.37141031246849876,0.0,1.1432138024926566,0.020915233529196012,0.017015572314170144,0.0010157220788890606,0.004129922510147766,0.029936645395582336,0.0,0.0,0.0,0.0,0.0,3
IEEE69,gcn,TP6,1,32160,904.3558077518038,-1230.8966218026146,-11078.069596223533,24.697376833400995,0.17315448942888342,6.659492940630105,0.44137239808009726,0.9686132669448853,0.962022622426351,1.0088940858840942,2.378931681315104,0.0,0.0,0.0,1.0,1.0,24.753572006087577,36.96832011770631,332.7148810593564,0.5725180983351145,0.2999123732494742,1.4673084481919967,0.03732892887652359,0.010309399668166689,0.00037956771466680683,0.0042670104661139225,0.020408388790274398,0.0,0.0,0.0,0.0,0.0,3
IEEE69,gcn,TP6,2,32256,1457.6498092430004,-1983.3777904068982,-17850.400113662083,39.18639922170405,0.0,6.476910139092574,0.708362296430601,1.0583436489105225,0.959553082784017,1.000343680381775,2.8126728534698486,0.0,0.0,0.0,1.0,1.0,6.65143284172814,8.09895583198565,72.89060248787408,0.14990011292081182,0.0,1.6396772343146824,0.00433462351589237,0.03010965470840318,0.0013321379489080398,0.0005952718827987996,0.11106632733929107,0.0,0.0,0.0,0.0,0.0,3
IEEE69,gcn,TP6,3,32352,1670.4867460097937,-2260.9547147221037,-20348.592432498932,38.603392575587954,0.0,6.089282623700765,0.7155065190874867,1.1415423552195232,0.956330398718516,1.0002971490224202,2.9020043214162192,0.0,0.0,0.0,1.0,1.0,9.284380211423692,11.64948504980083,104.84536544820475,0.11272526753864813,0.0,1.2783019517289214,0.0031913406913458456,0.03162130188684417,0.0014520555712991719,0.0005146772042512759,0.04172626942368193,0.0,0.0,0.0,0.0,0.0,3
IEEE69,gcn,TP6,4,32448,2062.532962222758,-2781.2067862969857,-25030.86107667287,45.31564115941425,0.0,6.450459210082458,0.8003624214066399,1.1255849997202556,0.9571024179458618,1.0,2.8962783813476562,0.0,0.0,0.0,1.0,1.0,8.435101176537978,10.508516939187789,94.57665245268595,0.1351643409335497,0.0,1.4996239990783002,0.003801163773087016,0.03133657968879452,0.0012530313322313426,0.0,0.053556645367021,0.0,0.0,0.0,0.0,0.0,3
IEEE69,gcn,TP6,5,32544,2778.015422324112,-3718.7111381954614,-33468.400243759155,50.397342017015035,0.0,6.03086018933389,0.8595046061608526,1.0773504575093586,0.9594011902809143,1.0,2.980109453201294,0.0,0.0,0.0,1.0,1.0,3.761362623874381,4.530189412537784,40.77170471283963,0.09350521241511185,0.0,1.1533007230137686,0.002764513690802686,0.014372339439768995,0.001154388197846193,0.0,0.08045442951429889,0.0,0.0,0.0,0.0,0.0,3
IEEE69,gcn,TP6,6,32640,2512.6758207581975,-3374.484315024482,-30370.358835220337,50.88846555009695,0.0,6.279868088746059,0.865218209516671,1.0999842882156372,0.9583110014597574,1.0,3.006869633992513,0.0,0.0,0.0,1.0,1.0,5.862738024444444,7.427597268369777,66.84837541533187,0.09619449730321222,0.0,1.0580292483850124,0.0028089570249910114,0.059121018278423844,0.003100068130067795,0.0,0.05215441226098293,0.0,0.0,0.0,0.0,0.0,3
IEEE69,gcn,TP6,7,32736,1837.6168380176805,-2469.312846113134,-22223.815615018208,38.96512783906534,0.0,6.525190358563115,0.6441131240377823,0.9922796090443929,0.9619749983151754,1.0,2.5100305875142412,0.0,0.0,0.0,1.0,1.0,6.265245760043698,7.869240903506563,70.82316813155916,0.1384699477337091,0.0,1.7712815892311762,0.0039297942959722245,0.006048791569764084,0.00024282383875499284,0.0,0.047258331678463855,0.0,0.0,0.0,0.0,0.0,3
IEEE69,gcn,TP6,8,32832,1271.2979396173416,-1713.9031473754183,-15425.128326378763,27.710491215665268,0.1672315753487885,7.10848806267551,0.4894810981220669,1.0059919953346252,0.9601001739501953,1.0061916907628374,2.425434430440267,0.0,0.0,0.0,1.0,1.0,31.770025245411375,43.77007092066828,393.93063828601447,0.5651012708520405,0.2896535851338846,1.7258994409196036,0.025651080172917094,0.012177791399103422,0.0004876088268439673,0.00498717528357665,0.009604421543285623,0.0,0.0,0.0,0.0,0.0,3
IEEE69,gcn,TP6,9,32928,1978.6404103656794,-2666.0490156809487,-23994.44114112854,40.72866604652578,0.0,6.007275539053722,0.7515373159613875,1.1866718928019206,0.9547276894251505,1.000211278597514,3.06182066599528,0.0,0.0,0.0,1.0,1.0,11.809365720264955,14.862670237592855,133.76403213833686,0.13247396913076684,0.0,1.8150299949660686,0.003780062610134299,0.05306573664231171,0.002391426933878723,0.0003659452654458731,0.03240491113369972,0.0,0.0,0.0,0.0,0.0,3
IEEE69,gcn,TP6,10,33024,2279.062360168437,-3060.6514204431464,-27545.862783988316,42.9554833025098,0.0,6.1072913293185875,0.7840280259648958,1.1375616788864136,0.9567992289861044,1.0009851455688477,3.016451597213745,0.0,0.0,0.0,1.0,1.0,12.28368513544402,15.406148063434417,138.65533257090894,0.17252978311831807,0.0,2.338275728543734,0.0049347700436300395,0.06735892297812524,0.0026206907830617627,0.001706322178095484,0.04906849198149944,0.0,0.0,0.0,0.0,0.0,3
IEEE69,gcn,TP6,11,33120,2280.8085042827834,-3065.795255025228,-27592.15729522705,46.587468615532394,0.0,6.160862350777486,0.807047968937291,1.0819076697031655,0.9587225317955017,1.0,2.884881099065145,0.0,0.0,0.0,1.0,1.0,4.3591404291836024,5.340822961453311,48.06740665308242,0.16044381871332,0.0,2.2499413115582167,0.0045288575184755375,0.015338375790686719,0.0007858259820370425,0.0,0.035890108063936874,0.0,0.0,0.0,0.0,0.0,3
IEEE69,gcn,TP6,12,33216,1668.2564553289274,-2253.829223226618,-20284.463009039562,37.57372716537187,0.0,5.965364479760375,0.6816599042051368,1.0466807683308919,0.960173229376475,1.0003598928451538,2.8327492078145347,0.0,0.0,0.0,1.0,1.0,1.7204926993262064,1.8703564823923093,16.833208341532234,0.12865115106053823,0.0,1.7522534080978165,0.0036903723001437405,0.011061417426539271,0.0004996344205648179,0.0006233526930869151,0.10066640616862882,0.0,0.0,0.0,0.0,0.0,3
IEEE69,gcn,TP6,13,33312,1881.4068187509674,-2550.718464356881,-22956.466179211933,48.38707352307271,0.0,6.311059718950346,0.8402284930149714,1.0716846187909443,0.9598413507143656,1.0,2.9612592856089273,0.0,0.0,0.0,1.0,1.0,4.387375374842181,5.3970680542624,48.57361248836361,0.1199968916741926,0.0,1.0626241450273861,0.003404552645273149,0.07765670065427947,0.0028195902066164447,0.0,0.08769886511405128,0.0,0.0,0.0,0.0,0.0,3
IEEE69,gcn,TP6,14,33408,1071.5481273052303,-1458.1816696662593,-13123.635026996335,29.185999095798252,0.06721137251729303,6.275563115881485,0.5217135341631042,1.0177897612253826,0.9612695972124735,1.005799372990926,2.5893890857696538,0.0,0.0,0.0,1.0,1.0,20.232992637690028,28.830551766299557,259.4749658966955,0.4901760151753841,0.11641351204639004,1.087328302990892,0.020932427538536837,0.01251942176148978,0.0005026687290902428,0.005201060517316181,0.028368902280718936,0.0,0.0,0.0,0.0,0.0,3
IEEE69,gcn,TP6,15,33504,1120.6877131226004,-1520.4096309708223,-13683.686678737402,30.060574766232094,0.0,6.500447758747552,0.5087996224562327,0.9817202488581339,0.9612470467885336,1.0033871332804363,2.3829458554585776,0.0,0.0,0.0,1.0,1.0,2.61629925556702,3.2372414810925796,29.135173329832753,0.10223590290231568,0.0,0.9618080078003486,0.0026432259343974543,0.014038732949626664,0.0008763513168738616,0.0011750911569988946,0.017572836197367298,0.0,0.0,0.0,0.0,0.0,3
IEEE69,gcn,TP6,16,33600,1628.7032509361768,-2212.645475988035,-19913.80928389231,43.144239448805216,0.0,6.320066802013731,0.7636326073358456,1.069497028986613,0.9594711065292358,1.0,2.9444522857666016,0.0,0.0,0.0,1.0,1.0,7.864399981316184,9.710471067969273,87.39423961172068,0.1399474762641554,0.0,1.2641454795495504,0.0040870166518517026,0.03787434562770101,0.0017346855893506348,0.0,0.01929820695204232,0.0,0.0,0.0,0.0,0.0,3
IEEE69,gcn,TP6,17,33696,1905.3997838038413,-2577.5674042525116,-23198.106638272602,44.99705094173745,0.0,6.789054328391862,0.8054221574631003,1.1775581041971843,0.9552150766054789,1.0,3.010639270146688,0.0,0.0,0.0,1.0,1.0,10.972381977891816,13.725794206076214,123.53214785468857,0.14567875517067033,0.0,1.5737804813510505,0.004222346049554888,0.03158615067264137,0.0013281335370726492,0.0,0.05063855419161094,0.0,0.0,0.0,0.0,0.0,3
IEEE69,gcn,TP6,18,33792,1969.5721013289603,-2666.4172044683387,-23997.754840215046,49.48874754895769,0.0,6.503953410449891,0.8488958078540034,1.1241289377212524,0.957343061765035,1.0,2.9413148562113443,0.0,0.0,0.0,1.0,1.0,4.798699824864553,6.049007480003604,54.44106732003469,0.14434796050205995,0.0,1.1256947301033642,0.004172900176225814,0.026083225978130634,0.001062605315447359,0.0,0.06793184815012601,0.0,0.0,0.0,0.0,0.0,3
IEEE69,gcn,TP6,19,33888,1300.028813769212,-1779.8798193225155,-16018.91837390264,39.004579644114834,0.0,5.97760939356148,0.7196520233733786,1.1170475880304973,0.9579590956370035,1.0,2.9556910196940103,0.0,0.0,0.0,1.0,1.0,2.4529179609226377,2.845146490748541,25.606318416738432,0.11135537024463052,0.0,1.0235224924668669,0.0032833878103812972,0.0308157218294199,0.0015575023912197158,0.0,0.07199715478069693,0.0,0.0,0.0,0.0,0.0,3
IEEE69,gcn,TP6,20,33984,1268.3161277864172,-1741.9090797371334,-15677.181717634201,40.846989631944474,0.0,5.985278905425271,0.7457429538998338,1.1380960941314697,0.9571623603502909,1.0,3.016590118408203,0.0,0.0,0.0,1.0,1.0,0.9362935908197998,1.5912425730097068,14.32118315708839,0.09887538041047,0.0,0.8205717873920981,0.0029176989307266353,0.030387077131412442,0.0014514409786333868,0.0,0.04984003377854491,0.0,0.0,0.0,0.0,0.0,3
IEEE69,gcn,TP6,21,34080,923.2497335786715,-1267.55387892988,-11407.98491036892,31.12594741056273,0.0,6.061970626198999,0.539446806949046,1.0100757280985515,0.9625051220258077,1.005002458890279,2.6704036394755044,0.0,0.0,0.0,1.0,1.0,10.348127437369511,13.732952374889653,123.59657137400653,0.07677614381830798,0.0,0.8392328983075914,0.002843894653507743,0.049150987424686515,0.0018893656195023466,0.0026070361001610106,0.04111950303975392,0.0,0.0,0.0,0.0,0.0,3
IEEE69,gcn,TP6,22,34176,733.1246574424886,-1011.1184978805205,-9100.066480924686,24.895558805120043,0.4451014395663699,7.6815593368006745,0.46255730527142686,0.9237194657325745,0.9650255044301351,1.011706034342448,2.3640876611073813,0.0,0.0,0.0,1.0,1.0,21.529765533167662,31.634940969886728,284.714468728981,0.5500351471256508,0.3902166322260553,0.5995668942219161,0.028360339968265046,0.03608335911984158,0.0021000461027541866,0.0046706922203468655,0.06632639978983604,0.0,0.0,0.0,0.0,0.0,3
IEEE69,gcn,TP6,23,34272,1649.2373818774934,-2248.353942553202,-20235.18548297882,47.81547581215879,0.0,6.7183328783982645,0.835850651272469,1.102876861890157,0.9583464860916138,1.0,2.919256607691447,0.0,0.0,0.0,1.0,1.0,1.7563069652079162,1.8611654110119942,16.750488699101926,0.14871159498613556,0.0,1.1328444636629187,0.004358219974674135,0.0481435476321648,0.002317650925142506,0.0,0.01626423105626829,0.0,0.0,0.0,0.0,0.0,3
IEEE69,gcn,TP6,24,34368,1771.4139700834173,-2410.7926821178858,-21697.134139060974,50.51024588946893,0.0,6.539353707205564,0.8647695957786508,1.1543851693471272,0.9564767479896545,1.0,3.0373520056406655,0.0,0.0,0.0,1.0,1.0,2.6414065376687956,2.8532279416616086,25.679051474955152,0.1531141818484056,0.0,1.2375005168934703,0.004443841198499964,0.024912308488957924,0.0010517831681929398,0.0,0.04695050779734995,0.0,0.0,0.0,0.0,0.0,3
IEEE69,gcn,TP6,25,34464,1972.0701934573428,-2670.277224081534,-24032.495016733807,50.64251217955947,0.0,6.721774443525377,0.8537961741288503,1.1011674404144287,0.9590118924776713,1.0,3.0291293462117515,0.0,0.0,0.0,1.0,1.0,1.231476154320887,1.3496596400305536,12.146936760275853,0.09838905279022703,0.0,0.40654974554988565,0.0028619204339966056,0.02052802893809428,0.0007742987035165175,0.0,0.06984461422121413,0.0,0.0,0.0,0.0,0.0,3
IEEE69,gcn,TP6,26,34560,1527.8576463886172,-2075.201539216218,-18676.813852945965,39.183127119372024,0.0,6.014208936081695,0.712805929283301,1.0957611401875813,0.9586278994878134,1.0,2.9093687534332275,0.0,0.0,0.0,1.0,1.0,8.665070287230936,10.869118935860659,97.82207042274496,0.10719749120127549,0.0,1.1674280435823323,0.003086456612302913,0.023364572191473983,0.0011003838723856827,0.0,0.07877707984681505,0.0,0.0,0.0,0.0,0.0,3
IEEE69,gcn,TP6,27,34656,1183.9211585120927,-1629.1963402474366,-14662.76706222693,39.052890938330165,0.0,5.910015813073663,0.7217184270007743,1.0829984744389851,0.9593135118484497,1.0,2.93058443069458,0.0,0.0,0.0,1.0,1.0,2.13596153631776,2.4548541814889084,22.093687633401434,0.08766199405396756,0.0,0.6475019979687121,0.0025708236785384627,0.07858504809304528,0.0031610126964753548,0.0,0.017684798685552183,0.0,0.0,0.0,0.0,0.0,3
IEEE69,gcn,TP6,28,34752,933.1685677556248,-1291.550376733144,-11623.953390598297,37.913071040948125,0.0,6.228668367545048,0.6282121127264367,1.0083857576052349,0.962349534034729,1.0,2.5884501139322915,0.0,0.0,0.0,1.0,1.0,1.8747155577835264,2.5438247092840256,22.894422383557206,0.09018873047628753,0.0,0.21065212880187043,0.00258436757810139,0.010239258072553065,0.000995118391481644,0.0,0.031016365011457218,0.0,0.0,0.0,0.0,0.0,3
IEEE69,gcn,TP6,29,34848,950.8007969799272,-1308.176270979422,-11773.586438814798,35.5959074512181,0.0,6.1459983079932945,0.5777609911229876,0.9195539156595866,0.9645789662996928,1.0,2.3579522768656416,0.0,0.0,0.0,1.0,1.0,5.288846714805621,7.051572178325482,63.46414960492865,0.07527193345518558,0.0,0.28258410054383337,0.0022120542775355113,0.02867618588116981,0.0017913058499991277,0.0,0.10452852239764115,0.0,0.0,0.0,0.0,0.0,3
IEEE69,gcn,TP6,30,34944,1416.5141523402147,-1944.9388120086105,-17504.449308077496,46.20433430027151,0.0,6.215389796947601,0.8288530067851146,1.1322065591812134,0.9575537840525309,1.0,3.048936446507772,0.0,0.0,0.0,1.0,1.0,4.645072893136294,5.618452975267236,50.56607677740298,0.12029129877391186,0.0,0.4533120643641837,0.0035824638041715225,0.09492228694752568,0.0037441035544746497,0.0,0.0295681321763233,0.0,0.0,0.0,0.0,0.0,3
IEEE69,gcn,TP7,0,32064,1114.4536815880695,-1514.4568074422853,-13630.111266980568,29.461179267239157,0.0,6.047759644519613,0.5260907266702917,1.0606098969777424,0.9590150912602743,1.0064879258473713,2.6005833943684897,0.0,0.0,0.0,1.0,1.0,14.38808712446574,21.81132872716618,196.30195854449593,0.37068084425272574,0.0,1.147572612635095,0.025592249756824857,0.017790081850874,0.0011100514067815689,0.004848538448895996,0.022014257415681176,0.0,0.0,0.0,0.0,0.0,3
IEEE69,gcn,TP7,1,32160,905.0793620415187,-1234.2747267261147,-11108.472540535033,24.714445402414032,0.17320032967362364,6.68018031367662,0.4608820074548324,1.0302714109420776,0.9583405454953512,1.0101621150970461,2.382094462712606,0.0,0.0,0.0,1.0,1.0,24.696597836987216,37.5883656421437,338.29529077929345,0.5732668901848801,0.2999917708823956,1.4533257244083562,0.042846316695755185,0.017229077783890986,0.000737897862325125,0.0048580992496273035,0.020081358295541498,0.0,0.0,0.0,0.0,0.0,3
IEEE69,gcn,TP7,2,32256,1458.7547519207085,-1988.659781460409,-17897.93803314368,39.219499375617794,0.0,6.478533101075297,0.739174516664611,1.12297523021698,0.9556407332420349,1.000621239344279,2.808772246042887,0.0,0.0,0.0,1.0,1.0,6.044478669477929,7.212345264149701,64.91110737734796,0.16789195062578477,0.0,1.6363420836352933,0.005246844086889698,0.027971115149332117,0.0012319247345994547,0.001076018107951968,0.1198131171044316,0.0,0.0,0.0,0.0,0.0,3
IEEE69,gcn,TP7,3,32352,1671.8202599730648,-2266.6017280684578,-20399.41555261612,38.639057785287754,0.0,6.10302163683379,0.7468703840341832,1.1973832448323567,0.9527815183003744,1.000648856163025,2.9040430386861167,0.0,0.0,0.0,1.0,1.0,8.729975744706254,10.812507817050882,97.31257035345826,0.1324222795547886,0.0,1.3386564991028855,0.004116536380221948,0.02191043733305456,0.0009133139262875465,0.0011238518411633251,0.04080420408382736,0.0,0.0,0.0,0.0,0.0,3
IEEE69,gcn,TP7,4,32448,2063.9453815138354,-2787.6993257028084,-25089.293931325275,45.3571501610489,0.0,6.459262861647519,0.8376569273985095,1.203031301498413,0.9525792996088663,1.0,2.8968705336252847,0.0,0.0,0.0,1.0,1.0,8.074197519786978,9.985520464852243,89.86968418366648,0.15576781593736305,0.0,1.5015314329130294,0.004842288063087732,0.025341915422710436,0.0010025391863224865,0.0,0.05493825212294109,0.0,0.0,0.0,0.0,0.0,3
IEEE69,gcn,TP7,5,32544,2780.2476103738245,-3726.683421028985,-33540.150789260864,50.44115359376641,0.0,6.038591436861267,0.9001117085831032,1.1390464703241985,0.955425759156545,1.0,2.984804550806681,0.0,0.0,0.0,1.0,1.0,3.024235794253633,3.495063130837421,31.455568177547157,0.1134664334769969,0.0,1.1405259895718949,0.003693982129391707,0.012398102236701422,0.0009459855638458979,0.0,0.07690878359659697,0.0,0.0,0.0,0.0,0.0,3
IEEE69,gcn,TP7,6,32640,2514.583175479831,-3382.0792783807824,-30438.713505427044,50.93347750207795,0.0,6.287298922405992,0.9061798186351856,1.169408877690633,0.9540891846021017,1.0,3.0025734901428223,0.0,0.0,0.0,1.0,1.0,4.95130051127821,6.183221640695907,55.648994766260564,0.11917648308212388,0.0,1.0612803695997022,0.0038476583241352827,0.059793723011726495,0.003145858953052244,0.0,0.06327516993046813,0.0,0.0,0.0,0.0,0.0,3
IEEE69,gcn,TP7,7,32736,1838.8143205685603,-2474.459174897936,-22270.13257408142,38.99152526959309,0.0,6.537417292055132,0.6728566856020027,1.0532442728678386,0.9583069483439127,1.0,2.5096920331319175,0.0,0.0,0.0,1.0,1.0,6.185361951802489,7.7849946603527,70.06495194317769,0.15142046621592548,0.0,1.781738981437249,0.004735066667573428,0.008645705586788162,0.00045603234559416666,0.0,0.050045219938464135,0.0,0.0,0.0,0.0,0.0,3
IEEE69,gcn,TP7,8,32832,1273.4213475550484,-1719.3566364339658,-15474.20972790569,27.759103452383595,0.16723849731069207,7.079437687701433,0.5110812942600913,1.0744188626607258,0.9560252626736959,1.007164438565572,2.4359211921691895,0.0,0.0,0.0,1.0,1.0,29.946303215135778,41.856591513601735,376.70932362241376,0.5289195946361802,0.2896655743235897,1.6578860189351288,0.02978320927065274,0.014785531059332951,0.0006328227587282933,0.005617713024243415,0.0016745252652190534,0.0,0.0,0.0,0.0,0.0,3
IEEE69,gcn,TP7,9,32928,1980.2332306746964,-2672.283618096952,-24050.552562872574,40.76688345630706,0.0,6.027508774736819,0.7848922645466194,1.2453445593516033,0.951012392838796,1.0004969437917073,3.0384347438812256,0.0,0.0,0.0,1.0,1.0,10.846057513409916,13.49162337162329,121.42461034460773,0.1489311039247833,0.0,1.8191837363476768,0.004669666511570664,0.026734742389726285,0.0011492177254787714,0.0008607318957430512,0.05318679030367754,0.0,0.0,0.0,0.0,0.0,3
IEEE69,gcn,TP7,10,33024,2281.2652910964657,-3068.0737219828147,-27612.663497845333,42.994900525992,0.0,6.117880469618257,0.8205407640586296,1.1967738072077434,0.952890952428182,1.0013100306193035,3.004302740097046,0.0,0.0,0.0,1.0,1.0,11.161885226163369,13.82323353721542,124.40910183493935,0.18813187538859194,0.0,2.3277069920843467,0.005933723886187537,0.05384586594315676,0.0021329788793353634,0.002269039592104401,0.07020363863621555,0.0,0.0,0.0,0.0,0.0,3
IEEE69,gcn,TP7,11,33120,2282.514229002305,-3072.640026587027,-27653.760239283245,46.6268637021573,0.0,6.165236509446377,0.8441137445883619,1.1406985918680828,0.9551174839337667,1.0,2.886727968851725,0.0,0.0,0.0,1.0,1.0,3.2635899615106374,3.8557329773778237,34.701596796400935,0.18082132755615501,0.0,2.2510515219196026,0.005632984595207992,0.021171139434482893,0.0010455402619054359,0.0,0.035787508748762,0.0,0.0,0.0,0.0,0.0,3
IEEE69,gcn,TP7,12,33216,1669.4770162683642,-2258.9286483305473,-20330.357834974926,37.60397323694209,0.0,6.002299664029084,0.7098037755737702,1.109993577003479,0.9563937783241272,1.0006784995396931,2.82012669245402,0.0,0.0,0.0,1.0,1.0,1.568283731536397,1.8207733158620178,16.386959842754877,0.1420956014393285,0.0,1.7805610042689837,0.00445461473261002,0.016232080197391457,0.0007963418042437356,0.0011751956756606966,0.09310965993497192,0.0,0.0,0.0,0.0,0.0,3
IEEE69,gcn,TP7,13,33312,1882.9145792776974,-2557.635491017942,-23018.71941916148,48.431719995257176,0.0,6.329663690011967,0.8799274425125784,1.13607652982076,0.9557584524154663,1.0,2.963609457015991,0.0,0.0,0.0,1.0,1.0,3.910259561467463,4.750053761760987,42.750483855848564,0.14204820336645516,0.0,1.0471955495083833,0.004440002554498605,0.06688922376448907,0.0023870506650158483,0.0,0.08944137809431625,0.0,0.0,0.0,0.0,0.0,3
IEEE69,gcn,TP7,14,33408,1072.341413725181,-1462.0780824776048,-13158.702742298445,29.212621984470996,0.06811583872908883,6.294393650859939,0.5446470220469766,1.0821562210718791,0.9574264287948608,1.0067495902379353,2.5904558499654136,0.0,0.0,0.0,1.0,1.0,20.17492499812266,29.309517290279512,263.78565561251446,0.4886332959596189,0.11798009347894971,1.1032119050217506,0.025551249221906904,0.014859804771850326,0.0006735515459915756,0.00597686564120048,0.03132363229680054,0.0,0.0,0.0,0.0,0.0,3
IEEE69,gcn,TP7,15,33504,1121.5273459772748,-1524.078425867138,-13716.705832804242,30.087185543898766,0.0,6.516123522217362,0.5294705296142234,1.0473875204722087,0.957343061765035,1.0037825504938762,2.3869360287984214,0.0,0.0,0.0,1.0,1.0,1.9082107965427324,2.282445607112438,20.542010464012844,0.11933421712033321,0.0,0.9525996177871373,0.003506108696598018,0.017904055832642624,0.001106060485579868,0.0014574328748205756,0.01636082213187282,0.0,0.0,0.0,0.0,0.0,3
IEEE69,gcn,TP7,16,33600,1629.730863653218,-2218.208856953515,-19963.879712581635,43.181073223192165,0.0,6.340458975886963,0.7974961145470539,1.1404772996902466,0.9552322030067444,1.0,2.941086451212565,0.0,0.0,0.0,1.0,1.0,6.916568234790471,8.349162555143371,75.14246299628921,0.1590024436745516,0.0,1.2748320436847327,0.005079203618480646,0.03263135959362422,0.0015294154321171638,0.0,0.012309021036795051,0.0,0.0,0.0,0.0,0.0,3
IEEE69,gcn,TP7,17,33696,1906.9548789888677,-2584.2038985358345,-23257.83508682251,45.03588477966332,0.0,6.772954222187722,0.8423900885714425,1.2371769746144612,0.9514071345329285,1.0,3.033935864766439,0.0,0.0,0.0,1.0,1.0,10.523894176748012,13.030291439977974,117.27262295980312,0.16667201771804793,0.0,1.6297805211588403,0.005310074520184618,0.02225760887383315,0.0009719850536395393,0.0,0.03818943869412826,0.0,0.0,0.0,0.0,0.0,3
IEEE69,gcn,TP7,18,33792,1970.8458155114797,-2673.0178989834258,-24057.16109085083,49.530097561728326,0.0,6.506093544565949,0.8885064925998449,1.1977932850519817,0.9529699683189392,1.0,2.9418444633483887,0.0,0.0,0.0,1.0,1.0,4.851422266410948,6.20128737996769,55.81158641971182,0.1636188071812521,0.0,1.1180523831520164,0.005198021070227706,0.027406383320982258,0.0011829839741168565,0.0,0.06871136111884787,0.0,0.0,0.0,0.0,0.0,3
IEEE69,gcn,TP7,19,33888,1301.1599044625966,-1785.1911619062778,-16066.7204571565,39.04190496408895,0.0,6.016953511094839,0.750415800139308,1.1897046566009521,0.9535998702049255,1.0,2.9575090408325195,0.0,0.0,0.0,1.0,1.0,1.671639465531674,1.818235671294693,16.364121041651767,0.13243392761579292,0.0,1.0660079692700726,0.004245086744806254,0.03228664289741262,0.0016576249503543108,0.0,0.07172851274653788,0.0,0.0,0.0,0.0,0.0,3
IEEE69,gcn,TP7,20,33984,1269.390186196299,-1747.3321916438915,-15725.989724795023,40.88520883980709,0.0,6.019488727394283,0.7779974345531729,1.2127445538838704,0.9526725014050802,1.0,3.0189218521118164,0.0,0.0,0.0,1.0,1.0,1.539213886898598,2.5085961278629023,22.577365150767,0.11924400318230706,0.0,0.8587313306237714,0.003842700382015302,0.030536401227358973,0.0014275848187651262,0.0,0.049017741252236714,0.0,0.0,0.0,0.0,0.0,3
IEEE69,gcn,TP7,21,34080,923.8826314367543,-1271.1898641326914,-11440.708777194222,31.150638657288557,0.0,6.067563177958516,0.5620072931051254,1.073519190152486,0.9586281776428223,1.0060381094614665,2.6759050687154136,0.0,0.0,0.0,1.0,1.0,10.170304217477334,13.656692059987988,122.91022853989038,0.0668297360904062,0.0,0.8268236183364754,0.004104957335826439,0.056999795388144335,0.0021816223604095215,0.0029960799603546686,0.04230319715278383,0.0,0.0,0.0,0.0,0.0,3
IEEE69,gcn,TP7,22,34176,733.7619996647496,-1014.7415519323614,-9132.673967391253,24.91838870034917,0.4457102994180038,7.677726329662046,0.48491400459574324,0.9799223939577738,0.961541473865509,1.013371427853902,2.3652373949686685,0.0,0.0,0.0,1.0,1.0,21.10994745966916,31.580627742974137,284.2256496867681,0.5347144201695702,0.39059217768101345,0.6053629613466776,0.03232684103550628,0.039627963898494434,0.002174132801064548,0.0053075457810833875,0.06599040676178299,0.0,0.0,0.0,0.0,0.0,3
IEEE69,gcn,TP7,23,34272,1650.566372339853,-2255.018246686017,-20295.164220174152,47.858796759361816,0.0,6.721867451392792,0.8753944327019982,1.1783015330632527,0.9539150595664978,1.0,2.928544362386068,0.0,0.0,0.0,1.0,1.0,0.9366266393752964,0.9689373938773419,8.720436544893317,0.17310372577423536,0.0,1.1532992984209844,0.005571510603397453,0.04470562618943647,0.0023250506741473494,0.0,0.03057221013930844,0.0,0.0,0.0,0.0,0.0,3
IEEE69,gcn,TP7,24,34368,1772.7324707410173,-2417.420704241152,-21756.78633817037,50.551813517389746,0.0,6.540302143671817,0.9041336098064979,1.2295892238616943,0.9520818789800009,1.0,3.033507744471232,0.0,0.0,0.0,1.0,1.0,1.878294367861913,1.7253569417132808,15.52821247542218,0.17510263395736742,0.0,1.260420014751957,0.005596141571002964,0.023709128539500964,0.0011071972552743612,0.0,0.03579902504537457,0.0,0.0,0.0,0.0,0.0,3
IEEE69,gcn,TP7,25,34464,1973.2317189865907,-2676.655641767714,-24089.900775909424,50.68149179037815,0.0,6.707597607589336,0.8927940140581793,1.166207234064738,0.9548789858818054,1.0,3.0320700804392495,0.0,0.0,0.0,1.0,1.0,1.0839417252515344,1.3928316171505228,12.53548455435775,0.11428394979366008,0.0,0.3859693558672042,0.00365586682391042,0.01283211199329512,0.00043772545696156394,0.0,0.06934510412242102,0.0,0.0,0.0,0.0,0.0,3
IEEE69,gcn,TP7,26,34560,1528.8761281762766,-2080.2335769335427,-18722.102192401886,39.21664861237514,0.0,6.04431840706345,0.7425056712494956,1.166895866394043,0.9544188181559244,1.000012993812561,2.8923182487487793,0.0,0.0,0.0,1.0,1.0,7.893921376166666,9.75927972734722,87.83351754612565,0.1242133022626459,0.0,1.195665559451147,0.0038983608252942314,0.021217266240176284,0.0010271288852336795,2.2505943539739564e-05,0.060911968692443245,0.0,0.0,0.0,0.0,0.0,3
IEEE69,gcn,TP7,27,34656,1184.847752127218,-1634.3133991029526,-14708.820591926575,39.08821429720168,0.0,5.944023262893641,0.7530638799071312,1.1602520942687988,0.9546504219373068,1.0001145203908284,2.932144562403361,0.0,0.0,0.0,1.0,1.0,1.593890857351445,1.6711223830015802,15.040101447013724,0.10540514917035798,0.0,0.71062994582344,0.003342719703014707,0.06992513644024173,0.0027711436610963836,0.00019835513541750514,0.01872764193579335,0.0,0.0,0.0,0.0,0.0,3
IEEE69,gcn,TP7,28,34752,933.9074397654462,-1296.0581323658978,-11664.523191293081,37.943170375530826,0.0,6.2301663211819465,0.6566221854752965,1.0738166173299153,0.9584464033444723,1.0,2.5939947764078775,0.0,0.0,0.0,1.0,1.0,2.039183878363382,2.8956550649199846,26.060895584280246,0.1138143934780061,0.0,0.23564747764007524,0.0035810537585303044,0.014110963318358592,0.0011745240752356035,0.0,0.026727995201318133,0.0,0.0,0.0,0.0,0.0,3
IEEE69,gcn,TP7,29,34848,951.5222304545058,-1312.1943209436206,-11809.748888492584,35.622835074989176,0.0,6.166440673773785,0.6024294760492113,0.9777508775393168,0.9611666202545166,1.0,2.362138827641805,0.0,0.0,0.0,1.0,1.0,5.698109572360274,7.675419029954508,69.07877126959067,0.09774146719159021,0.0,0.27650735577627794,0.003110071587501133,0.030508671941800798,0.001962842575231673,0.0,0.10596771608962682,0.0,0.0,0.0,0.0,0.0,3
IEEE69,gcn,TP7,30,34944,1417.7347401426468,-1957.9826471893875,-17621.843824704487,46.24871777341529,0.0,6.229442759004858,0.8672269170896875,1.1870662768681843,0.9540380438168844,1.0,3.052881399790446,0.0,0.0,0.3333333333333333,1.0,1.0,4.377493469442192,7.444441723305063,66.99997550974484,0.14296130231637166,0.0,0.4604357768865621,0.004636542397828663,0.05967123864114771,0.0018772595517099872,0.0,0.027563520172504304,0.0,0.0,0.5773502691896258,0.0,0.0,3
IEEE69,gcn,TP8,0,32064,1114.111511167664,-1513.0311009436846,-13617.279908493161,29.452266111954184,0.0,6.0392026814414566,0.5182347084499067,1.049050013224284,0.958302636941274,1.0068493684132893,2.600302219390869,0.0,0.0,0.0,1.0,1.0,14.891351705833003,22.640002093561705,203.76001884205596,0.3840373798967617,0.0,1.133426195307525,0.02701798036521661,0.017857534879562896,0.0011581924666324854,0.005213528159117746,0.020423524719979155,0.0,0.0,0.0,0.0,0.0,3
IEEE69,gcn,TP8,1,32160,904.6085715940849,-1233.089635076898,-11097.806715692082,24.704015441130952,0.18077390166448856,6.7109126009705,0.4562225981305043,1.0197217464447021,0.9577851295471191,1.010943611462911,2.381368319193522,0.0,0.0,0.0,1.0,1.0,24.553551784983824,37.84186177975777,340.57675601781966,0.5715629222119337,0.3131095823653542,1.5426389854087335,0.04622663332676843,0.019378125333441767,0.0008121952531728164,0.0058275965091830395,0.019946010894475036,0.0,0.0,0.0,0.0,0.0,3
IEEE69,gcn,TP8,2,32256,1457.8451932922706,-1986.2688549138882,-17876.419694224995,39.19808557397846,0.0,6.479242082135631,0.7294903190599547,1.1124486923217773,0.9550383488337199,1.0006377696990967,2.8058168093363443,0.0,0.0,0.0,1.0,1.0,6.15392737821189,7.345605763353634,66.1104518701834,0.1668257490088068,0.0,1.6148472842156196,0.005306483450030934,0.02844485304035777,0.0012522331924262782,0.001104649522363364,0.12166568145694653,0.0,0.0,0.0,0.0,0.0,3
IEEE69,gcn,TP8,3,32352,1670.6075858245622,-2263.877320329348,-20374.895882964134,38.61781830052738,0.0,6.121081167315867,0.7376796228604184,1.180303414662679,0.952484130859375,1.000928521156311,2.9009133179982505,0.0,0.0,0.0,1.0,1.0,8.732992787243052,10.807907251595454,97.27116526435618,0.13243903225242434,0.0,1.34978864184173,0.004176954112906425,0.032926940622739924,0.0014486229543564154,0.0016082458186333162,0.043443942824921755,0.0,0.0,0.0,0.0,0.0,3
IEEE69,gcn,TP8,4,32448,2063.2748225113205,-2785.718775254709,-25071.468977292378,45.33502364068045,0.0,6.467944980852818,0.8287703769488467,1.193290909131368,0.9518962105115255,1.0,2.8873191674550376,0.0,0.0,0.0,1.0,1.0,7.777655078963838,9.571514340110692,86.14362906099248,0.1558873100267329,0.0,1.52386297173987,0.004900150945725436,0.024996517322468742,0.0010552268683695959,0.0,0.044479546945013756,0.0,0.0,0.0,0.0,0.0,3
IEEE69,gcn,TP8,5,32544,2779.1560612634207,-3724.115762286716,-33517.041860580444,50.41563279482216,0.0,5.995317307295298,0.8909074473712179,1.1212010383605957,0.9555251002311707,1.0,2.976590315500895,0.0,0.0,0.0,1.0,1.0,2.8187385887676997,3.2245026313870353,29.020523682483866,0.1114045326005292,0.0,1.0986952785489759,0.0037876348722830494,0.007848557581505409,0.0006182058851138335,0.0,0.0894312020025126,0.0,0.0,0.0,0.0,0.0,3
IEEE69,gcn,TP8,6,32640,2514.0955046053655,-3380.323862146448,-30422.914759318035,50.91064829196815,0.0,6.295778248333946,0.897192504670885,1.1434851090113323,0.9542157649993896,1.0,3.00042192141215,0.0,0.0,0.0,1.0,1.0,6.165858145695103,7.816180396849846,70.34562357164832,0.11944803096945657,0.0,1.101028161282037,0.00398676044422181,0.04084092992899704,0.002833823332201386,0.0,0.06396708958800125,0.0,0.0,0.0,0.0,0.0,3
IEEE69,gcn,TP8,7,32736,1838.2932013012676,-2473.0286071565415,-22257.257464408875,38.97776068025208,0.0,6.517515364430793,0.6668203913917145,1.0457117954889934,0.9576530456542969,1.0000162919362385,2.5095340410868325,0.0,0.0,0.0,1.0,1.0,6.222115557488584,7.847763109080053,70.6298679817222,0.15241738327791238,0.0,1.7913600442259854,0.004821044507238645,0.007370472230382338,0.0004373305991473938,2.821846131892349e-05,0.04945134080223573,0.0,0.0,0.0,0.0,0.0,3
IEEE69,gcn,TP8,8,32832,1273.2905384741518,-1718.6790872034098,-15468.11178483069,27.75539090787788,0.16723884935062527,7.072401619487198,0.5070294913732344,1.0669447183609009,0.9553740421930949,1.0074470043182373,2.4357165495554605,0.0,0.0,0.0,1.0,1.0,29.933425664528603,42.05025923787985,378.4523331409193,0.5360137434153166,0.28966618407464034,1.6550776090533978,0.03167662159536592,0.01562469266734908,0.0006486816575378787,0.005825249252554683,0.0020098185806409017,0.0,0.0,0.0,0.0,0.0,3
IEEE69,gcn,TP8,9,32928,1979.9790353216742,-2684.17963886261,-24157.61674976349,40.745057496687274,0.0,6.074167694378978,0.776027751672599,1.2207082907358806,0.9510177969932556,1.000608007113139,3.023533344268799,0.0,0.0,0.6666666666666666,1.0,1.0,11.244464775272261,16.162315758600187,145.4608418274024,0.15166664877402328,0.0,1.880422856098479,0.0047897624974691825,0.01665295607398739,0.0007352673467512408,0.0010530992113197562,0.07256339931921317,0.0,0.0,0.5773502691896258,0.0,0.0,3
IEEE69,gcn,TP8,10,33024,2280.3703140754933,-3065.802258394382,-27592.220325549442,42.97005562288541,0.0,6.105547632832167,0.8116661140488254,1.18907364209493,0.952400267124176,1.001442790031433,2.996568520863851,0.0,0.0,0.0,1.0,1.0,11.393520074839975,14.147126466667029,127.32413820000264,0.18683824207305658,0.0,2.3126279106602543,0.005958457141988951,0.05189933174667478,0.0024639269150946498,0.002498985639095892,0.07917051106060756,0.0,0.0,0.0,0.0,0.0,3
IEEE69,gcn,TP8,11,33120,2281.4327812193706,-3070.050369757193,-27630.45332781474,46.60355397285821,0.0,6.154168451490141,0.83462727525168,1.1282092730204265,0.9546074072519938,1.0,2.884938875834147,0.0,0.0,0.0,1.0,1.0,3.275514612930883,3.862880530853135,34.76592477767675,0.1814220875694466,0.0,2.248972113079221,0.005709281896155679,0.02505243279267127,0.0011964171335444224,0.0,0.03526902193902658,0.0,0.0,0.0,0.0,0.0,3
IEEE69,gcn,TP8,12,33216,1668.7125471208,-2256.6981828477647,-20310.283645629883,37.583460106399194,0.0,6.035450964492444,0.6999048383699523,1.099173108736674,0.9557790557543436,1.000850001970927,2.81874148050944,0.0,0.0,0.0,1.0,1.0,1.2189366433867845,1.2905909376215485,11.61531843859453,0.14065698399296958,0.0,1.7743356449868617,0.004462065910835705,0.01671829789748883,0.0007787961255229878,0.0014722466001791262,0.09280073574619714,0.0,0.0,0.0,0.0,0.0,3
IEEE69,gcn,TP8,13,33312,1881.8658370584453,-2555.185274971856,-22996.667474746704,48.41108851498757,0.0,6.363976970591922,0.87121657633947,1.1419637203216553,0.9549423654874166,1.0,2.9677770932515464,0.0,0.0,0.0,1.0,1.0,3.639338015442226,4.400466791798257,39.60420112618274,0.14064008476722095,0.0,1.016827440010919,0.004476310945897936,0.04705606808403719,0.002318678091765716,0.0,0.0969178834412906,0.0,0.0,0.0,0.0,0.0,3
IEEE69,gcn,TP8,14,33408,1071.9115298467405,-1460.7139198128825,-13146.42527831594,29.199567725953482,0.06812523353869253,6.289314382827407,0.5381963996009694,1.0728633403778076,0.9567624727884928,1.007042646408081,2.589714209238688,0.0,0.0,0.0,1.0,1.0,20.163289919843137,29.429420348202765,264.86478313382486,0.4894928058725749,0.11799636576651076,1.093053436094414,0.026652897366244016,0.014784096385388738,0.0007188629354416273,0.00618841521590527,0.03125460940242101,0.0,0.0,0.0,0.0,0.0,3
IEEE69,gcn,TP8,15,33504,1121.2862276867477,-1522.9809182468389,-13706.828264221549,30.077038197826067,0.0,6.506986860686093,0.5231385547667742,1.0391674836476643,0.956695020198822,1.0039089520772297,2.3864352703094482,0.0,0.0,0.0,1.0,1.0,1.6595866396814942,1.9523382951294839,17.571044656165483,0.11947959949137785,0.0,0.9611788749330062,0.0034369448658983907,0.01890410316433332,0.0010910605934894807,0.0014099984984547488,0.016189863126794456,0.0,0.0,0.0,0.0,0.0,3
IEEE69,gcn,TP8,16,33600,1628.7123548878692,-2215.6857862825746,-19941.17207654317,43.16058117750314,0.0,6.387028652805214,0.7878861957126193,1.1301828225453694,0.9546067516009012,1.0,2.93975297609965,0.0,0.0,0.0,1.0,1.0,6.914523986233496,8.336960457035469,75.0326441133206,0.15569378989258234,0.0,1.2296066655573088,0.005082840291963059,0.03405345205540421,0.0015704686893847825,0.0,0.012246170131738636,0.0,0.0,0.0,0.0,0.0,3
IEEE69,gcn,TP8,17,33696,1905.8878392841036,-2581.6152673474066,-23234.53740612666,45.01237088089207,0.0,6.79176596786493,0.8327609998070531,1.227370063463847,0.9507304231325785,1.0,3.0252391497294107,0.0,0.0,0.0,1.0,1.0,10.52353713837151,13.028777236712836,117.25899513041493,0.16545837335767233,0.0,1.616638980415611,0.005359659297951772,0.02248261704669874,0.0009757705880719623,0.0,0.04469792070384494,0.0,0.0,0.0,0.0,0.0,3
IEEE69,gcn,TP8,18,33792,1969.9820667554195,-2670.6690265514235,-24036.02123896281,49.50775507512723,0.0,6.5269784026182895,0.8786809388548136,1.188459396362305,0.9522988796234132,1.0,2.9420832792917886,0.0,0.0,0.0,1.0,1.0,5.271597600663867,6.737231647067191,60.63508482360493,0.16228139809263922,0.0,1.0950286190985088,0.0052442961878159874,0.027715562728633618,0.0012299053305956683,0.0,0.07028092218029851,0.0,0.0,0.0,0.0,0.0,3
IEEE69,gcn,TP8,19,33888,1300.2960580953884,-1782.814207982134,-16045.327871839205,39.01924748961331,0.0,6.057041874041521,0.7403653874579404,1.1787063678105671,0.95296710729599,1.0,2.956350008646647,0.0,0.0,0.0,1.0,1.0,1.469422212709321,1.461647255893926,13.154825303045158,0.13024451364185505,0.0,1.0299413325455042,0.004273565020573292,0.03287082157128059,0.0016711440057911957,0.0,0.07142056614655809,0.0,0.0,0.0,0.0,0.0,3
IEEE69,gcn,TP8,20,33984,1268.5390993351866,-1744.9479559792414,-15704.531603813171,40.859170248069255,0.0,6.027450828612271,0.7677565722001923,1.2022807598114014,0.9520232677459716,1.0,3.0175119241078696,0.0,0.0,0.0,1.0,1.0,1.533421484863596,2.515074813192188,22.63567331873002,0.11992403539802794,0.0,0.8594058715190251,0.003941378697089198,0.03086998100789352,0.0014466746108167177,0.0,0.04851254160391489,0.0,0.0,0.0,0.0,0.0,3
IEEE69,gcn,TP8,21,34080,923.7829726821154,-1270.1166367227281,-11431.049730504552,31.147118386289247,0.0,6.085429451003537,0.554450124502182,1.076736052831014,0.9575408101081848,1.0062445799509685,2.6760942141215005,0.0,0.0,0.0,1.0,1.0,10.44677433471398,14.076270614712337,126.68643553241127,0.0772272622973552,0.0,0.8068789024198934,0.004858260370686957,0.0337144236158031,0.0017388294582702656,0.003098407523213477,0.042904170778072584,0.0,0.0,0.0,0.0,0.0,3
IEEE69,gcn,TP8,22,34176,733.5091349182704,-1013.9303901714308,-9125.373511542877,24.907148288487708,0.4454914228800182,7.677917829412787,0.4810432990392049,0.9691584706306458,0.9611846407254537,1.0138341188430786,2.364537159601847,0.0,0.0,0.0,1.0,1.0,21.233199172343213,32.01314108118088,288.1182697306276,0.5370546880333975,0.39048503500876064,0.5891402987105177,0.034635657902593306,0.03971836661149357,0.002513853604874931,0.005504926556725104,0.06589802246144287,0.0,0.0,0.0,0.0,0.0,3
IEEE69,gcn,TP8,23,34272,1649.6626407193796,-2252.6857988216257,-20274.172189394634,47.834985843125345,0.0,6.72106729332329,0.8661174149148995,1.168330152829488,0.953273872534434,1.0,2.926635265350342,0.0,0.0,0.0,1.0,1.0,0.9679485234575376,1.1021640279758083,9.919476251780301,0.17398195520919824,0.0,1.1620557324998462,0.005677006704531493,0.04574648499657887,0.0023486573418357395,0.0,0.030117077404453265,0.0,0.0,0.0,0.0,0.0,3
IEEE69,gcn,TP8,24,34368,1771.8166796442345,-2414.890883092527,-21734.017947832745,50.52611910913887,0.0,6.557576269452574,0.8934006835851404,1.218560020128886,0.9514371752738953,1.0,3.0306452910105386,0.0,0.0,0.0,1.0,1.0,1.899817440400651,1.744606630675639,15.70145967607879,0.1741592237685807,0.0,1.2320461509117395,0.0056740170200902315,0.023917531157706468,0.0011108840211428777,0.0,0.03604257311734183,0.0,0.0,0.0,0.0,0.0,3
IEEE69,gcn,TP8,25,34464,1972.1000824908936,-2673.8932526906333,-24065.0392742157,50.65795479074344,0.0,6.7310843190517815,0.8824456158197589,1.152926007906596,0.954282303651174,1.0,3.0306851069132485,0.0,0.0,0.0,1.0,1.0,1.3375329079314113,1.7607187801967628,15.846469021770467,0.11318025241368744,0.0,0.3591662842504861,0.0037263796420372646,0.009440492358036885,0.0004566492659092814,0.0,0.06935447525564505,0.0,0.0,0.0,0.0,0.0,3
IEEE69,gcn,TP8,26,34560,1527.8143352873997,-2077.550919117751,-18697.958272059757,39.1934079250071,0.0,6.059411428371615,0.7320681725525193,1.1563111146291096,0.9537825385729471,1.0,2.8905625343322754,0.0,0.0,0.0,1.0,1.0,7.881327099972446,9.739130865055301,87.65217778549962,0.12276105801304928,0.0,1.1853994313762382,0.003911609207089227,0.021573104788807026,0.001039375418791421,0.0,0.06003315389189316,0.0,0.0,0.0,0.0,0.0,3
IEEE69,gcn,TP8,27,34656,1184.0332698287323,-1632.0433305369481,-14688.389974832535,39.06508277674644,0.0,5.971460307363016,0.7433553149716722,1.1658672094345093,0.9537553588549296,1.0001194079717,2.931138356526693,0.0,0.0,0.0,1.0,1.0,1.5570445246434628,1.625483404047781,14.629350636429105,0.10416543243485613,0.0,0.6845009718905758,0.0033742472848312492,0.04956830923288787,0.002562538539577103,0.000206820673813187,0.018982079661601054,0.0,0.0,0.0,0.0,0.0,3
IEEE69,gcn,TP8,28,34752,933.682216715827,-1294.9761206662213,-11654.785085995993,37.92980328986717,0.0,6.222664422834494,0.6502969351907572,1.0654110511144002,0.9576522707939148,1.0,2.5970961252848306,0.0,0.0,0.0,1.0,1.0,2.0492018544103794,2.902880962482699,26.1259286623463,0.1152430639368318,0.0,0.2506680128037148,0.003669786664341369,0.012976473973221136,0.001217995102102256,0.0,0.027999581773971206,0.0,0.0,0.0,0.0,0.0,3
IEEE69,gcn,TP8,29,34848,951.4216867802128,-1311.3897478138958,-11802.507730325064,35.61059092538684,0.0,6.1290847994899655,0.5970293229652776,0.9689363042513529,0.9605143467585245,1.0,2.3614774545033774,0.0,0.0,0.0,1.0,1.0,5.433670758233461,7.355552700207509,66.19997430186667,0.09989693782263023,0.0,0.2163702061345744,0.0031972917254320054,0.03045411060025595,0.0019713470361690014,0.0,0.10605851896105015,0.0,0.0,0.0,0.0,0.0,3
IEEE69,gcn,TP8,30,34944,1416.8768515579866,-1955.8177397339434,-17602.359657605488,46.223501518816796,0.0,6.232067509095015,0.8588149551716114,1.1795825560887654,0.953570822874705,1.0,3.0517686208089194,0.0,0.0,0.3333333333333333,1.0,1.0,4.338539792832049,7.527622991937698,67.74860692743559,0.1435987924784287,0.0,0.45474869756628833,0.00472189068469072,0.05611160825606632,0.0023084311626472404,0.0,0.027713113691573095,0.0,0.0,0.5773502691896258,0.0,0.0,3
IEEE69,gcn,TP9,0,32064,1114.0788893621257,-1513.3057487275864,-13619.751738548279,29.45271474729634,0.0,6.043921872160291,0.5207746283461651,1.0466180245081584,0.9585868716239929,1.0069411198298137,2.5931371053059897,0.0,0.0,0.0,1.0,1.0,13.507516694775825,20.73636858198182,186.62731723783654,0.3494470274839506,0.0,1.1449809606667112,0.026104678514435577,0.011456386700934207,0.0008398212317566273,0.0052027668808132775,0.020744364269278424,0.0,0.0,0.0,0.0,0.0,3
IEEE69,gcn,TP9,1,32160,905.4292000003625,-1234.5510253321243,-11110.959227989117,24.728157180440878,0.18085710155295634,6.721245102546462,0.4594102104504903,1.020292043685913,0.9579269091288248,1.0110925436019897,2.3780473868052163,0.0,0.0,0.0,1.0,1.0,23.86420986514373,36.85292374616958,331.6763137155266,0.5520792918141807,0.3132536887993645,1.499684343198811,0.04547923106113967,0.018218880946360372,0.0008098804469968166,0.005862785534177512,0.021674053211360685,0.0,0.0,0.0,0.0,0.0,3
IEEE69,gcn,TP9,2,32256,1458.448166443628,-1987.5594740841125,-17888.03526675701,39.21565300439397,0.0,6.499776932472812,0.7335509397089481,1.1190420389175415,0.9549723664919535,1.0006771485010784,2.8013850847880044,0.0,0.0,0.0,1.0,1.0,5.253938304588786,6.086890475614089,54.78201428052626,0.1916312504363678,0.0,1.6041568235924681,0.005985308300169612,0.02098067742222201,0.0009654787707379102,0.0011728556081367191,0.1293926905044893,0.0,0.0,0.0,0.0,0.0,3
IEEE69,gcn,TP9,3,32352,1671.467123915747,-2265.5263206826316,-20389.736886143684,38.6345277017208,0.0,6.120164250654916,0.7419356368482113,1.1813157796859741,0.9526817997296652,1.0009740591049194,2.891725937525431,0.0,0.0,0.0,1.0,1.0,7.76580499563212,9.482452609482054,85.34207348533745,0.1556964168931633,0.0,1.349867372797204,0.00481230356546673,0.028715192033113346,0.0013523348339971957,0.0016871198592955227,0.05935506839358027,0.0,0.0,0.0,0.0,0.0,3
IEEE69,gcn,TP9,4,32448,2064.1070036542715,-2787.4769431573372,-25087.292488416035,45.35259572085306,0.0,6.4669722657363495,0.8341880614558855,1.200066566467285,0.951845129330953,1.0,2.889328638712565,0.0,0.0,0.0,1.0,1.0,6.974510821176759,8.54630711505605,76.91676403550747,0.17981624104054472,0.0,1.510791222662985,0.005612481616203558,0.03050056700800242,0.0013828681767417473,0.0,0.04360733991009397,0.0,0.0,0.0,0.0,0.0,3
IEEE69,gcn,TP9,5,32544,2780.5875821028617,-3726.731839356599,-33540.58655420939,50.4338119733687,0.0,5.975234245764164,0.8969533900833793,1.1174078385035198,0.9555808305740356,1.0,2.9587857723236084,0.0,0.0,0.0,1.0,1.0,1.743661848092634,1.8606783121635693,16.746104809469706,0.13355165218289441,0.0,1.0578729018414823,0.004422972744311452,0.005892254884640792,0.0003761742915128182,0.0,0.07338692355770084,0.0,0.0,0.0,0.0,0.0,3
IEEE69,gcn,TP9,6,32640,2515.428290013728,-3382.844088307133,-30445.596794764202,50.93092291019457,0.0,6.312217594627367,0.9034993913438584,1.1400338013966878,0.9547419349352518,1.0,3.000694672266642,0.0,0.0,0.0,1.0,1.0,6.028377580509391,7.672444364196819,69.05199927777012,0.14428460010507213,0.0,1.0909303048218426,0.0047012168087687345,0.020708982999221717,0.001329780234521691,0.0,0.06388061644048632,0.0,0.0,0.0,0.0,0.0,3
IEEE69,gcn,TP9,7,32736,1839.1418717352415,-2474.876103931003,-22273.88493537903,38.99871339118969,0.0,6.577494384388962,0.6727774942086803,1.049835999806722,0.9576297601064047,1.0,2.508677323659261,0.0,0.0,0.0,1.0,1.0,6.339996483724602,8.136561094323413,73.22904984891512,0.1749361971379346,0.0,1.8091223880928062,0.005481649245729351,0.014226056307567068,0.0006844283019550257,0.0,0.05047158890808858,0.0,0.0,0.0,0.0,0.0,3
IEEE69,gcn,TP9,8,32832,1275.3218136825192,-1721.8669641219356,-15496.80267709742,27.79354633690976,0.16722244652491214,7.057573026353253,0.5114293518579668,1.0729862848917644,0.9553056359291077,1.007488210995992,2.436000347137451,0.0,0.0,0.0,1.0,1.0,27.901321235999216,39.497783032074786,355.4800472886714,0.4932817830291153,0.28963777354711745,1.6464984370055966,0.03157167816835772,0.01503142816546549,0.0006348670908654737,0.005797768331952738,0.00714346184580644,0.0,0.0,0.0,0.0,0.0,3
IEEE69,gcn,TP9,9,32928,1980.8617370972831,-2679.2839916370535,-24113.55592473348,40.76365812907716,0.0,6.067254181102933,0.7810192716618379,1.2323164145151775,0.9507529934247335,1.0006137291590373,3.0323684215545654,0.0,0.0,0.3333333333333333,1.0,1.0,9.962813583754514,22.34108131911419,201.06973187202908,0.1749288680028164,0.0,1.8640378486916185,0.005479786343494612,0.023621321864340235,0.0011321479266140333,0.001063010085539091,0.060122757098628125,0.0,0.0,0.5773502691896258,0.0,0.0,3
IEEE69,gcn,TP9,10,33024,2281.2977461415153,-3067.6561198764375,-27608.90507888794,42.985730812556234,0.0,6.092874280663831,0.8168577829168902,1.1918574968973796,0.952451467514038,1.0014560619990032,2.9942339261372886,0.0,0.0,0.0,1.0,1.0,10.059670027849293,12.312893469479445,110.81604122531581,0.20603095267118873,0.0,2.297287259365987,0.006511472668042725,0.0461749447792701,0.0022042722828316636,0.0025219733612436763,0.0828470892741184,0.0,0.0,0.0,0.0,0.0,3
IEEE69,gcn,TP9,11,33120,2283.215374337439,-3073.0433039488616,-27657.389735539753,46.624347241791234,0.0,6.181075966425662,0.840033860463235,1.1408846378326416,0.9542801380157471,1.0,2.889126698176066,0.0,0.0,0.0,1.0,1.0,3.4497170387985547,4.3439729433557766,39.0957564902015,0.207044551341572,0.0,2.2566165903468614,0.006474618329621961,0.01798922086234088,0.0009439975220428846,0.0,0.03236599200903709,0.0,0.0,0.0,0.0,0.0,3
IEEE69,gcn,TP9,12,33216,1669.5764301943302,-2258.2661026142264,-20324.394923528034,37.59905536544405,0.0,6.014933367208358,0.7034692979521222,1.0962815284729004,0.9562091827392578,1.0008773803710938,2.833094835281372,0.0,0.0,0.0,1.0,1.0,1.3891549083353392,2.078173991311778,18.703565921804813,0.16432190553329046,0.0,1.7741909272786875,0.005127409559558237,0.024588171958054298,0.0012202188124902998,0.001519667380298011,0.10076447387643185,0.0,0.0,0.0,0.0,0.0,3
IEEE69,gcn,TP9,13,33312,1882.99377550251,-2557.4086215054544,-23016.67759354909,48.43030245830414,0.0,6.380314661031359,0.8772799782454967,1.1493281920750935,0.9547773599624634,1.0,2.9678334395090737,0.0,0.0,0.0,1.0,1.0,4.262204820097315,5.339251160200737,48.05326044180855,0.16661533641618068,0.0,1.020057609353782,0.005229455075170038,0.04740625370752783,0.002323965427424831,0.0,0.09677457034645495,0.0,0.0,0.0,0.0,0.0,3
IEEE69,gcn,TP9,14,33408,1072.2940894207193,-1461.632008481357,-13154.688076332211,29.211426342131745,0.067442395521882,6.3317836734293165,0.5415916970620552,1.075112223625183,0.9569288094838461,1.0070968866348267,2.5873711109161377,0.0,0.0,0.0,1.0,1.0,18.49333027900537,27.137071969558,244.23364772602324,0.4483429648385789,0.11681365562805535,1.0932870017173741,0.025522100030473772,0.02349951978215858,0.001170466033413315,0.006096720101115723,0.03542835652884092,0.0,0.0,0.0,0.0,0.0,3
IEEE69,gcn,TP9,15,33504,1121.8971507087315,-1524.2382717077378,-13718.14444536964,30.09287932487071,0.0,6.5149262045996705,0.5268483611030711,1.048783302307129,0.956466813882192,1.0038000345230103,2.3871862093607583,0.0,0.0,0.0,1.0,1.0,0.9456798917013362,1.1865422552267875,10.678880297040928,0.14143431362172365,0.0,0.965909283922378,0.004058278012045631,0.019640423829048587,0.0011069500805166107,0.0015113832279550759,0.01562567244651013,0.0,0.0,0.0,0.0,0.0,3
IEEE69,gcn,TP9,16,33600,1629.6086925446307,-2217.44999270969,-19957.049934387207,43.17930486110769,0.0,6.407525484693692,0.7926845416012739,1.1297351916631062,0.9548238118489584,1.0,2.9518281618754068,0.0,0.0,0.0,1.0,1.0,6.049888510565858,7.1214740134139465,64.09326612072634,0.18261766715131889,0.0,1.2425533332057823,0.0058735464371677155,0.022170397299499767,0.0010214585070370606,0.0,0.022848406153655847,0.0,0.0,0.0,0.0,0.0,3
IEEE69,gcn,TP9,17,33696,1906.8609661191713,-2590.1874604931586,-23311.687144438427,45.03182366887692,0.0,6.826751783307738,0.8378907804273896,1.228387435277303,0.9509256879488627,1.0,3.0268210570017495,0.0,0.0,0.3333333333333333,1.0,1.0,9.318110866226018,22.562777951303133,203.06500156172675,0.19092248129667888,0.0,1.614060673084931,0.006104964131838533,0.0279474080781767,0.0011981418597294287,0.0,0.04444348938218433,0.0,0.0,0.5773502691896258,0.0,0.0,3
IEEE69,gcn,TP9,18,33792,1971.148250446554,-2672.8689183129204,-24055.820264816284,49.52656763807803,0.0,6.523351107624546,0.8841592207964922,1.1897748311360676,0.9527168869972229,1.0,2.9426247278849282,0.0,0.0,0.0,1.0,1.0,4.733774508698991,6.150739613083418,55.35665651774784,0.19240932425488314,0.0,1.1486473355658127,0.006134956409709838,0.03876797833244686,0.0017165678122862565,0.0,0.07043432702073606,0.0,0.0,0.0,0.0,0.0,3
IEEE69,gcn,TP9,19,33888,1300.8796029937976,-1784.0663850395767,-16056.597465356192,39.035270784998524,0.0,6.046979183285843,0.7443190285315117,1.1737058560053508,0.9534634749094645,1.0,2.9437793095906577,0.0,0.0,0.0,1.0,1.0,0.8692302861101858,0.9805434205892325,8.824890785304483,0.15662658408436825,0.0,1.0397436581350945,0.005021643313002334,0.01864169578683674,0.0010263456418554264,0.0,0.0892449679334621,0.0,0.0,0.0,0.0,0.0,3
IEEE69,gcn,TP9,20,33984,1269.1023860688813,-1746.2253718817674,-15716.028346935907,40.87955523980054,0.0,6.05056668664665,0.7721228442258306,1.2015103101730347,0.9522464275360107,1.0,3.010603586832682,0.0,0.0,0.0,1.0,1.0,2.3928672202278607,3.739138603646533,33.65224743281929,0.1493591483006172,0.0,0.8659809868275834,0.00478978035319487,0.02616726866413877,0.0011800198264266604,0.0,0.06079994756617929,0.0,0.0,0.0,0.0,0.0,3
IEEE69,gcn,TP9,21,34080,924.3594827878488,-1271.3338814841375,-11442.004933357239,31.1622051106624,0.0,6.088970923738316,0.5581946550971932,1.0840240716934204,0.9573841094970703,1.0063156286875408,2.6762521266937256,0.0,0.0,0.0,1.0,1.0,9.700780511477099,13.029609326372995,117.26648393735734,0.053580722268750304,0.0,0.8513431458881411,0.004532602740110987,0.0340321157195331,0.001745770103227689,0.003086006768123354,0.04289804916039465,0.0,0.0,0.0,0.0,0.0,3
IEEE69,gcn,TP9,22,34176,734.2008377479324,-1015.2705266183175,-9137.434739564856,24.928139848182884,0.4487012216688428,7.684177636526882,0.48455341636306715,0.9756272633870443,0.9610716700553894,1.014019767443339,2.3645607630411782,0.0,0.0,0.0,1.0,1.0,20.48481710088792,30.98201258035512,278.8381132231973,0.5106236894657337,0.3917812799239931,0.5799430733975217,0.034244433507253466,0.040129999915559385,0.0025480797338904263,0.005340257778231211,0.06588003899455723,0.0,0.0,0.0,0.0,0.0,3
IEEE69,gcn,TP9,23,34272,1650.7690049405865,-2254.833255591216,-20293.499300320942,47.854416718143206,0.0,6.7061612885517805,0.8717989480743805,1.1603915294011433,0.9538839260737101,1.0,2.922802130381266,0.0,0.0,0.0,1.0,1.0,1.6990663439478932,2.4595214513087704,22.13569306177613,0.20480852229035618,0.0,1.1702475525281044,0.006592224045961465,0.03700174985371868,0.0018594791364003789,0.0,0.024010619676689292,0.0,0.0,0.0,0.0,0.0,3
IEEE69,gcn,TP9,24,34368,1772.5805489758534,-2416.5686142179698,-21749.11752796173,50.54743811257382,0.0,6.5935570178742084,0.8988852964507209,1.2202220757802327,0.9515348076820374,1.0,3.0248294671376548,0.0,0.0,0.0,1.0,1.0,0.9362208899703885,0.486020069332372,4.374180623989183,0.20325231793162357,0.0,1.239409096855378,0.0065429150594124375,0.030293455137863468,0.0013197639839450334,0.0,0.025007776230606696,0.0,0.0,0.0,0.0,0.0,3
IEEE69,gcn,TP9,25,34464,1972.954195034762,-2675.668310801188,-24081.014797210693,50.67717252585438,0.0,6.762162422107282,0.8877695190409819,1.1502308050791423,0.9545575579007467,1.0,3.030785163243612,0.0,0.0,0.0,1.0,1.0,1.134501802404196,1.8724821735421242,16.852339561880743,0.13992337676636865,0.0,0.36979840005212156,0.004491514324759008,0.016138454197726766,4.025455775780296e-05,0.0,0.06932444559841534,0.0,0.0,0.0,0.0,0.0,3
IEEE69,gcn,TP9,26,34560,1528.580088344106,-2079.013697915607,-18711.12328124046,39.21083383190853,0.0,6.0644921993801555,0.7358106111900674,1.1478863557179768,0.9543079932530721,1.0000227689743042,2.8984936078389487,0.0,0.0,0.0,1.0,1.0,6.849856391884774,8.297150975049979,74.67435877545209,0.14961099294932043,0.0,1.1925480213056188,0.00468824684320956,0.017766562537195427,0.0007305147849327869,3.943702033110327e-05,0.08549334418972901,0.0,0.0,0.0,0.0,0.0,3
IEEE69,gcn,TP9,27,34656,1184.5588096646231,-1633.2479541743244,-14699.231587568918,39.084795418476766,0.0,5.995586785384581,0.7475322787132529,1.16448970635732,0.9540145993232727,1.0001508792241414,2.9313317139943442,0.0,0.0,0.0,1.0,1.0,1.0292029339190405,1.0828746906199949,9.745872215579311,0.13206016944023083,0.0,0.7004756584536153,0.004161107275543908,0.033801643227196594,0.001814361420821651,0.00026133048201952867,0.01898744697933565,0.0,0.0,0.0,0.0,0.0,3
IEEE69,gcn,TP9,28,34752,934.1861077265238,-1296.2994490906046,-11666.69504181544,37.948135226832164,0.0,6.224111984813457,0.6556502307454745,1.0730537573496501,0.9574804703394572,1.0,2.597477356592814,0.0,0.0,0.0,1.0,1.0,2.500834458576981,3.63444238272814,32.709981444551886,0.14401286540619587,0.0,0.2846112281660387,0.0044915829459587445,0.01349915340597248,0.0012361446960769992,0.0,0.027682171528077008,0.0,0.0,0.0,0.0,0.0,3
IEEE69,gcn,TP9,29,34848,952.1440054669656,-1312.9991818534002,-11816.992636680603,35.62935885239434,0.0,6.140223388050511,0.6023995108488533,0.976604700088501,0.9603192011515299,1.0,2.3620936075846353,0.0,0.0,0.0,1.0,1.0,6.513505079134473,8.83430350699447,79.50873156294791,0.12641318834267146,0.0,0.14855485572925362,0.003956551608315645,0.030460536309198826,0.0019648597300459245,0.0,0.10643396046982778,0.0,0.0,0.0,0.0,0.0,3
IEEE69,gcn,TP9,30,34944,1417.6397973294177,-1957.583721054925,-17618.253489494324,46.24403364530917,0.0,6.223187362967539,0.8650173507630825,1.1832194725672405,0.9535301725069681,1.0,3.0504984855651855,0.0,0.0,0.3333333333333333,1.0,1.0,3.642898575924794,8.933871435453751,80.40484291908531,0.17428430979963314,0.0,0.4831896821216452,0.005608930199688314,0.06373782973765456,0.00267813276542467,0.0,0.029197986158114534,0.0,0.0,0.5773502691896258,0.0,0.0,3
IEEE69,mlp,TP1,0,32064,1100.4928718023327,-1493.9095747559159,-13445.186172803244,29.075305768299586,0.0,3.514633840603596,0.5069455032547315,0.7610014875729879,0.9747139612833658,1.0004069010416667,2.303761641184489,0.0,0.0,0.0,1.0,1.0,6.544948717445165,9.145900523339272,82.31310471005308,0.19053755027109143,0.0,0.4045790340006955,0.005469628209221629,0.015298688152780456,0.0010831598658507064,0.0007047732778193354,0.022317142925329752,0.0,0.0,0.0,0.0,0.0,3
IEEE69,mlp,TP1,1,32160,878.4707834761763,-1194.5336971923155,-10750.80327473084,24.092813698961738,0.0,3.61073412587475,0.4207634605053398,0.6979038914044698,0.9774093230565389,1.0041722853978474,2.089503367741903,0.0,0.0,0.0,1.0,1.0,13.803262087670781,19.203571129344684,172.8321401641015,0.3730999316847487,0.0,0.40632175588182196,0.01020693264390875,0.015744593747309164,0.0006504166398840558,0.0015409673845019,0.014545122826463834,0.0,0.0,0.0,0.0,0.0,3
IEEE69,mlp,TP1,2,32256,1464.3388569449069,-1995.6870746612549,-17961.183671951294,39.08047344253282,0.0,3.421979247995305,0.7375338522510395,0.9831756552060446,0.9675766825675964,1.0,2.8431278069814048,0.0,0.0,0.0,1.0,1.0,2.4418537894500605,3.625013119778938,32.62511807801068,0.122846028930822,0.0,0.45611571747709323,0.004111858181471522,0.0699779224362969,0.002897138210499592,0.0,0.07104075993547497,0.0,0.0,0.0,0.0,0.0,3
IEEE69,mlp,TP1,3,32352,1678.0699858703701,-2274.6113750669692,-20471.502375602722,38.521575490688825,0.0,3.6543152234402734,0.7461456778562732,1.0264185468355815,0.9654499491055807,1.0,2.9522953033447266,0.0,0.0,0.0,1.0,1.0,1.4856630517935507,2.5093653288964033,22.584287960068444,0.14914872737078472,0.0,0.6961575106559404,0.004802696405905152,0.03301433566349291,0.0020583913336269834,0.0,0.03264574554346979,0.0,0.0,0.0,0.0,0.0,3
IEEE69,mlp,TP1,4,32448,2076.21355717945,-2803.542931592023,-25231.886384328205,45.20147410554637,0.0,3.4755366652250945,0.8370546083897352,1.0378780364990234,0.9648079872131348,1.0,2.941437085469564,0.0,0.0,0.0,1.0,1.0,0.9669044604428606,1.8155722582473734,16.34015032422431,0.14560481035134687,0.0,0.7071028689589401,0.004760225170828563,0.04662991408946224,0.0026972376802507987,0.0,0.054842405686552353,0.0,0.0,0.0,0.0,0.0,3
IEEE69,mlp,TP1,5,32544,2786.869213968174,-3735.434743316085,-33618.912689844765,50.32598063654647,0.0,3.4966167712978913,0.9014308665775591,1.1060771544774373,0.9607765873273214,1.0,2.9692649046579995,0.0,0.0,0.0,1.0,1.0,3.4497580038855795,4.5642722841428265,41.078450557284484,0.18872758277820584,0.0,1.298573327823907,0.006249407388980252,0.08158444072021423,0.003723080774390005,0.0,0.13014623206312267,0.0,0.0,0.0,0.0,0.0,3
IEEE69,mlp,TP1,6,32640,2522.6935540795726,-3392.6963979932993,-30534.267581939697,50.79520391366532,0.0,3.5373349378251064,0.9069618456479577,1.1147983868916829,0.9606297214825948,1.0,3.0097060203552246,0.0,0.0,0.0,1.0,1.0,4.84846346523141,6.562052871107241,59.05847583996535,0.16930781448206278,0.0,1.1939580233141434,0.005581726716794142,0.07300587648427465,0.003011133449170222,0.0,0.12083919090629583,0.0,0.0,0.0,0.0,0.0,3
IEEE69,mlp,TP1,7,32736,1848.8481986998677,-2487.483711101391,-22387.353399912517,38.837208737336674,0.0,3.358664128875145,0.6729088537395,0.8366378943125407,0.9710349639256796,1.0,2.3302274545033774,0.0,0.0,0.0,1.0,1.0,1.747584382526149,2.652162085360614,23.86945876824552,0.11661911403078047,0.0,0.8987721270028561,0.0038318996140631065,0.07748768414804076,0.0034789818956852954,0.0,0.10615098842477139,0.0,0.0,0.0,0.0,0.0,3
IEEE69,mlp,TP1,8,32832,1273.8382236717844,-1717.6258823752953,-15458.63294137766,27.434842680543323,0.018778614268596266,3.7989808754204986,0.49373697882725126,0.7821042736371359,0.9734145800272623,1.0035430987675984,2.2603372732798257,0.0,0.0,0.0,1.0,1.0,13.978591827142397,19.54855842470247,175.93702582232058,0.389474538114001,0.032525514008946606,0.693489667737557,0.011340852351242645,0.029133059064122863,0.002886654534944321,0.004871983799736596,0.022572650590739853,0.0,0.0,0.0,0.0,0.0,3
IEEE69,mlp,TP1,9,32928,1986.3566931329503,-2680.2645896982262,-24122.38130728404,40.65999257621479,0.0,3.783579902773973,0.7852643227411641,1.0992492039998372,0.9618203242619833,1.0,3.122767448425293,0.0,0.0,0.0,1.0,1.0,4.14971041815595,5.999916678526917,53.99925010674056,0.18119659418031536,0.0,0.713409993124993,0.00596072940733416,0.03688395483229225,0.002329865895889646,0.0,0.03258513381346478,0.0,0.0,0.0,0.0,0.0,3
IEEE69,mlp,TP1,10,33024,2285.5734926704977,-3073.689488887787,-27663.20539999008,42.88648298230146,0.0,3.8277347897885696,0.8208631893826855,1.1158004999160767,0.9614770809809366,1.0,3.0905158519744873,0.0,0.0,0.0,1.0,1.0,9.482409970584088,13.095230435754651,117.8570739217926,0.18817497305876948,0.0,0.6236851164291253,0.006222893901008794,0.06825887287570315,0.00413246999701548,0.0,0.052432445585141034,0.0,0.0,0.0,0.0,0.0,3
IEEE69,mlp,TP1,11,33120,2282.1548275547784,-3072.2174739837646,-27649.957265853882,46.5096113557914,0.0,3.5770990203174975,0.8446716947687997,1.0087073842684429,0.9660111069679261,1.0,2.866574684778849,0.0,0.0,0.0,1.0,1.0,5.596170359447364,7.8657545579222425,70.7917910213022,0.14662916610582108,0.0,0.7077812067105761,0.004783956913548285,0.03923491671323479,0.0018987269195318217,0.0,0.018683810504229362,0.0,0.0,0.0,0.0,0.0,3
IEEE69,mlp,TP1,12,33216,1674.7575968632448,-2265.7153864613283,-20391.43847815196,37.50696571652649,0.0,3.6670684195703434,0.7093614399847056,0.9889122247695923,0.9671404560407003,1.0,2.8858911196390786,0.0,0.0,0.0,1.0,1.0,3.899602328719257,5.539296922793763,49.853672305141274,0.12240752338340015,0.0,0.5060696711174908,0.003982305922949805,0.06619346928478136,0.0032274167005658582,0.0,0.08216539779610117,0.0,0.0,0.0,0.0,0.0,3
IEEE69,mlp,TP1,13,33312,1904.9326220489713,-2586.382427003649,-23277.441843032837,48.31282739904115,0.0,3.3308748407334634,0.8811561663945516,1.0774944225947063,0.9625018239021301,1.0,2.9854300022125244,0.0,0.0,0.0,1.0,1.0,3.4247651218316224,4.535939267273186,40.8234534054597,0.13282626986778048,0.0,0.761702466742357,0.004431489961258837,0.08569047841470614,0.004246676684388922,0.0,0.09276934629261542,0.0,0.0,0.0,0.0,0.0,3
IEEE69,mlp,TP1,14,33408,1059.2355595826086,-1442.8013359876695,-12985.212023889026,28.720858389138204,0.0,3.4867813639552416,0.527187974502643,0.7896080017089844,0.9733098944028219,1.000744144121806,2.3068215052286782,0.0,0.0,0.0,1.0,1.0,6.620809573988094,9.209321133475685,82.88389020128001,0.23010580437931533,0.0,0.41973205295251315,0.005243201063535998,0.01845720961724105,0.0012910164641144475,0.0012888954271215436,0.01071958613959438,0.0,0.0,0.0,0.0,0.0,3
IEEE69,mlp,TP1,15,33504,1123.1422163242353,-1525.8909452314729,-13733.018507083258,29.944427555952036,0.0,3.3406633099121503,0.5272564869374037,0.725428839524587,0.9764530460039774,1.0,2.13631272315979,0.0,0.0,0.0,1.0,1.0,5.394868384207661,7.597791658494164,68.38012492644772,0.15433883070915047,0.0,0.5866371290280034,0.005269364310388569,0.01486077153124937,0.0008657445827298303,0.0,0.01387119151628801,0.0,0.0,0.0,0.0,0.0,3
IEEE69,mlp,TP1,16,33600,1639.8884555749848,-2231.3098249435425,-20081.788424491886,43.04274560649901,0.0,3.4135340874362083,0.7969022142804332,1.05807363986969,0.9634390076001486,1.0,2.9685192902882895,0.0,0.0,0.0,1.0,1.0,1.7797753561982277,2.4795419800972915,22.315877820873972,0.12867066175303307,0.0,0.6480039496348722,0.004258171831290348,0.10578798104853702,0.005816059358149984,0.0,0.11983049339235978,0.0,0.0,0.0,0.0,0.0,3
IEEE69,mlp,TP1,17,33696,1919.0985853755358,-2599.8026532950225,-23398.2238796552,44.87252471851449,0.0,3.6051651035398824,0.8411330493787924,1.0860832532246907,0.9627949595451355,1.0,3.0500446955362954,0.0,0.0,0.0,1.0,1.0,2.15669531833681,2.2117081195795962,19.90537307621511,0.15335487343222567,0.0,0.6984455628743016,0.00498546626917925,0.0831102601688566,0.004270308549994351,0.0,0.08792782574070455,0.0,0.0,0.0,0.0,0.0,3
IEEE69,mlp,TP1,18,33792,1983.626938430478,-2689.5429916381836,-24205.886924743652,49.37759537136177,0.0,3.458897583379629,0.8880307345340649,1.0896378755569458,0.9623737136522929,1.0,2.9820342858632407,0.0,0.0,0.0,1.0,1.0,2.7352381437665896,3.971278153942898,35.741503385485785,0.12737135006281022,0.0,0.8714899299209508,0.004160119626467738,0.12721938033091995,0.006016274224632482,0.0,0.1755950001817162,0.0,0.0,0.0,0.0,0.0,3
IEEE69,mlp,TP1,19,33888,1308.802159521754,-1795.0720911909032,-16155.64882071813,38.93472980896271,0.0,3.397738674272015,0.7502160678721137,1.0308053692181904,0.9659156600634257,1.0,2.971069812774658,0.0,0.0,0.0,1.0,1.0,3.3705491099685,4.8562241337709375,43.70601720393721,0.14017853829746865,0.0,0.5158030102428204,0.004730381245792032,0.048219724604666316,0.0024680266508150645,0.0,0.05975963476149562,0.0,0.0,0.0,0.0,0.0,3
IEEE69,mlp,TP1,20,33984,1273.4964766494675,-1752.698989779861,-15774.290908018747,40.78811947735327,0.0,3.375869656027822,0.7784521964689096,1.0644203821818035,0.9644163449605306,1.0,3.0617377758026123,0.0,0.0,0.0,1.0,1.0,4.163699269797427,6.041677831379226,54.37510048241344,0.1560496363366851,0.0,0.5005310217946681,0.005331042179054492,0.046702648863450436,0.002704375188633544,0.0,0.05693139958779317,0.0,0.0,0.0,0.0,0.0,3
IEEE69,mlp,TP1,21,34080,924.5147176239758,-1270.7305768347449,-11436.575191512704,30.837687096542748,0.0,3.3251786038308624,0.5517528969794512,0.7951098084449768,0.9734088977177938,1.000194748242696,2.3661931355794272,0.0,0.0,0.0,1.0,1.0,5.4410161896402975,7.787125101766611,70.08412591590006,0.17831678020926195,0.0,0.47741330047777825,0.006169681138509911,0.015104750241674967,0.0010052517038400177,0.0003373138510344773,0.018266368970722865,0.0,0.0,0.0,0.0,0.0,3
IEEE69,mlp,TP1,22,34176,728.619433962252,-1002.0525357615617,-9018.472821854055,24.324677362525716,0.09403955557181447,3.550874838173226,0.4389211396790213,0.7413517038027445,0.9760134220123291,1.0064394076665242,2.1749982833862305,0.0,0.0,0.0,1.0,1.0,15.323077794497129,22.79094745711403,205.11852711402832,0.489553581513585,0.16288128817157954,0.5503911965105801,0.02224687970161022,0.020735181308012027,0.001317586853513276,0.006234471050529794,0.019847272905451706,0.0,0.0,0.0,0.0,0.0,3
IEEE69,mlp,TP1,23,34272,1662.3512141054628,-2270.2522159505775,-20432.269943555195,47.69734444254512,0.0,3.179438336251828,0.8749486472871567,1.069586197535197,0.9633779327074686,1.0,3.001654624938965,0.0,0.0,0.0,1.0,1.0,4.746567590141414,6.437269375886577,57.93542438297763,0.1407204749649188,0.0,0.7529843171435231,0.004782116797375249,0.09621800739560821,0.005192044948524329,0.0,0.09788927845003938,0.0,0.0,0.0,0.0,0.0,3
IEEE69,mlp,TP1,24,34368,1774.092041934181,-2419.1322394476997,-21772.190155029297,50.407730317876485,0.0,3.2892820137048813,0.9039352896312872,1.0905048449834187,0.9631996353467306,1.0,3.066106160481771,0.0,0.0,0.0,1.0,1.0,3.1620935137079003,4.443436442227996,39.99092798005491,0.14085782368047484,0.0,0.8034429112072228,0.004684790398987903,0.061423140672353126,0.003115229067727029,0.0,0.07297689875914662,0.0,0.0,0.0,0.0,0.0,3
IEEE69,mlp,TP1,25,34464,1986.75790008068,-2694.0460457978425,-24246.414412180584,50.50210161641795,0.0,3.423129793527623,0.8914948975046476,1.0898046493530273,0.9627397656440735,1.0,3.032146135965983,0.0,0.0,0.0,1.0,1.0,2.779181412643902,3.935741607972166,35.42167447174997,0.11686465663461026,0.0,1.1009048876125789,0.003933589259125391,0.06954902910006325,0.0031950221734505643,0.0,0.10324518911134754,0.0,0.0,0.0,0.0,0.0,3
IEEE69,mlp,TP1,26,34560,1538.4673699104542,-2092.604555359593,-18833.44099823634,39.10826386326577,0.0,3.490361050928415,0.7419489468965265,1.0260563691457112,0.965955118338267,1.0,2.9885200659434,0.0,0.0,0.0,1.0,1.0,1.5267710493404252,2.5071990249795384,22.56479122481593,0.12877428040248315,0.0,0.5346338276624678,0.004249459416452673,0.059503404250952234,0.003026288654483783,0.0,0.07218192672007603,0.0,0.0,0.0,0.0,0.0,3
IEEE69,mlp,TP1,27,34656,1192.7356832275264,-1644.580638496964,-14801.225746472677,38.991857798874356,0.0,3.3453236005445235,0.7533784525261985,1.0369468132654827,0.9657652179400126,1.0,3.0008038679758706,0.0,0.0,0.0,1.0,1.0,4.6985313824492545,6.644866317142572,59.80379685428316,0.15502039894057218,0.0,0.4748903268426682,0.005313023469698503,0.05329524360126116,0.0028198091476459484,0.0,0.060621963340744815,0.0,0.0,0.0,0.0,0.0,3
IEEE69,mlp,TP1,28,34752,940.1292167869228,-1304.2282472186619,-11738.054224967957,37.82292272767578,0.0,3.0425454596134096,0.6575001294000281,0.8007946809132894,0.9720498522122701,1.0,2.28524382909139,0.0,0.0,0.0,1.0,1.0,6.909132221801722,9.832030447073096,88.48827402365775,0.2236088479550835,0.0,0.8636195790875735,0.00782782631828642,0.058461260849845806,0.002708592624826697,0.0,0.04463894445140373,0.0,0.0,0.0,0.0,0.0,3
IEEE69,mlp,TP1,29,34848,960.8503299692007,-1324.6152657049672,-11921.537391344706,35.548396965131055,0.0,2.9580432817677713,0.6049985455142127,0.7916652162869772,0.9730711579322815,1.0,2.27911639213562,0.0,0.0,0.0,1.0,1.0,6.8150985354031155,9.494141075809726,85.44726968228666,0.16721018163083917,0.0,0.9628938563894919,0.005969700336937723,0.012230144937990928,0.0017336686439069948,0.0,0.008650736198362053,0.0,0.0,0.0,0.0,0.0,3
IEEE69,mlp,TP1,30,34944,1427.9657887675694,-1964.7234995453446,-17682.5114959081,46.122918994387874,0.0,3.299256393531314,0.8683168705966736,1.1150656541188557,0.9623972574869791,1.0,3.162010669708252,0.0,0.0,0.0,1.0,1.0,5.916828618872152,7.9858837806165335,71.87295402554955,0.15196448670694923,0.0,0.7134493036192694,0.005129398723331825,0.0623895274779494,0.003486802824031218,0.0,0.07101795627034278,0.0,0.0,0.0,0.0,0.0,3
IEEE69,mlp,TP2,0,32064,1100.5428910455018,-1494.2664799541235,-13448.398319587111,29.076524679409584,0.0,3.5141370578786186,0.5092855816086134,0.7661992112795512,0.9746638536453247,1.0004436175028484,2.3041113217671714,0.0,0.0,0.0,1.0,1.0,6.545928807419475,9.157137292087118,82.41423562878441,0.1905037339474671,0.0,0.40370432289739516,0.005509504825237502,0.01410856588652514,0.0011287243513075846,0.0007683680540600674,0.02196703458821355,0.0,0.0,0.0,0.0,0.0,3
IEEE69,mlp,TP2,1,32160,878.5111081077281,-1194.836877186541,-10753.53189467887,24.093781968263404,0.0,3.6098990161525157,0.4227696781357129,0.7019058465957642,0.9773299296696981,1.0043007930119832,2.0895094871520996,0.0,0.0,0.0,1.0,1.0,13.80047175635905,19.246160809628847,173.2154472866605,0.37305935228488524,0.0,0.40442527324399863,0.010591208665174663,0.015947899777870745,0.0006525220503551919,0.0015539188072550422,0.014642525429580843,0.0,0.0,0.0,0.0,0.0,3
IEEE69,mlp,TP2,2,32256,1464.405533894071,-1996.2192172650937,-17965.972955385845,39.082268953386425,0.0,3.4218210433464264,0.7411036346521643,0.9878296852111816,0.967446486155192,1.0,2.8419576485951743,0.0,0.0,0.0,1.0,1.0,2.4392955154521223,3.6265315833795,32.63878425041731,0.12299736612869705,0.0,0.45575746868094935,0.004148863979964813,0.06903616301810694,0.002892927030281117,0.0,0.06879957252098191,0.0,0.0,0.0,0.0,0.0,3
IEEE69,mlp,TP2,3,32352,1678.146386750814,-2275.184137909501,-20476.657241185505,38.52389702228478,0.0,3.6552517302325787,0.7499397728178235,1.0331118901570637,0.9652530948321024,1.0,2.9522652626037598,0.0,0.0,0.0,1.0,1.0,1.4795010831565185,2.508472155239272,22.57624939715283,0.14982107667656577,0.0,0.6974832868676799,0.0048600021038642215,0.03345219115347005,0.002063768786932859,0.0,0.03221681152822258,0.0,0.0,0.0,0.0,0.0,3
IEEE69,mlp,TP2,4,32448,2076.2973652476626,-2804.273397516321,-25238.460577646892,45.204506539599,0.0,3.47646652076631,0.8420352021025287,1.0448940992355347,0.9645950396855673,1.0,2.941969394683838,0.0,0.0,0.0,1.0,1.0,0.9006764525748604,1.7359765782768213,15.62378920448871,0.14617779592981073,0.0,0.7081476575709043,0.004815305349329614,0.0472601473809672,0.002710545099176742,0.0,0.05533662323399896,0.0,0.0,0.0,0.0,0.0,3
IEEE69,mlp,TP2,5,32544,2787.0843153727424,-3736.416165599117,-33627.74549039205,50.32981197379316,0.0,3.4965514013471846,0.9070544582274224,1.1130404869715373,0.9606088201204935,1.0,2.969350258509318,0.0,0.0,0.0,1.0,1.0,3.455866566093804,4.579721686957256,41.21749518261393,0.18914657454738426,0.0,1.2980388809136822,0.006312458520873386,0.08202649645848871,0.0037136511731781,0.0,0.13001898487745778,0.0,0.0,0.0,0.0,0.0,3
IEEE69,mlp,TP2,6,32640,2522.8930993208933,-3393.6834056995535,-30543.15065129598,50.79933025276781,0.0,3.536951313741762,0.9127921294420958,1.122053901354472,0.9604459007581075,1.0,3.0098417599995932,0.0,0.0,0.0,1.0,1.0,4.854792039425423,6.574095303786617,59.1668577340826,0.1696846582683402,0.0,1.1929588972271339,0.0056381277621811,0.07336253709292864,0.0029998836723878672,0.0,0.12071787783057981,0.0,0.0,0.0,0.0,0.0,3
IEEE69,mlp,TP2,7,32736,1848.9840187425737,-2488.336831128156,-22395.0314801534,38.84027564247541,0.0,3.3589199104526144,0.6783304669790797,0.8429008324941,0.9708146055539449,1.0,2.3305631478627524,0.0,0.0,0.0,1.0,1.0,1.7225820604151878,2.6224742775573575,23.60226849801423,0.1163890705594782,0.0,0.8985101783349574,0.0038558883647305843,0.07882882088823058,0.003496810755660766,0.0,0.1064093231943921,0.0,0.0,0.0,0.0,0.0,3
IEEE69,mlp,TP2,8,32832,1274.2284584317956,-1718.6244017796387,-15467.619616016746,27.443934454431048,0.025032963545019733,3.810143925002553,0.49764167600207854,0.7879506349563599,0.9732165535291036,1.0035784244537354,2.2603678703308105,0.0,0.0,0.0,1.0,1.0,14.43270475539409,20.21887492074106,181.96987428666924,0.39962244580694384,0.043358364723993695,0.71134109403945,0.011916474182728723,0.029727594808119345,0.0028900897281984887,0.004880317141690452,0.022588182206719404,0.0,0.0,0.0,0.0,0.0,3
IEEE69,mlp,TP2,9,32928,1986.503791745815,-2681.02130511955,-24129.191746075947,40.66307810729389,0.0,3.783262806608084,0.7897962095836798,1.1063197056452434,0.9615747928619385,1.0,3.1224167346954346,0.0,0.0,0.0,1.0,1.0,4.1782343563319415,6.045525689081743,54.40973120173838,0.1818575812300608,0.0,0.7128758099677742,0.006029013532958194,0.03763067691133775,0.002327244572350638,0.0,0.032880889477369016,0.0,0.0,0.0,0.0,0.0,3
IEEE69,mlp,TP2,10,33024,2285.7387485054896,-3074.5048069600707,-27670.543262640636,42.88969858855853,0.0,3.827547161596079,0.8256750156482061,1.1225213209788005,0.9613138238588969,1.0,3.089789390563965,0.0,0.0,0.0,1.0,1.0,9.507491603932108,13.136320810008801,118.22688729007606,0.1887944354036837,0.0,0.6233900902133732,0.006291877499224313,0.06740530345530203,0.00404721327988048,0.0,0.051261165421996005,0.0,0.0,0.0,0.0,0.0,3
IEEE69,mlp,TP2,11,33120,2282.2905671786034,-3073.0021781214964,-27657.019603093464,46.51235870008471,0.0,3.5766690415647404,0.8495458616978592,1.0147498647371929,0.9658628304799398,1.0,2.8665312925974527,0.0,0.0,0.0,1.0,1.0,5.616523745481524,7.898285584892622,71.08457026403444,0.1469801952725074,0.0,0.7066326561869085,0.004833042998953226,0.039177174231096006,0.001882950167611778,0.0,0.01831253756554514,0.0,0.0,0.0,0.0,0.0,3
IEEE69,mlp,TP2,12,33216,1674.8176672954587,-2266.1850758305304,-20395.665682474773,37.50858191267677,0.0,3.6676291430169488,0.7124995947298077,0.9945894479751587,0.9670372009277344,1.0,2.886199871699015,0.0,0.0,0.0,1.0,1.0,3.9008523006542166,5.546345157663148,49.917106418968054,0.122769178175785,0.0,0.506732134141289,0.004024539199047728,0.06667527434998191,0.003307744784625854,0.0,0.08237903892237212,0.0,0.0,0.0,0.0,0.0,3
IEEE69,mlp,TP2,13,33312,1905.0487684058292,-2587.233155745047,-23285.098401705425,48.3165317794701,0.0,3.3307220392472687,0.8867634466538826,1.0848286549250286,0.9623107115427653,1.0,2.986146608988444,0.0,0.0,0.0,1.0,1.0,3.448861280793362,4.563075767969603,41.06768191172598,0.13296581530803775,0.0,0.7608818744251449,0.004470488687861185,0.08694938845092495,0.0042689969733647045,0.0,0.09355568561148103,0.0,0.0,0.0,0.0,0.0,3
IEEE69,mlp,TP2,14,33408,1059.31327406561,-1443.3039929894385,-12989.735936904946,28.723004590355533,0.0,3.4859693393645426,0.5304078964723481,0.7955088416735331,0.9731186032295227,1.0007839997609456,2.307097911834717,0.0,0.0,0.0,1.0,1.0,6.6238509665916485,9.220750751783086,82.9867567660481,0.23030787128162247,0.0,0.41837969144814036,0.0052853823032822395,0.01765915681265471,0.001278016755936293,0.001357927419079731,0.01062949334824916,0.0,0.0,0.0,0.0,0.0,3
IEEE69,mlp,TP2,15,33504,1123.1861242362331,-1526.361299717868,-13737.25169746081,29.94567198226044,0.0,3.3398649634653044,0.5305683687329292,0.7299968401590983,0.976309617360433,1.0,2.136354446411133,0.0,0.0,0.0,1.0,1.0,5.399842366255391,7.6085625766061735,68.47706318945498,0.15435211161270096,0.0,0.5848795336672544,0.005311116727762803,0.015021432451891076,0.0008654981726603807,0.0,0.013922831067779034,0.0,0.0,0.0,0.0,0.0,3
IEEE69,mlp,TP2,16,33600,1639.9752210597208,-2231.9598238203257,-20087.638414382935,43.04510601554224,0.0,3.4139900771185783,0.8012071264286836,1.0644551912943523,0.9632871150970459,1.0,2.9688329696655273,0.0,0.0,0.0,1.0,1.0,1.7667079066908626,2.467285318465366,22.205567866188513,0.12897108440300165,0.0,0.6483034445106943,0.004301205931767563,0.10698950096306391,0.005836343758940137,0.0,0.12009123184110812,0.0,0.0,0.0,0.0,0.0,3
IEEE69,mlp,TP2,17,33696,1919.1857080935285,-2600.4937804716606,-23404.444024244945,44.875277980669125,0.0,3.604679012719963,0.8457639515399933,1.0928438504536946,0.962618887424469,1.0,3.050088882446289,0.0,0.0,0.0,1.0,1.0,2.180097776671316,2.2352741352464984,20.11746721722076,0.1538301647410483,0.0,0.6975512531110093,0.005040060520122035,0.08343667745831018,0.0042474129257128665,0.0,0.0876036430854088,0.0,0.0,0.0,0.0,0.0,3
IEEE69,mlp,TP2,18,33792,1983.7208365252638,-2690.2874252884476,-24212.586827596027,49.38039608841124,0.0,3.459285564050527,0.8930180170055894,1.0959195295969646,0.9622330864270529,1.0,2.982217788696289,0.0,0.0,0.0,1.0,1.0,2.7184442826697826,3.954224958858389,35.58802462972777,0.1275825304776281,0.0,0.8717378030957807,0.0041983902539429584,0.128258857711316,0.006026601630203274,0.0,0.17570642303989886,0.0,0.0,0.0,0.0,0.0,3
IEEE69,mlp,TP2,19,33888,1308.8567936716709,-1795.5857611497242,-16160.271850347519,38.93678897922109,0.0,3.3980141046392593,0.7537633081277212,1.0369935035705566,0.965735117594401,1.0,2.971252997716268,0.0,0.0,0.0,1.0,1.0,3.3703758841639817,4.858644829224827,43.72780346302473,0.14031987448432084,0.0,0.5161658370739541,0.0047708961039936515,0.04767814021176367,0.002430277157525233,0.0,0.05892397901397636,0.0,0.0,0.0,0.0,0.0,3
IEEE69,mlp,TP2,20,33984,1273.555143358272,-1753.2536628158005,-15779.282965342203,40.7903894543421,0.0,3.376162610843007,0.7822858945777019,1.0709570248921711,0.9642233848571777,1.0,3.0608197848002114,0.0,0.0,0.0,1.0,1.0,4.163466355454517,6.045809794121149,54.41228814709052,0.15611482070062652,0.0,0.5009248676720031,0.005373692144142525,0.04624642919314564,0.0026705624634198824,0.0,0.05428736263901185,0.0,0.0,0.0,0.0,0.0,3
IEEE69,mlp,TP2,21,34080,924.5689771296771,-1271.1685955667938,-11440.517360101143,30.839596101463638,0.0,3.324561905454574,0.5546983238309622,0.8002023498217264,0.9732464750607809,1.0002466042836506,2.3664889335632324,0.0,0.0,0.0,1.0,1.0,5.433547868363047,7.782249159198063,70.04024243278039,0.178296459110242,0.0,0.47599104461358727,0.006213893216200919,0.015045345680978874,0.0010011759684257035,0.00042713114864703915,0.017992661601837514,0.0,0.0,0.0,0.0,0.0,3
IEEE69,mlp,TP2,22,34176,728.6589318325344,-1002.3962182686837,-9021.565964418152,24.326295346111994,0.09404417489470628,3.5512279399566573,0.44126279010540914,0.7458346287409464,0.9759161273638407,1.0065759817759197,2.1750240325927734,0.0,0.0,0.0,1.0,1.0,15.308395292800325,22.798029738767372,205.18226764890625,0.48905631195313265,0.1628892890735247,0.5508209053232352,0.022467862450882007,0.02099197773144533,0.0013740229078319046,0.006216886973080417,0.019960479901639436,0.0,0.0,0.0,0.0,0.0,3
IEEE69,mlp,TP2,23,34272,1662.4427816126583,-2271.017823819761,-20439.16041437785,47.700494406469566,0.0,3.179757541941573,0.8801298048347235,1.0766005516052246,0.9631938536961874,1.0,3.002307732899984,0.0,0.0,0.0,1.0,1.0,4.753788637143512,6.446426291572025,58.017836624147066,0.14078718238576557,0.0,0.7529705875979643,0.004820832394749395,0.09726008354191519,0.005187979763864399,0.0,0.09849691085075535,0.0,0.0,0.0,0.0,0.0,3
IEEE69,mlp,TP2,24,34368,1774.186960358904,-2419.870379341973,-21778.83341407776,50.41053090295524,0.0,3.2900266419255977,0.9088615528825256,1.0966054201126099,0.9630655447642008,1.0,3.0655848185221353,0.0,0.0,0.0,1.0,1.0,3.1515381473162787,4.432915588673286,39.896240298058714,0.14104336552133942,0.0,0.8042480137926047,0.004725719906548665,0.061868488503410236,0.0031031449997120254,0.0,0.0719248456763001,0.0,0.0,0.0,0.0,0.0,3
IEEE69,mlp,TP2,25,34464,1986.8724280973636,-2694.798770763256,-24253.188936869305,50.50497906304796,0.0,3.4264534005596414,0.8963336882491907,1.1006803512573242,0.9626872340838114,1.0,3.0357059637705484,0.0,0.0,0.0,1.0,1.0,2.754431447186034,3.907425231629524,35.16682708466869,0.1169663406808109,0.0,1.1055668482051508,0.003964828125800468,0.0778634776653169,0.003081902753967707,0.0,0.10917329848224076,0.0,0.0,0.0,0.0,0.0,3
IEEE69,mlp,TP2,26,34560,1538.5274895525247,-2093.091710885366,-18837.825397968292,39.109972175578754,0.0,3.490475564093624,0.7452265485707256,1.0320927500724792,0.9657758871714274,1.0,2.989046017328898,0.0,0.0,0.0,1.0,1.0,1.5310637594578835,2.5183696716339177,22.66532704470543,0.12911559518202734,0.0,0.5348932633708797,0.004293503839383471,0.059396700297714725,0.0030308349788241875,0.0,0.07267110182791107,0.0,0.0,0.0,0.0,0.0,3
IEEE69,mlp,TP2,27,34656,1192.7878932000024,-1645.1050591645417,-14805.945532480875,38.99397032705929,0.0,3.3453765352474747,0.7570370270146265,1.043111006418864,0.9655790130297343,1.0,3.0010502338409424,0.0,0.0,0.0,1.0,1.0,4.697662885958271,6.646817668732647,59.8213590185933,0.1550573945542257,0.0,0.47502137507081515,0.0053548161484069925,0.05359935731775513,0.002830999018336666,0.0,0.06074709195136257,0.0,0.0,0.0,0.0,0.0,3
IEEE69,mlp,TP2,28,34752,940.1961318472742,-1304.926194862083,-11744.335753758749,37.82566993050872,0.0,3.0421365203473876,0.6623967695567342,0.80632217725118,0.9718668858210245,1.0,2.285395383834839,0.0,0.0,0.0,1.0,1.0,6.9174717545823,9.84970436822081,88.64733931398817,0.22370143914281543,0.0,0.8628171831357159,0.007890971283371908,0.059483744723425554,0.002724685192085801,0.0,0.04466208727905431,0.0,0.0,0.0,0.0,0.0,3
IEEE69,mlp,TP2,29,34848,960.9105131819864,-1325.3054750937001,-11927.749275843302,35.55079895220175,0.0,2.957602708606206,0.6099023249828153,0.7977240482966105,0.9728673895200094,1.0,2.279254913330078,0.0,0.0,0.0,1.0,1.0,6.824913079289535,9.5123639759151,85.6112757832335,0.16745529047864574,0.0,0.9612412614371065,0.006022256161552639,0.012848940902142728,0.0017528127658678215,0.0,0.008660598802028557,0.0,0.0,0.0,0.0,0.0,3
IEEE69,mlp,TP2,30,34944,1428.083792360039,-1965.5898552294132,-17690.308697064716,46.127124893528766,0.0,3.3002960729790463,0.8740299646225239,1.1227020025253296,0.9621516466140747,1.0,3.1612292925516763,0.0,0.0,0.0,1.0,1.0,5.909631583936589,7.977196221384619,71.79476599246188,0.15216807450214206,0.0,0.7147571165495727,0.005174191298262033,0.06248081176796108,0.003470846678293537,0.0,0.069145199572935,0.0,0.0,0.0,0.0,0.0,3
IEEE69,mlp,TP3,0,32064,1100.491543334664,-1493.8921433643056,-13445.029290278753,29.075273416297325,0.0,3.5146542866417483,0.5068196319043636,0.7608463565508524,0.9747141400973002,1.0004069010416667,2.303750991821289,0.0,0.0,0.0,1.0,1.0,6.545004049093631,9.145983104160353,82.31384793744284,0.19054077022198862,0.0,0.4046111726035703,0.005469665728459009,0.015330505903182929,0.0010833488943795436,0.0007047732778193354,0.022327106366767734,0.0,0.0,0.0,0.0,0.0,3
IEEE69,mlp,TP3,1,32160,878.4692505669909,-1194.5170263074062,-10750.653236766657,24.092775883709084,0.0,3.6107719811241936,0.42064585040013,0.6977779666582743,0.9774093429247538,1.0041722853978474,2.089503447214762,0.0,0.0,0.0,1.0,1.0,13.803461453921495,19.203839656348272,172.83455690713464,0.37310368240304587,0.0,0.4064015285102355,0.010206995133786083,0.015740938239341574,0.0006504466922810996,0.0015409673845019,0.014541105101548378,0.0,0.0,0.0,0.0,0.0,3
IEEE69,mlp,TP3,2,32256,1464.337266256983,-1995.6700897923222,-17961.0308081309,39.080434019664004,0.0,3.4219627362999687,0.7374143674969673,0.983081579208374,0.9675765434900919,1.0,2.8431966304779053,0.0,0.0,0.0,1.0,1.0,2.4419643919794223,3.625093216821916,32.62583895139742,0.12284302646258737,0.0,0.4560966949158714,0.004111778292330825,0.07004705421871014,0.0028973293489348035,0.0,0.07116617624959734,0.0,0.0,0.0,0.0,0.0,3
IEEE69,mlp,TP3,3,32352,1678.0686369273706,-2274.5936062247665,-20471.3424560229,38.5215321744951,0.0,3.654300055532598,0.7460173438820573,1.0262610912322998,0.965450127919515,1.0,2.952329079310099,0.0,0.0,0.0,1.0,1.0,1.4858712580111433,2.5095884287886254,22.586295859097156,0.14913721399821264,0.0,0.6961338708424635,0.004802325921369626,0.033008594796706786,0.0020582274561144354,0.0,0.03271206212596225,0.0,0.0,0.0,0.0,0.0,3
IEEE69,mlp,TP3,4,32448,2076.2120868383813,-2803.524206550033,-25231.7178589503,45.20142264412183,0.0,3.4755212751202245,0.8369198681579696,1.0377232631047566,0.9648083051045736,1.0,2.9414263566335044,0.0,0.0,0.0,1.0,1.0,0.9678665697631774,1.8167800403894492,16.351020363502442,0.14559400505896247,0.0,0.7070847242119177,0.00475988243820203,0.04662532201388206,0.0026970257076275365,0.0,0.05483356024122902,0.0,0.0,0.0,0.0,0.0,3
IEEE69,mlp,TP3,5,32544,2786.8659636587886,-3735.4141111727113,-33618.727000554405,50.32592273307819,0.0,3.496624052711954,0.9012994784861803,1.105943997701009,0.9607764283816019,1.0,2.969264268875122,0.0,0.0,0.0,1.0,1.0,3.4496541288312907,4.563977713127496,41.07579941814648,0.1887188761827113,0.0,1.2985947052262525,0.006249084287171672,0.08158421097163575,0.0037233556312513674,0.0,0.13015065629687855,0.0,0.0,0.0,0.0,0.0,3
IEEE69,mlp,TP3,6,32640,2522.690477101482,-3392.674163394504,-30534.067470550537,50.795138786933116,0.0,3.5373489899338466,0.906815753835771,1.1146481037139893,0.9606295824050903,1.0,3.0097041924794516,0.0,0.0,0.0,1.0,1.0,4.848343882247561,6.561855711086114,59.05670139977458,0.16929874590031735,0.0,1.1939915159925825,0.00558141094606181,0.07300865453603841,0.0030114266279569115,0.0,0.1208433807126272,0.0,0.0,0.0,0.0,0.0,3
IEEE69,mlp,TP3,7,32736,1848.8469390963744,-2487.4639736458107,-22387.175762812298,38.837177042402494,0.0,3.358657055932696,0.6727638377083672,0.836490531762441,0.9710350235303243,1.0,2.3302220503489175,0.0,0.0,0.0,1.0,1.0,1.748266734977167,2.653056440167166,23.877507961502296,0.11662646588409582,0.0,0.898779672614022,0.003832107325829348,0.07747912616428242,0.003478906194298539,0.0,0.10614864498183665,0.0,0.0,0.0,0.0,0.0,3
IEEE69,mlp,TP3,8,32832,1273.825152026119,-1717.5900208698931,-15458.310187829038,27.43453785537531,0.018533900435972,3.799063340490802,0.49358708059622175,0.7819519837697347,0.9734145800272623,1.0035430987675984,2.2603371938069663,0.0,0.0,0.0,1.0,1.0,13.96177083581259,19.524391972312934,175.7195277508162,0.3891023274841053,0.03210165721752647,0.6936351126318453,0.011325011902200673,0.029130785323368873,0.0028865949303323456,0.004871983799736596,0.02257273938884908,0.0,0.0,0.0,0.0,0.0,3
IEEE69,mlp,TP3,9,32928,1986.3544275818556,-2680.243965890673,-24122.195693016052,40.65994542451699,0.0,3.783590469913001,0.7851227250778012,1.0990830659866333,0.9618204633394877,1.0,3.1227649052937827,0.0,0.0,0.0,1.0,1.0,4.149172634016513,5.999156559303017,53.992409033731086,0.1811869835584546,0.0,0.7134242623994261,0.005960416607850982,0.03688367610096927,0.0023299172334668473,0.0,0.03258521290741486,0.0,0.0,0.0,0.0,0.0,3
IEEE69,mlp,TP3,10,33024,2285.570940622564,-3073.668712651288,-27663.01841386159,42.88643195785153,0.0,3.8277453830618815,0.8207233465380139,1.1156399250030518,0.9614769419034322,1.0,3.0905140240987143,0.0,0.0,0.0,1.0,1.0,9.482052222883528,13.094734833827484,117.85261350444381,0.18816608863246437,0.0,0.6236984393653484,0.006222569349635678,0.06826543192006664,0.004132779011037312,0.0,0.05243835272990665,0.0,0.0,0.0,0.0,0.0,3
IEEE69,mlp,TP3,11,33120,2282.1525103073286,-3072.1986324875447,-27649.787692387898,46.509564595897245,0.0,3.57710795176935,0.8445449057552549,1.0085763931274414,0.9660109281539917,1.0,2.8665751616160073,0.0,0.0,0.0,1.0,1.0,5.595693243148086,7.865102089928827,70.78591880935888,0.1466217286756818,0.0,0.707808235227474,0.004783685309262488,0.03923930693623562,0.0018990827952361144,0.0,0.01869103823920637,0.0,0.0,0.0,0.0,0.0,3
IEEE69,mlp,TP3,12,33216,1674.756065771052,-2265.6980320789194,-20391.282288710277,37.50692510121007,0.0,3.6670576301139106,0.7092383286605278,0.9887677431106568,0.9671405553817749,1.0,2.8858829339345298,0.0,0.0,0.0,1.0,1.0,3.8996287023974334,5.539300230170478,49.8537020715368,0.12240117001501398,0.0,0.5060545699509824,0.0039821060078986305,0.06619105742583195,0.0032273858824694453,0.0,0.08216091216054276,0.0,0.0,0.0,0.0,0.0,3
IEEE69,mlp,TP3,13,33312,1904.9311554220883,-2586.362907692238,-23277.266169230144,48.31277435018152,0.0,3.330881834260134,0.8810150604695082,1.0773336092631023,0.9625019828478495,1.0,2.985414743423462,0.0,0.0,0.0,1.0,1.0,3.424314977671789,4.535452803025397,40.81907522722779,0.1328230047718312,0.0,0.7617248424607558,0.004431383554839202,0.08567747121028765,0.004246401972744844,0.0,0.09275294029500088,0.0,0.0,0.0,0.0,0.0,3
IEEE69,mlp,TP3,14,33408,1059.2342648925428,-1442.7836478209056,-12985.05283038815,28.720822297947354,0.0,3.4868074413337866,0.5270597189664841,0.789456824461619,0.9733099937438965,1.000743826230367,2.3068150679270425,0.0,0.0,0.0,1.0,1.0,6.620772245383782,9.209295231044926,82.88365707940304,0.23010182851171126,0.0,0.4197711004869294,0.005243221397240749,0.018477641285322886,0.0012910816676460668,0.001288344822998151,0.010721725657014508,0.0,0.0,0.0,0.0,0.0,3
IEEE69,mlp,TP3,15,33504,1123.1414769949768,-1525.8742799052486,-13732.868519147238,29.944405851279953,0.0,3.3406921485115952,0.5271306654645337,0.7252984444300333,0.9764530062675476,1.0,2.1363117694854736,0.0,0.0,0.0,1.0,1.0,5.394731984284817,7.5976225391946715,68.37860285275174,0.15433992309595554,0.0,0.5866956621372179,0.005269388131804096,0.014859185293808924,0.0008657101784035713,0.0,0.013869759205482623,0.0,0.0,0.0,0.0,0.0,3
IEEE69,mlp,TP3,16,33600,1639.8868353100368,-2231.29172706604,-20081.625543594357,43.042701505570825,0.0,3.4135305794559785,0.7967740709169043,1.0579271117846172,0.9634390672047933,1.0,2.968511422475179,0.0,0.0,0.0,1.0,1.0,1.7800454844885694,2.4798342200077244,22.318507980067572,0.12866549521196177,0.0,0.6480057656136826,0.004258006859674534,0.10578393740067242,0.005815903905055845,0.0,0.11982412992628458,0.0,0.0,0.0,0.0,0.0,3
IEEE69,mlp,TP3,17,33696,1919.097147428748,-2599.784214796843,-23398.05793317159,44.872477764396535,0.0,3.605180038675588,0.8410002645105124,1.0859360694885254,0.9627947012583414,1.0,3.0500450929005942,0.0,0.0,0.0,1.0,1.0,2.156316280827716,2.211270865382846,19.901437788445968,0.1533468168104988,0.0,0.6984710082211792,0.004985160846837784,0.08311988881034278,0.004270814141737159,0.0,0.08793751872685836,0.0,0.0,0.0,0.0,0.0,3
IEEE69,mlp,TP3,18,33792,1983.625292822195,-2689.5246993877267,-24205.722294489544,49.37754396705532,0.0,3.4588955020532723,0.8879013005644083,1.0894994735717773,0.9623737335205078,1.0,2.9820308685302734,0.0,0.0,0.0,1.0,1.0,2.735577423277036,3.9716841667399985,35.74515750065974,0.12736647110592758,0.0,0.871492549640401,0.004159986069010272,0.12721783607053147,0.006016290638824233,0.0,0.17559465985145323,0.0,0.0,0.0,0.0,0.0,3
IEEE69,mlp,TP3,19,33888,1308.8009683687499,-1795.0551717193039,-16155.496545473734,38.93468667897529,0.0,3.3977358556524493,0.7500929611010684,1.030661364396413,0.9659157991409302,1.0,2.97106663386027,0.0,0.0,0.0,1.0,1.0,3.3705713413076777,4.856275988151734,43.70648389336567,0.14017643995217777,0.0,0.5157990649483065,0.004730334747579665,0.04823792396821865,0.0024689416676776607,0.0,0.05977981693224859,0.0,0.0,0.0,0.0,0.0,3
IEEE69,mlp,TP3,20,33984,1273.4951815921213,-1752.6806706852385,-15774.126036167145,40.78807172164185,0.0,3.375867694215858,0.7783188664664825,1.0642879009246826,0.9644164641698202,1.0,3.0617589950561523,0.0,0.0,0.0,1.0,1.0,4.1637233701740985,6.0417149992810595,54.37543499352957,0.15604892186029348,0.0,0.5005292880863887,0.005331055736597298,0.0467615957867974,0.0027052533799309334,0.0,0.05699262507343687,0.0,0.0,0.0,0.0,0.0,3
IEEE69,mlp,TP3,21,34080,924.5136843084653,-1270.7126959104228,-11436.414263193807,30.837649398670084,0.0,3.3251982732209506,0.5516203745371765,0.7949656446774801,0.9734089175860087,1.0001938740412395,2.366185108820597,0.0,0.0,0.0,1.0,1.0,5.441336704470818,7.787547987213171,70.0879318849197,0.17831897973770522,0.0,0.47745567205031825,0.006169765848101018,0.015108061771867408,0.0010052541141297579,0.0003357996896955084,0.018273734438210686,0.0,0.0,0.0,0.0,0.0,3
IEEE69,mlp,TP3,22,34176,728.6182638355214,-1002.0367657663646,-9018.330891897282,24.32463034830774,0.09403929935560278,3.550883469460254,0.4388069444232517,0.7412214676539103,0.9760134021441141,1.0064394076665242,2.1749980449676514,0.0,0.0,0.0,1.0,1.0,15.323600178192253,22.791707147287827,205.1253643255922,0.4895706490666642,0.1628808443920832,0.550403474590402,0.022247497405513846,0.020731272831998993,0.001317554836767992,0.006234471050529794,0.019843062313098157,0.0,0.0,0.0,0.0,0.0,3
IEEE69,mlp,TP3,23,34272,1662.3497214905794,-2270.233267430906,-20432.099406878155,47.69729170613755,0.0,3.1794318846236673,0.8748123207026057,1.0694265365600586,0.9633780320485433,1.0,3.0016374588012695,0.0,0.0,0.0,1.0,1.0,4.746492738036819,6.4372255576336865,57.93503001870248,0.1407189864734805,0.0,0.7529848722626756,0.004782079189277706,0.09620942616717959,0.0051920418385573005,0.0,0.09787229917774186,0.0,0.0,0.0,0.0,0.0,3
IEEE69,mlp,TP3,24,34368,1774.0901822868734,-2419.1130330827505,-21772.01729774475,50.4076757112598,0.0,3.289272196555866,0.9038008161716992,1.0903582572937012,0.9631996949513754,1.0,3.066119909286499,0.0,0.0,0.0,1.0,1.0,3.1623394396353173,4.4437372303318705,39.99363507298654,0.14085333136488576,0.0,0.8034344510841521,0.004684668016033869,0.06142059922555094,0.003115125834485618,0.0,0.07300577053227891,0.0,0.0,0.0,0.0,0.0,3
IEEE69,mlp,TP3,25,34464,1986.7555715436174,-2694.0266693962944,-24246.24002456665,50.50203965778019,0.0,3.4230057933025946,0.891363968865739,1.0896461804707844,0.962739884853363,1.0,3.032161076863607,0.0,0.0,0.0,1.0,1.0,2.779790902211206,3.936502291511851,35.428520623610346,0.1168604099896009,0.0,1.1007287666841379,0.003933534737754982,0.0695204493572272,0.0031947835817370336,0.0,0.10327721892765035,0.0,0.0,0.0,0.0,0.0,3
IEEE69,mlp,TP3,26,34560,1538.4658956426476,-2092.587281403719,-18833.285532633465,39.10822168724553,0.0,3.49036215786763,0.7418258214990298,1.0259014964103699,0.9659555951754252,1.0,2.988511323928833,0.0,0.0,0.0,1.0,1.0,1.5266927743433634,2.5070679919617986,22.56361192765478,0.1287682609997945,0.0,0.5346314064265238,0.004249259273637516,0.05950067759976119,0.003026346799703286,0.0,0.07217812547203724,0.0,0.0,0.0,0.0,0.0,3
IEEE69,mlp,TP3,27,34656,1192.734588575029,-1644.563088628981,-14801.067797660828,38.99181338177308,0.0,3.3453247065190905,0.7532492584238449,1.0367881854375203,0.9657654762268066,1.0,3.000791072845459,0.0,0.0,0.0,1.0,1.0,4.698540106603897,6.644902881278686,59.80412593150703,0.15502017176156824,0.0,0.47489127543388815,0.005313036175315725,0.05328596617100063,0.002819567472572633,0.0,0.060608794820422654,0.0,0.0,0.0,0.0,0.0,3
IEEE69,mlp,TP3,28,34752,940.1283739931532,-1304.2099290423923,-11737.88936138153,37.82288769684783,0.0,3.0425582376067553,0.6573620840079254,0.8006550669670105,0.9720498323440552,1.0,2.28524112701416,0.0,0.0,0.0,1.0,1.0,6.90899247960399,9.831851751860839,88.48666576674776,0.2236081855540532,0.0,0.8636408003869314,0.00782781451530265,0.05845704508127236,0.0027086249256566496,0.0,0.04464028086824624,0.0,0.0,0.0,0.0,0.0,3
IEEE69,mlp,TP3,29,34848,960.8495118222019,-1324.5958319769964,-11921.362487792969,35.548363156379004,0.0,2.958060886375346,0.6048513855785131,0.791513204574585,0.9730711976687113,1.0,2.279113292694092,0.0,0.0,0.0,1.0,1.0,6.814939459531965,9.493911267038417,85.44520140334636,0.16720402556052424,0.0,0.9629486080852637,0.005969510819638938,0.0122273773755675,0.0017335593719298033,0.0,0.008650776737645983,0.0,0.0,0.0,0.0,0.0,3
IEEE69,mlp,TP3,30,34944,1427.9642297132752,-1964.703072901125,-17682.327656110127,46.12286312979268,0.0,3.2992431606301946,0.8681694202952915,1.1149032910664876,0.962397038936615,1.0,3.162020762761434,0.0,0.0,0.0,1.0,1.0,5.917030115220203,7.986174801397037,71.8755732125736,0.1519613550228143,0.0,0.7134353289692342,0.005129339387116692,0.062398209406969427,0.0034872326847451246,0.0,0.07104591159450077,0.0,0.0,0.0,0.0,0.0,3
IEEE69,mlp,TP4,0,32064,1100.5415678183178,-1494.2490528545998,-13448.241475691399,29.076492391352684,0.0,3.5141579183322413,0.5091597057051128,0.7660448948542277,0.974664032459259,1.0004436175028484,2.304100672403971,0.0,0.0,0.0,1.0,1.0,6.545983642338336,9.15721184823488,82.41490663411356,0.1905069374420745,0.0,0.4037370018731212,0.005509531210986655,0.014138859744085944,0.0011289077990836948,0.0007683680540600674,0.02197708339473498,0.0,0.0,0.0,0.0,0.0,3
IEEE69,mlp,TP4,1,32160,878.5096318680753,-1194.8202867127127,-10753.382580414414,24.093746138497107,0.0,3.609938470161616,0.42265210693909055,0.7017800211906433,0.9773299892743429,1.0043007930119832,2.0895095666249595,0.0,0.0,0.0,1.0,1.0,13.80067439066599,19.2464323058258,173.21789075242933,0.37306341792077136,0.0,0.40450756493937484,0.010591256469194081,0.015944112174557847,0.000652606446899386,0.0015539188072550422,0.014638348703221235,0.0,0.0,0.0,0.0,0.0,3
IEEE69,mlp,TP4,2,32256,1464.4042529207945,-1996.2026486043576,-17965.82383743922,39.0822315973625,0.0,3.421837359315729,0.7409841981199053,0.9877111514409384,0.9674464464187622,1.0,2.8419368267059326,0.0,0.0,0.0,1.0,1.0,2.43936706790919,3.6266108082299526,32.63949727407027,0.12299601644060167,0.0,0.4557811683364965,0.004148818041679046,0.06906332080030815,0.0028929956371733416,0.0,0.06877062904470617,0.0,0.0,0.0,0.0,0.0,3
IEEE69,mlp,TP4,3,32352,1678.1450175368602,-2275.16634105753,-20476.497069517773,38.523853842991834,0.0,3.6552387078510384,0.7498114452593856,1.032954454421997,0.9652532537778219,1.0,2.9522546927134194,0.0,0.0,0.0,1.0,1.0,1.4796774393618994,2.508659369176021,22.577934322583875,0.1498097721560857,0.0,0.6974627379870652,0.004859636470586875,0.03344595327503595,0.0020636326710666195,0.0,0.032207714221383466,0.0,0.0,0.0,0.0,0.0,3
IEEE69,mlp,TP4,4,32448,2076.296005772847,-2804.2548127350983,-25238.293314615887,45.20445495314258,0.0,3.4764524297870736,0.841900451729695,1.0447397232055664,0.964595357577006,1.0,2.9419583479563394,0.0,0.0,0.0,1.0,1.0,0.9018292269149444,1.7374342499639064,15.636908249674432,0.14616678017104753,0.0,0.7081315312625841,0.004814949464882118,0.04725591671979973,0.00271033821026396,0.0,0.055327007763659494,0.0,0.0,0.0,0.0,0.0,3
IEEE69,mlp,TP4,5,32544,2787.0810672311395,-3736.3955543659354,-33627.55998929342,50.32975407614746,0.0,3.4965587632798063,0.9069230864859289,1.1129075686136882,0.9606086413065592,1.0,2.9693495432535806,0.0,0.0,0.0,1.0,1.0,3.4557587191545167,4.579436165859508,41.21492549273473,0.18913787652399383,0.0,1.2980603364541972,0.006312127609807989,0.08202637610544151,0.003713910524144786,0.0,0.13002349199345273,0.0,0.0,0.0,0.0,0.0,3
IEEE69,mlp,TP4,6,32640,2522.890015547285,-3393.6611644603586,-30542.95048014323,50.799265099207936,0.0,3.5369641507092076,0.9126460318350129,1.1219035784403484,0.960445781548818,1.0,3.00983993212382,0.0,0.0,0.0,1.0,1.0,4.854667712124769,6.573882397014666,59.164941573132054,0.1696755498734841,0.0,1.1929905701902463,0.005637796593653658,0.07336525572960302,0.0030001945959119373,0.0,0.12072206531888596,0.0,0.0,0.0,0.0,0.0,3
IEEE69,mlp,TP4,7,32736,1848.9827661814463,-2488.317102290966,-22394.853920618694,38.84024425049029,0.0,3.358919043907695,0.6781854621238179,0.8427534500757853,0.9708146651585897,1.0,2.3305575847625732,0.0,0.0,0.0,1.0,1.0,1.7232774665361363,2.6233896787106294,23.61050710839604,0.11639675366234661,0.0,0.8985259741545306,0.0038561082740184165,0.07882022801703352,0.003496735746580496,0.0,0.10640689401858795,0.0,0.0,0.0,0.0,0.0,3
IEEE69,mlp,TP4,8,32832,1274.2252305777786,-1718.6024207530752,-15467.421786777675,27.443856636133205,0.024997379616326632,3.810093530527634,0.4974993734310071,0.787797749042511,0.9732165733973185,1.0035784244537354,2.2603677908579507,0.0,0.0,0.0,1.0,1.0,14.429880507601867,20.214746948874964,181.9327225398741,0.3995561910626565,0.04329673155156434,0.7112678968154398,0.011913159695015845,0.029724918235722337,0.002890000277424033,0.004880317141690452,0.02258823299657347,0.0,0.0,0.0,0.0,0.0,3
IEEE69,mlp,TP4,9,32928,1986.5015570387352,-2681.000727777128,-24129.006549994152,40.66303110173976,0.0,3.783276070421737,0.7896546059184604,1.1061739126841228,0.961574931939443,1.0,3.1224348545074463,0.0,0.0,0.0,1.0,1.0,4.177744261508105,6.044832720093307,54.40349448083893,0.18184821963300957,0.0,0.7128935595099001,0.006028678282111019,0.03761876899554091,0.002327295830616777,0.0,0.03286932046764447,0.0,0.0,0.0,0.0,0.0,3
IEEE69,mlp,TP4,10,33024,2285.7361862418547,-3074.484022846929,-27670.356205622356,42.889647428781245,0.0,3.8275544309966794,0.8255351655599145,1.122379740079244,0.9613126715024313,1.0,3.0898071924845376,0.0,0.0,0.0,1.0,1.0,9.507117160092216,13.13580572948355,118.2222515653525,0.1887853675821675,0.0,0.623399492356579,0.006291566275368947,0.06743813174941875,0.004048833822629365,0.0,0.05128811914200036,0.0,0.0,0.0,0.0,0.0,3
IEEE69,mlp,TP4,11,33120,2282.288248549714,-3072.983337684914,-27656.850039164226,46.51231198765466,0.0,3.5766799439626324,0.8494190908968449,1.0146190921465557,0.9658626516660055,1.0,2.8665316899617515,0.0,0.0,0.0,1.0,1.0,5.616045575992043,7.89763117381293,71.07868056431514,0.1469728572114103,0.0,0.7066624274572663,0.0048327788733243575,0.039181802441932576,0.001883303499205391,0.0,0.018319854210726638,0.0,0.0,0.0,0.0,0.0,3
IEEE69,mlp,TP4,12,33216,1674.8161427839577,-2266.167724644696,-20395.509521802265,37.50854123854939,0.0,3.667618614306569,0.712376479473379,0.9944452246030172,0.967037300268809,1.0,2.8861917654673257,0.0,0.0,0.0,1.0,1.0,3.900888355903133,5.546365028843863,49.917285259591544,0.12276272557408381,0.0,0.5067172790094737,0.004024334066014773,0.06667285530214431,0.003307713795904054,0.0,0.08237467896940776,0.0,0.0,0.0,0.0,0.0,3
IEEE69,mlp,TP4,13,33312,1905.047302039572,-2587.213645511203,-23284.92280960083,48.316478588777805,0.0,3.3307275618325356,0.8866223276903232,1.0846666892369587,0.9623108506202698,1.0,2.986131270726522,0.0,0.0,0.0,1.0,1.0,3.448410848165162,4.562590578127485,41.06331520314393,0.13296237811965525,0.0,0.7609017838662276,0.004470392421288176,0.08693770089287911,0.004268707023372594,0.0,0.09353913688346381,0.0,0.0,0.0,0.0,0.0,3
IEEE69,mlp,TP4,14,33408,1059.3119716449794,-1443.2862969863193,-12989.576672876874,28.72296846242716,0.0,3.48599388074269,0.5302796276907126,0.7953577836354574,0.9731187423070272,1.0007836818695068,2.307095448176066,0.0,0.0,0.0,1.0,1.0,6.623804816374122,9.220709346529574,82.98638411876468,0.2303037891109769,0.0,0.41841641172500027,0.005285391620225415,0.017679304016138996,0.0012780743455593064,0.0013573768149564027,0.010629820960682369,0.0,0.0,0.0,0.0,0.0,3
IEEE69,mlp,TP4,15,33504,1123.1853823325257,-1526.3446326697315,-13737.101694027582,29.945650341075332,0.0,3.339893906367331,0.5304425350493854,0.7298663457234701,0.976309577624003,1.0,2.1363536516825357,0.0,0.0,0.0,1.0,1.0,5.399707509980197,7.608392610955564,68.47553349859902,0.15435321589932224,0.0,0.5849382251325158,0.005311122426499812,0.015019924980362757,0.0008654637735903143,0.0,0.01392146107763795,0.0,0.0,0.0,0.0,0.0,3
IEEE69,mlp,TP4,16,33600,1639.9734749722666,-2231.9415624406606,-20087.474061965942,43.04506109320391,0.0,3.413967261029445,0.8010789801677068,1.0643104712168376,0.9632871747016907,1.0,2.9688289165496826,0.0,0.0,0.0,1.0,1.0,1.767093766642458,2.46766641572391,22.208997741516576,0.12896487700670062,0.0,0.6482799676390983,0.004301006833759203,0.10698864317307916,0.005836137316188932,0.0,0.12009167660316941,0.0,0.0,0.0,0.0,0.0,3
IEEE69,mlp,TP4,17,33696,1919.1842628461618,-2600.475334361747,-23404.278009255726,44.87523087154417,0.0,3.604692946377313,0.8456311532192761,1.092696189880371,0.9626186688741049,1.0,3.05008856455485,0.0,0.0,0.0,1.0,1.0,2.1797270770940496,2.23484763649663,20.11362872846856,0.1538218914872395,0.0,0.6975758820513898,0.00503974393884801,0.08344487184046365,0.004247851824751454,0.0,0.08761229674733105,0.0,0.0,0.0,0.0,0.0,3
IEEE69,mlp,TP4,18,33792,1983.7191376008666,-2690.269065291793,-24212.42158762614,49.380344342433695,0.0,3.4592787759305907,0.8928885757923126,1.0957807302474976,0.9622330864270529,1.0,2.9822139739990234,0.0,0.0,0.0,1.0,1.0,2.7186916771680836,3.9545129707292905,35.59061673656454,0.12757720188849728,0.0,0.87173332692603,0.004198224031743602,0.12825693438509717,0.006026599886741059,0.0,0.17570540202022122,0.0,0.0,0.0,0.0,0.0,3
IEEE69,mlp,TP4,19,33888,1308.85561531218,-1795.5688665089783,-16160.119798580805,38.93674604537531,0.0,3.398012577350039,0.753640204254124,1.0368488629659016,0.9657352765401205,1.0,2.9712490240732827,0.0,0.0,0.0,1.0,1.0,3.370394468845159,4.8586824515014335,43.72814206351378,0.14031788997310146,0.0,0.5161639944312334,0.0047708631727854615,0.047695325930566045,0.002431151672096987,0.0,0.05894248713114608,0.0,0.0,0.0,0.0,0.0,3
IEEE69,mlp,TP4,20,33984,1273.5538924950235,-1753.2353936654551,-15779.118542989096,40.79034170851628,0.0,3.3761618109259905,0.7821525565038124,1.0707964102427165,0.9642235239346822,1.0,3.060840050379435,0.0,0.0,0.0,1.0,1.0,4.163473905046507,6.045832505222772,54.41249254700434,0.15611407871181524,0.0,0.5009248264944821,0.005373695990799921,0.04625820240646889,0.002671353389173462,0.0,0.05434643006561248,0.0,0.0,0.0,0.0,0.0,3
IEEE69,mlp,TP4,21,34080,924.5679444087913,-1271.1507139161781,-11440.356425245604,30.83955838410778,0.0,3.324581940041895,0.5545657817274332,0.800058126449585,0.9732464949289957,1.0002457698186238,2.366481145222982,0.0,0.0,0.0,1.0,1.0,5.433867462972557,7.782675701270425,70.04408131143343,0.17829860245784887,0.0,0.4760337221353095,0.006214000758492145,0.01504861879387128,0.0010011786724100954,0.00042568581282354645,0.01799959636605642,0.0,0.0,0.0,0.0,0.0,3
IEEE69,mlp,TP4,22,34176,728.6577164956949,-1002.3803599429903,-9021.423239486912,24.326245240449982,0.09404391821050496,3.5512249571767227,0.44114837195310325,0.7457043329874674,0.9759159882863363,1.0065759420394897,2.1750237941741943,0.0,0.0,0.0,1.0,1.0,15.30894619050695,22.798838803909813,205.18954923519044,0.489074553037927,0.16288884448344657,0.550816094457224,0.022468601843178945,0.02098811098669849,0.0013738352882355217,0.006216820568478632,0.01995617727485334,0.0,0.0,0.0,0.0,0.0,3
IEEE69,mlp,TP4,23,34272,1662.4412833857511,-2270.9988645977446,-20438.9897813797,47.700441800180364,0.0,3.179753227242569,0.8799934809406599,1.0764434734980266,0.9631939133008321,1.0,3.002294381459554,0.0,0.0,0.0,1.0,1.0,4.753724207907784,6.446383683578032,58.017453152202364,0.1407857441836021,0.0,0.7529739649598066,0.004820816555854679,0.0972558799334171,0.005188099006904034,0.0,0.09848670754118845,0.0,0.0,0.0,0.0,0.0,3
IEEE69,mlp,TP4,24,34368,1774.1851028371645,-2419.8511854807534,-21778.660669326782,50.41047609157067,0.0,3.2900143624684133,0.9087270982563496,1.0964585940043132,0.9630655845006307,1.0,3.065597931543986,0.0,0.0,0.0,1.0,1.0,3.1517810791591185,4.433217170758469,39.89895453682544,0.14103863235948422,0.0,0.8042359122813748,0.004725592254926449,0.06186532061956949,0.0031030242880223983,0.0,0.07195261419640629,0.0,0.0,0.0,0.0,0.0,3
IEEE69,mlp,TP4,25,34464,1986.8710856057623,-2694.7807412324128,-24253.026671091717,50.50493612153999,0.0,3.426676051619262,0.8962031766358348,1.1005411942799885,0.9626853267351786,1.0,3.0356799761454263,0.0,0.0,0.0,1.0,1.0,2.7540060739475707,3.90696635613001,35.16269720516851,0.11697210561359547,0.0,1.1059231379977181,0.00396494583946129,0.07786611521828436,0.0030846688002724777,0.0,0.10913526110850091,0.0,0.0,0.0,0.0,0.0,3
IEEE69,mlp,TP4,26,34560,1538.5260120972482,-2093.07442412553,-18837.669817129772,39.10992985207,0.0,3.4904744743920557,0.7451034268985192,1.0319371620814006,0.9657764434814453,1.0,2.989032427469889,0.0,0.0,0.0,1.0,1.0,1.5309806392352932,2.5182414143201686,22.66417272887767,0.12910936522587588,0.0,0.5348880785536662,0.004293323502094433,0.05939270769554661,0.003030763689312621,0.0,0.07265937122785361,0.0,0.0,0.0,0.0,0.0,3
IEEE69,mlp,TP4,27,34656,1192.7867856933976,-1645.0874926602398,-14805.78743394216,38.99392548929185,0.0,3.345369765798225,0.756907815941506,1.0429675976435344,0.9655792713165283,1.0,3.0010584195454917,0.0,0.0,0.0,1.0,1.0,4.6976840432162374,6.646878406655044,59.82190565989621,0.15505704107717444,0.0,0.47501101208893315,0.00535483042186656,0.053616530486554466,0.00283070548854734,0.0,0.060769986494343516,0.0,0.0,0.0,0.0,0.0,3
IEEE69,mlp,TP4,28,34752,940.1952978431312,-1304.9078867170545,-11744.170980453491,37.825634906851214,0.0,3.0421498779693557,0.6622587361683449,0.8061825037002563,0.9718669056892395,1.0,2.28539244333903,0.0,0.0,0.0,1.0,1.0,6.917319058507693,9.849497597435938,88.64547837692393,0.22370075011255666,0.0,0.8628394675853479,0.007890955542966201,0.0594790838397917,0.0027247015166322356,0.0,0.04466300975292942,0.0,0.0,0.0,0.0,0.0,3
IEEE69,mlp,TP4,29,34848,960.9097138811098,-1325.2860787709553,-11927.574708938599,35.550765581617576,0.0,2.957628947922665,0.6097552008512948,0.797572135925293,0.9728673696517944,1.0,2.27925173441569,0.0,0.0,0.0,1.0,1.0,6.824721534455493,9.512092258827934,85.60883032945105,0.16744863215827865,0.0,0.9613099363609123,0.006022029240257873,0.012846238856668052,0.0017527460449534695,0.0,0.008660603492707227,0.0,0.0,0.0,0.0,0.0,3
IEEE69,mlp,TP4,30,34944,1428.0822444532002,-1965.5694380512941,-17690.12494246165,46.12706904827913,0.0,3.3002836943276077,0.8738825128724178,1.1225446859995525,0.9621512293815613,1.0,3.161238749821981,0.0,0.0,0.0,1.0,1.0,5.9098193680763496,7.977470929130355,71.79723836217319,0.1521649052501086,0.0,0.7147443880212747,0.005174097433371315,0.062498440846669716,0.0034716719306581317,0.0,0.06917205460846712,0.0,0.0,0.0,0.0,0.0,3
IEEE69,mlp,TP5,0,32064,1100.0436999653377,-1492.3149726655747,-13430.834753990173,29.063662138097545,0.0,3.516028857000366,0.49884634651243687,0.7493114272753397,0.9751470486323038,1.0004079341888428,2.302441358566284,0.0,0.0,0.0,1.0,1.0,6.557066902448189,9.16208193496076,82.45873741464715,0.1910077165682345,0.0,0.4066504470317123,0.0054711158478595485,0.01789533630654681,0.0012668777920340722,0.0007065627412200806,0.023174952704202195,0.0,0.0,0.0,0.0,0.0,3
IEEE69,mlp,TP5,1,32160,878.149469896479,-1193.2354370719856,-10739.118933647871,24.084250788069767,0.0,3.6129989069970887,0.413707099441025,0.6889556845029196,0.9776008327802023,1.004174033800761,2.0891998608907065,0.0,0.0,0.0,1.0,1.0,13.817096691433807,19.22279544297296,173.00515898675613,0.37337955293193303,0.0,0.4112005953727287,0.010215314612957464,0.01545079473794261,0.0007235297873206948,0.0015405312496494378,0.014225468668025211,0.0,0.0,0.0,0.0,0.0,3
IEEE69,mlp,TP5,2,32256,1463.6816731138633,-1993.6177991584493,-17942.560192426045,39.06310996108065,0.0,3.4194530074794662,0.7277988501720958,0.9724736015001932,0.9675825635592142,1.0,2.844383955001831,0.0,0.0,0.0,1.0,1.0,2.4544984755180743,3.6382158287929274,32.74394245913572,0.12255926379378244,0.0,0.45298146173820564,0.0041030011594534585,0.07167375827454714,0.002894213335592912,0.0,0.07485060277360639,0.0,0.0,0.0,0.0,0.0,3
IEEE69,mlp,TP5,3,32352,1677.3155818237403,-2272.416953334102,-20451.752580006916,38.50310138996125,0.0,3.652323717787582,0.7364204244481193,1.0134223103523254,0.9654737114906311,1.0,2.9572602113087973,0.0,0.0,0.0,1.0,1.0,1.5070923190731822,2.5309247055119757,22.778322349607766,0.14789141662901342,0.0,0.6930644453094507,0.004755184046662249,0.03168967453589708,0.002044460802027903,0.0,0.04299138063491602,0.0,0.0,0.0,0.0,0.0,3
IEEE69,mlp,TP5,4,32448,2075.450142873091,-2801.2609499825376,-25211.348549842834,45.182973430271886,0.0,3.4735470810794364,0.8267215345468785,1.0256789525349934,0.9648481408754984,1.0,2.9420342445373535,0.0,0.0,0.0,1.0,1.0,1.0666301336422983,1.9406310732250245,17.465679659022875,0.14449544148101795,0.0,0.7044720895151467,0.004718628495868693,0.04665885683237132,0.0026730250971254304,0.0,0.057434154452668536,0.0,0.0,0.0,0.0,0.0,3
IEEE69,mlp,TP5,5,32544,2785.813249294965,-3732.6881181928843,-33594.19306373596,50.307021899512016,0.0,3.4969950466161883,0.8904223721474409,1.0940635204315186,0.9607875148455302,1.0,2.968191305796305,0.0,0.0,0.0,1.0,1.0,3.440750287378334,4.5402046647936904,40.86184198314506,0.1879252175816363,0.0,1.3000467274545768,0.006214186876560392,0.08111896605401742,0.0037140362082710575,0.0,0.12988215805525005,0.0,0.0,0.0,0.0,0.0,3
IEEE69,mlp,TP5,6,32640,2521.7498502778312,-3390.0866608796296,-30510.779947916668,50.77590875790096,0.0,3.5381779533946465,0.8958807960152626,1.1028989950815837,0.9606268803278605,1.0,3.008873542149862,0.0,0.0,0.0,1.0,1.0,4.8425497773265835,6.551583773402323,58.96425396062013,0.16858466771795547,0.0,1.1964286631031738,0.00554918628260418,0.07296579549186831,0.003032686327245633,0.0,0.12109646442665291,0.0,0.0,0.0,0.0,0.0,3
IEEE69,mlp,TP5,7,32736,1848.3172067687312,-2485.6979276162606,-22371.281348546345,38.82575935844701,0.0,3.356969969488803,0.664130616105265,0.8267688552538554,0.9710447390874227,1.0,2.3293704191843667,0.0,0.0,0.0,1.0,1.0,1.7856485331016037,2.702357618175528,24.321218563580434,0.11709804447430108,0.0,0.8978274053705024,0.0038450572431065564,0.0769895426417255,0.0034722089017120207,0.0,0.1058939850733981,0.0,0.0,0.0,0.0,0.0,3
IEEE69,mlp,TP5,8,32832,1273.3161862275365,-1715.8525974786392,-15442.673377307752,27.423145425765444,0.0,3.6373073615264975,0.4850907002886136,0.7728225588798523,0.9734186132748922,1.0024480024973552,2.2599472204844155,0.0,0.0,0.0,1.0,1.0,13.787820172481727,19.007773443448563,171.06996099103813,0.38507220769418854,0.0,0.4366608467582165,0.008920979483540965,0.029494799111563986,0.002882631099623183,0.0029797452393628978,0.02257883278739469,0.0,0.0,0.0,0.0,0.0,3
IEEE69,mlp,TP5,9,32928,1985.3971634223083,-2677.75052218967,-24099.75469970703,40.64033999586354,0.0,3.7842943520540673,0.7751142808960544,1.0864687363306682,0.9618423779805502,1.0,3.1218508879343667,0.0,0.0,0.0,1.0,1.0,4.095562935804854,5.922559077536966,53.30303169783227,0.18020241261391665,0.0,0.7142365808746381,0.005917889939275522,0.03717826543936263,0.0023338250429216813,0.0,0.032580998006757185,0.0,0.0,0.0,0.0,0.0,3
IEEE69,mlp,TP5,10,33024,2284.5472037818176,-3071.069614428061,-27639.62652985255,42.866900135926095,0.0,3.8284325346750294,0.8105616757853163,1.1034502188364665,0.9614754319190979,1.0,3.0896101792653403,0.0,0.0,0.0,1.0,1.0,9.440555612958438,13.035937762739472,117.3234398646547,0.18724809704303924,0.0,0.624345666317995,0.006182511554303181,0.06890436702862221,0.0041559379380317184,0.0,0.0528661385820494,0.0,0.0,0.0,0.0,0.0,3
IEEE69,mlp,TP5,11,33120,2281.267269305344,-3069.7380797068276,-27627.64271736145,46.49152128579226,0.0,3.580788618309935,0.8340500044739909,0.9972096681594849,0.9660014510154724,1.0,2.865950345993042,0.0,0.0,0.0,1.0,1.0,5.568382492367004,7.826244621270576,70.43620159143259,0.14619867333060765,0.0,0.7143813931297945,0.004756674704739125,0.03984041563378433,0.0019260003959367898,0.0,0.019310472012861225,0.0,0.0,0.0,0.0,0.0,3
IEEE69,mlp,TP5,12,33216,1673.994666733536,-2263.525224208832,-20371.727017879486,37.489393321044794,0.0,3.6654602750491594,0.6997591596510674,0.976237157980601,0.9673441648483276,1.0,2.884382406870524,0.0,0.0,0.0,1.0,1.0,3.894593304159743,5.529238363433475,49.763145270898775,0.12176405659860193,0.0,0.5037465219132838,0.003958899479776185,0.06527033415996525,0.003510398786373414,0.0,0.08153235377338341,0.0,0.0,0.0,0.0,0.0,3
IEEE69,mlp,TP5,13,33312,1904.2323481586443,-2584.1264285334837,-23257.13785680135,48.29398200012171,0.0,3.331322344419926,0.8703736855338017,1.0647269090016682,0.9625239769617716,1.0,2.9832197030385337,0.0,0.0,0.0,1.0,1.0,3.385683232182635,4.494348211196659,40.4491339007719,0.13254796261111698,0.0,0.7632873721110766,0.004419798212669433,0.08411543514512766,0.004217689892112104,0.0,0.09091039590164665,0.0,0.0,0.0,0.0,0.0,3
IEEE69,mlp,TP5,14,33408,1058.8159345403853,-1441.2899748109005,-12971.609773298105,28.70952487820432,0.0,3.4885984420765355,0.5194484483864573,0.7789294521013895,0.9733178615570068,1.000674883524577,2.3058977921803794,0.0,0.0,0.0,1.0,1.0,6.626462178966179,9.216880301369049,82.95192271232249,0.230091773375169,0.0,0.4223516714244068,0.005244370383762377,0.019936473163324805,0.0012902579704222946,0.0011689325537581844,0.010869659941090681,0.0,0.0,0.0,0.0,0.0,3
IEEE69,mlp,TP5,15,33504,1122.8099290948696,-1524.512780379366,-13720.615023414293,29.935496876455847,0.0,3.3430580198981503,0.519674502313137,0.7163008252779642,0.97645503282547,1.0,2.135895570119222,0.0,0.0,0.0,1.0,1.0,5.384781391638616,7.58525951442299,68.2673356298054,0.15444613977461852,0.0,0.5911283533590473,0.005270494049267058,0.01474763233091852,0.0008642718565757316,0.0,0.013762334135127138,0.0,0.0,0.0,0.0,0.0,3
IEEE69,mlp,TP5,16,33600,1639.1858202114993,-2229.108370392411,-20061.975333531696,43.024228116403414,0.0,3.4129397632930263,0.7865813676681782,1.0455987453460693,0.9634540875752767,1.0,2.9668265183766684,0.0,0.0,0.0,1.0,1.0,1.8040565869949032,2.5071305283822314,22.564174755440728,0.12813465566498217,0.0,0.6476120300826067,0.0042380310023400055,0.10490946040817728,0.005797372116490647,0.0,0.11874647451149906,0.0,0.0,0.0,0.0,0.0,3
IEEE69,mlp,TP5,17,33696,1918.3028625115437,-2597.4413377620554,-23376.9720398585,44.85267251457299,0.0,3.6068810866931877,0.8305007436623176,1.0739601055781047,0.9627852241198221,1.0,3.049314260482788,0.0,0.0,0.0,1.0,1.0,2.1055901473669154,2.15118225342464,19.36064028082145,0.15251231563426987,0.0,0.7011570141956068,0.004946386909331759,0.08359425164749236,0.00430869695840159,0.0,0.08863827173306793,0.0,0.0,0.0,0.0,0.0,3
IEEE69,mlp,TP5,18,33792,1982.8847652081706,-2687.201915387754,-24184.817238489788,49.358396600722095,0.0,3.457629198351436,0.8770031039085652,1.0769868691762288,0.9623878598213196,1.0,2.9808319409688315,0.0,0.0,0.0,1.0,1.0,2.7532529600405176,3.990383013847716,35.913447124631176,0.12680802333023353,0.0,0.8700082664973542,0.004138818519978645,0.12626512601658876,0.006005955625221918,0.0,0.1752469862123354,0.0,0.0,0.0,0.0,0.0,3
IEEE69,mlp,TP5,19,33888,1308.19168664013,-1793.03896439517,-16137.350679556528,38.91574924382803,0.0,3.3964806406029395,0.7402840335335997,1.0177250703175862,0.9659181634585062,1.0,2.969874620437622,0.0,0.0,0.0,1.0,1.0,3.3717277974981683,4.860580793655457,43.74522714289982,0.1399449156404296,0.0,0.5140421205195446,0.004723335467087644,0.049094712448041644,0.0025826016695369783,0.0,0.06130864586394457,0.0,0.0,0.0,0.0,0.0,3
IEEE69,mlp,TP5,20,33984,1272.880868547789,-1750.6173262949342,-15755.55593665441,40.76821342306175,0.0,3.374362553511686,0.7681847270578146,1.0529589255650837,0.9644438028335571,1.0,3.062384605407715,0.0,0.0,0.0,1.0,1.0,4.168918125576435,6.049097230514004,54.44187507462563,0.15600824461630666,0.0,0.49839484027832553,0.005330388186952829,0.050745244711014326,0.0027677346253903497,0.0,0.061573244653067745,0.0,0.0,0.0,0.0,0.0,3
IEEE69,mlp,TP5,21,34080,924.1093069098014,-1269.1682772007252,-11422.514494806528,30.824303318411086,0.0,3.326617911580023,0.5434571076184511,0.7848531603813171,0.9734151164690653,1.00014062722524,2.3651346365610757,0.0,0.0,0.0,1.0,1.0,5.461103554920232,7.814150716735763,70.32735645062144,0.17854457744837865,0.0,0.4804106953660007,0.006177257558080422,0.015111764452124426,0.0010050926013361662,0.00024357349904326848,0.018785855629779427,0.0,0.0,0.0,0.0,0.0,3
IEEE69,mlp,TP5,22,34176,728.352942866339,-1000.8355734367614,-9007.520160930851,24.315407092188252,0.09403604113550802,3.5519252748505576,0.43194488911992973,0.7321403821309408,0.9760387341181437,1.0062822103500366,2.1746477286020913,0.0,0.0,0.0,1.0,1.0,15.354337532382749,22.836216887791974,205.52595199012802,0.49062822186043015,0.16287520098933686,0.5517341237953576,0.022283025082522095,0.020413692158852942,0.001353291622853714,0.006309499239998431,0.01948744357049993,0.0,0.0,0.0,0.0,0.0,3
IEEE69,mlp,TP5,23,34272,1661.7037449728625,-2268.0641073650786,-20412.576966285706,47.67808146663689,0.0,3.1779013505260925,0.8641602214839724,1.0562649369239807,0.963399330774943,1.0,2.9992312590281167,0.0,0.0,0.0,1.0,1.0,4.739033602029398,6.432418469496855,57.89176622547291,0.14058787746671034,0.0,0.7515764697897462,0.004778183029725474,0.09503462343555447,0.005188067046003523,0.0,0.09595598517608714,0.0,0.0,0.0,0.0,0.0,3
IEEE69,mlp,TP5,24,34368,1773.3495830288487,-2416.7255476492423,-21750.52992884318,50.38646612605711,0.0,3.2872780484231243,0.8923849140604337,1.0778469642003377,0.963216761747996,1.0,3.0665695667266846,0.0,0.0,0.0,1.0,1.0,3.187429815998227,4.475176568950535,40.27658912055655,0.14036565398330206,0.0,0.8009102279274181,0.00466739186242086,0.06183982836095135,0.0030969790676178333,0.0,0.07554807962516366,0.0,0.0,0.0,0.0,0.0,3
IEEE69,mlp,TP5,25,34464,1985.9880970412648,-2691.6302331288657,-24224.67209815979,50.48191099994801,0.0,3.417671819639333,0.8801563175188171,1.0781503915786743,0.9627529581387838,1.0,3.0334459940592446,0.0,0.0,0.0,1.0,1.0,2.798436174875449,3.964766232787578,35.682896095088964,0.11668808305220957,0.0,1.094103244733007,0.0039309852264832685,0.07089443115538238,0.0031830968950874467,0.0,0.10732271548827593,0.0,0.0,0.0,0.0,0.0,3
IEEE69,mlp,TP5,26,34560,1537.7358794801287,-2090.406113659894,-18813.655022939045,39.08939678695606,0.0,3.489715552535905,0.7319527990702127,1.0124497214953105,0.9660086035728455,1.0,2.986682653427124,0.0,0.0,0.0,1.0,1.0,1.5167045324117512,2.49057523200262,22.415177088023775,0.1280988428838008,0.0,0.5333544299674337,0.004225110489847661,0.05842476082031129,0.0030279976535039044,0.0,0.07136904557893876,0.0,0.0,0.0,0.0,0.0,3
IEEE69,mlp,TP5,27,34656,1192.1802133046856,-1642.6335701942444,-14783.7021317482,38.97320838312165,0.0,3.3455394119007256,0.7435630694445637,1.0230751037597656,0.9657845695813497,1.0,2.9979559580485025,0.0,0.0,0.0,1.0,1.0,4.695327866473802,6.644095010139005,59.79685509125105,0.1550354540572444,0.0,0.4750557486930269,0.005314235557171365,0.051287330504833036,0.0028167203362663594,0.0,0.05766432411853518,0.0,0.0,0.0,0.0,0.0,3
IEEE69,mlp,TP5,28,34752,939.8485616035049,-1302.7994733033358,-11725.19525973002,37.81163443979373,0.0,3.0434584672907263,0.6489729939235581,0.7912806073824564,0.9720525145530701,1.0,2.2846174240112305,0.0,0.0,0.0,1.0,1.0,6.899569899243243,9.819206693828596,88.37286024445581,0.22356365621817895,0.0,0.865082948608945,0.007825456183925378,0.05873668243875893,0.002711609925310441,0.0,0.04473954146331326,0.0,0.0,0.0,0.0,0.0,3
IEEE69,mlp,TP5,29,34848,960.6068970056457,-1323.290669017368,-11909.616021156311,35.53925598729014,0.0,2.959591121885533,0.5969204795029429,0.782354474067688,0.9730762243270874,1.0,2.27852471669515,0.0,0.0,0.0,1.0,1.0,6.80710345721758,9.482425809431343,85.34183228488237,0.16680617762875852,0.0,0.967132795602929,0.005956907941900872,0.012690720357193203,0.0017277112111172483,0.0,0.008649347754760086,0.0,0.0,0.0,0.0,0.0,3
IEEE69,mlp,TP5,30,34944,1427.3327624954484,-1962.5515310852616,-17662.963779767353,46.102204043550955,0.0,3.2972839377845653,0.8575074180132813,1.101951042811076,0.9623915553092957,1.0,3.1622794469197593,0.0,0.0,0.0,1.0,1.0,5.931535556393708,8.008728299283957,72.07855469355611,0.1516452759449532,0.0,0.7107910298099346,0.005118960549688245,0.06275549469669578,0.003512129922447323,0.0,0.0736192569540828,0.0,0.0,0.0,0.0,0.0,3
IEEE69,mlp,TP6,0,32064,1100.1287095613368,-1491.2372654212843,-13421.135388791561,29.066354940097273,0.0,3.5183034237324358,0.4893156486666865,0.7231260538101196,0.9754760265350342,1.000241796175639,2.300786336263021,0.0,0.0,0.0,1.0,1.0,6.536592172030536,9.063341861501026,81.57007675350941,0.19063444964361292,0.0,0.4116901225280442,0.004983824032547432,0.017924232624485822,0.00098275366131828,0.00041880326128227753,0.025325266549565902,0.0,0.0,0.0,0.0,0.0,3
IEEE69,mlp,TP6,1,32160,878.1614718190473,-1192.3361896615888,-10731.0257069543,24.08516863313768,0.0,3.6163871488013437,0.4063886522005002,0.6652216911315918,0.9778474768002828,1.0034331480662029,2.0893280506134033,0.0,0.0,0.0,1.0,1.0,13.821123243781392,18.991979656582256,170.92781690923854,0.37325965123266247,0.0,0.41979006334266306,0.008278958777674981,0.013744652134018027,0.00039787060003339063,0.0013736540299539182,0.013825430500917238,0.0,0.0,0.0,0.0,0.0,3
IEEE69,mlp,TP6,2,32256,1463.6337429506784,-1990.7040130827163,-17916.336117744446,39.06099951137488,0.0,3.4180722486834845,0.7049463111907244,0.931034525235494,0.9696525732676188,1.0,2.8400747776031494,0.0,0.0,0.0,1.0,1.0,2.486418050473619,3.6330885506165154,32.69779695554941,0.12166054012902572,0.0,0.4531628625199285,0.003681248516090262,0.05822840910843192,0.0018125540174702345,0.0,0.06757872349733451,0.0,0.0,0.0,0.0,0.0,3
IEEE69,mlp,TP6,3,32352,1677.316521684221,-2269.4595007013395,-20425.135506312054,38.49989470610368,0.0,3.6511545593394295,0.7127073823163906,0.9856419165929159,0.96788622935613,1.0,2.9713902473449707,0.0,0.0,0.0,1.0,1.0,1.55391814761107,2.5275550104083684,22.74799509367625,0.14445955092024215,0.0,0.6925113768940986,0.004222527452664563,0.05051598860921156,0.00202480693191305,0.0,0.06865250394903713,0.0,0.0,0.0,0.0,0.0,3
IEEE69,mlp,TP6,4,32448,2075.3033921339756,-2797.3083245312723,-25175.774920781452,45.17421430801005,0.0,3.4670884100495933,0.7965730157577329,0.9883837699890137,0.9675382971763611,1.0,2.945629835128784,0.0,0.0,0.0,1.0,1.0,1.4108015693517482,2.3296408835132274,20.966767951619552,0.14118337313290677,0.0,0.6979832013514147,0.004181483662860656,0.04919950862269632,0.0022918562764024566,0.0,0.06422324169484513,0.0,0.0,0.0,0.0,0.0,3
IEEE69,mlp,TP6,5,32544,2784.9827937575224,-3727.409463953089,-33546.6851755778,50.29256217650254,0.0,3.495665464110805,0.8567743411080704,1.0431008537610371,0.9643126130104065,1.0,2.966228405634562,0.0,0.0,0.0,1.0,1.0,3.3852962761204295,4.412105308657135,39.70894777791371,0.18450435645707822,0.0,1.3001529558290397,0.005519490573688627,0.07241090074748349,0.003220560617119542,0.0,0.12750668565441614,0.0,0.0,0.0,0.0,0.0,3
IEEE69,mlp,TP6,6,32640,2521.064545530533,-3384.9511528015137,-30464.560375213623,50.76144289629095,0.0,3.53910798790548,0.8618675029526154,1.0521936019261677,0.9641457597414652,1.0,3.0079449812571206,0.0,0.0,0.0,1.0,1.0,4.780680269748269,6.433890912800104,57.90501821520153,0.165911878356821,0.0,1.1992855067412027,0.0049434516688909354,0.0671328850382454,0.0027017157735212327,0.0,0.12105405574930533,0.0,0.0,0.0,0.0,0.0,3
IEEE69,mlp,TP6,7,32736,1848.1394964530991,-2482.489529079861,-22342.40576171875,38.82159452401296,0.0,3.357987772836129,0.6402684346669251,0.7896756927172343,0.9733376105626425,1.0,2.3275090058644614,0.0,0.0,0.0,1.0,1.0,1.8172325724488505,2.706386837820024,24.35748154037682,0.1176169073417107,0.0,0.9014201953539341,0.0034759828378708975,0.06760039625157463,0.0024923640628048854,0.0,0.10384460098211622,0.0,0.0,0.0,0.0,0.0,3
IEEE69,mlp,TP6,8,32832,1273.1965277772115,-1713.9746719543582,-15425.772047589222,27.419685266445715,0.0,3.641776713009632,0.4712820359402232,0.7399198611577352,0.9753208955128988,1.0020184516906738,2.2600015004475913,0.0,0.0,0.0,1.0,1.0,13.553432651761645,18.485163393081283,166.36647053773115,0.37938499472816095,0.0,0.44596316501303546,0.007098469614227825,0.02389070681909227,0.0018798953759517156,0.0025802622162054826,0.02240588448340211,0.0,0.0,0.0,0.0,0.0,3
IEEE69,mlp,TP6,9,32928,1985.1567201489695,-2674.1840275481895,-24067.656247933704,40.635091969347435,0.0,3.7847445495070056,0.7490338122265205,1.0441618363062541,0.9653731981913248,1.0,3.1274468104044595,0.0,0.0,0.0,1.0,1.0,3.9029463829389752,5.593769242941503,50.343923186470505,0.17585909476601938,0.0,0.7164716969741474,0.005240422409757267,0.030778251752741355,0.0020088866458328504,0.0,0.031232995295228737,0.0,0.0,0.0,0.0,0.0,3
IEEE69,mlp,TP6,10,33024,2284.0833928901434,-3066.8064721072165,-27601.258248964947,42.857633715802876,0.0,3.827828073730851,0.7812286679529481,1.0540647904078166,0.9649140040079752,1.0,3.0891547203063965,0.0,0.0,0.0,1.0,1.0,9.224357168146305,12.667348044366731,114.00613239930071,0.18274435841604877,0.0,0.624874896773511,0.005472077968354451,0.06133948096613544,0.0037064300494924836,0.0,0.053870009916523375,0.0,0.0,0.0,0.0,0.0,3
IEEE69,mlp,TP6,11,33120,2281.1204914424447,-3065.8391509585913,-27592.55235862732,46.484056844339044,0.0,3.593819366659146,0.8043317542307906,0.9642551938692728,0.9685720602671305,1.0,2.87817645072937,0.0,0.0,0.0,1.0,1.0,5.861103599565162,8.144401309300996,73.29961178371155,0.1448269375067159,0.0,0.7352541256644373,0.004255725124958923,0.04960349287544411,0.0017535918734066886,0.0,0.041236756855547285,0.0,0.0,0.0,0.0,0.0,3
IEEE69,mlp,TP6,12,33216,1674.0648159561988,-2261.0832597238045,-20349.74933751424,37.4891733876666,0.0,3.6612557676383894,0.6794566170622905,0.9409504930178324,0.9690539638201395,1.0,2.8825132846832275,0.0,0.0,0.0,1.0,1.0,3.9006337235403765,5.483753252218643,49.35377926996637,0.11970715018309085,0.0,0.49985799997577,0.0035273544610906152,0.061405072614972946,0.0019264988450686587,0.0,0.07944968925025407,0.0,0.0,0.0,0.0,0.0,3
IEEE69,mlp,TP6,13,33312,1903.9591843532974,-2579.678391562568,-23217.10552406311,48.282552150059324,0.0,3.3326748238801542,0.8375733225709862,1.0173347393671672,0.9658395648002625,1.0,2.980431874593099,0.0,0.0,0.0,1.0,1.0,3.2356424725747823,4.318040413332399,38.86236371999207,0.1318153530332398,0.0,0.7696559312283321,0.003973833138557252,0.0738701636525561,0.0037043404933104654,0.0,0.08774308590911661,0.0,0.0,0.0,0.0,0.0,3
IEEE69,mlp,TP6,14,33408,1058.780345951107,-1439.5193163747037,-12955.673847372333,28.708319730155683,0.0,3.4922377433316103,0.5056239025046428,0.7466268340746561,0.9751604596773783,1.0003232558568318,2.304837942123413,0.0,0.0,0.0,1.0,1.0,6.606085771675825,9.122480475768102,82.10232428191289,0.22882324843951293,0.0,0.42958444089571846,0.004755886366767734,0.02175377625477551,0.0010814691555911808,0.0005598955678770393,0.01143822721626999,0.0,0.0,0.0,0.0,0.0,3
IEEE69,mlp,TP6,15,33504,1122.8383876358778,-1522.7170717539611,-13704.45364578565,29.93593328742645,0.0,3.3480615650057737,0.5049861934449938,0.6899453202883402,0.9777363936106364,1.0,2.1358835697174077,0.0,0.0,0.0,1.0,1.0,5.396021148821813,7.545718768094863,67.91146891285145,0.15430161741312606,0.0,0.602262582126199,0.004762237680466002,0.01318537227524119,0.00014735563343050073,0.0,0.01350222341651126,0.0,0.0,0.0,0.0,0.0,3
IEEE69,mlp,TP6,16,33600,1639.0440335979129,-2225.6498919946175,-20030.849027951557,43.01988825195622,0.0,3.41223506320163,0.7603410130573645,1.0010159214337666,0.9666147629419962,1.0,2.9651827017466226,0.0,0.0,0.0,1.0,1.0,1.89494413454011,2.594319688835952,23.348877199526203,0.1264147289635708,0.0,0.6494284313862123,0.003779681799162923,0.09293611606327752,0.005150987444024861,0.0,0.11658259163642454,0.0,0.0,0.0,0.0,0.0,3
IEEE69,mlp,TP6,17,33696,1918.236228696581,-2593.7055014504326,-23343.349513053894,44.8451692906674,0.0,3.614477737144393,0.8012543933259116,1.0263791282971702,0.9660958846410116,1.0,3.0464744567871094,0.0,0.0,0.0,1.0,1.0,1.8860941296359854,1.9372241287503005,17.435017158751005,0.14892567166826168,0.0,0.7139618503232965,0.004376166664625178,0.07254298213475785,0.0035815479820206202,0.0,0.08541400905784104,0.0,0.0,0.0,0.0,0.0,3
IEEE69,mlp,TP6,18,33792,1982.575900350028,-2682.8208699402985,-24145.38782946269,49.3478538517223,0.0,3.452549388540506,0.8451111892031298,1.030830164750417,0.9657037655512491,1.0,2.978870391845703,0.0,0.0,0.0,1.0,1.0,2.8270586311503036,4.038025267879858,36.34222741091504,0.1251901543552878,0.0,0.8655047102892611,0.0037051435800843305,0.11421202472495548,0.005350442878705285,0.0,0.17268866761358126,0.0,0.0,0.0,0.0,0.0,3
IEEE69,mlp,TP6,19,33888,1308.2267308635867,-1790.23178685153,-16112.086081663767,38.9137135260662,0.0,3.396198426630584,0.7174210925069119,0.9791407982508341,0.9681076606114706,1.0,2.9671074549357095,0.0,0.0,0.0,1.0,1.0,3.3733244069688304,4.8237197001284,43.413477301154906,0.13924233337374212,0.0,0.5157073092081272,0.0042531063723129595,0.04632044865178362,0.0021942419981409752,0.0,0.05913337741387347,0.0,0.0,0.0,0.0,0.0,3
IEEE69,mlp,TP6,20,33984,1272.6863769469699,-1747.339259783427,-15726.053338050842,40.76880357540782,0.0,3.4088039734605027,0.7439397821823756,1.014309048652649,0.9671305815378824,1.0,3.0631700356801352,0.0,0.0,0.0,1.0,1.0,4.253434218989805,6.082931507464091,54.746383567176935,0.1566559034481148,0.0,0.5507520646187117,0.004830055070416907,0.05492203440059986,0.002573845389881143,0.0,0.06964390069855499,0.0,0.0,0.0,0.0,0.0,3
IEEE69,mlp,TP6,21,34080,924.1608598784952,-1267.5702727343198,-11408.132454608878,30.825262965026923,0.0,3.328776517827014,0.5301067193763124,0.7559994657834371,0.9749771952629089,1.0,2.364079236984253,0.0,0.0,0.0,1.0,1.0,5.4836108333284885,7.775880103961205,69.98292093565185,0.17844992355211572,0.0,0.4870258074967243,0.0055916725233812045,0.014377442082040514,0.0006819217835453621,0.0,0.019964286320138865,0.0,0.0,0.0,0.0,0.0,3
IEEE69,mlp,TP6,22,34176,728.3312020294384,-999.554437586003,-8995.989938274026,24.313110180921893,0.09402773542389453,3.5516261509985605,0.42189998386634714,0.7051530281702677,0.9772252837816874,1.0053036212921143,2.174670616785685,0.0,0.0,0.0,1.0,1.0,15.427471634867748,22.606751222051628,203.46076099846417,0.4929668940245933,0.16286081507482925,0.552657568406556,0.019639766731842503,0.018128654148593038,0.000217370174630919,0.005738994384179485,0.01899350614565176,0.0,0.0,0.0,0.0,0.0,3
IEEE69,mlp,TP6,23,34272,1661.4305996603637,-2263.699304863258,-20373.29374376933,47.667537978376764,0.0,3.1751086193095763,0.8320271807412306,1.009635070959727,0.9665488600730896,1.0,2.9944921334584556,0.0,0.0,0.0,1.0,1.0,4.713416180919558,6.383823848372375,57.45441463535198,0.14021339520494444,0.0,0.751233281665293,0.004310495704408172,0.0841319778984124,0.0045673440741972595,0.0,0.09328252387264174,0.0,0.0,0.0,0.0,0.0,3
IEEE69,mlp,TP6,24,34368,1773.0961376398025,-2412.5171893084494,-21712.654703776043,50.37834990631078,0.0,3.2848810823467467,0.8612992419964737,1.0348634719848633,0.9663629730542501,1.0,3.066453456878662,0.0,0.0,0.0,1.0,1.0,3.25894551545579,4.534118895770941,40.807070061939626,0.13930075767865063,0.0,0.7997779802137502,0.004200286062642068,0.05637938039639637,0.0027780366498517065,0.0,0.07572934627922909,0.0,0.0,0.0,0.0,0.0,3
IEEE69,mlp,TP6,25,34464,1985.6790881707493,-2687.374201597991,-24186.367814381916,50.472504357446574,0.0,3.418835569257267,0.849267840385437,1.037164330482483,0.9659590522448221,1.0,3.037570317586263,0.0,0.0,0.0,1.0,1.0,2.8367021603790197,3.9916377383507817,35.92473964515778,0.11663854976024408,0.0,1.097606056526114,0.003558451785073981,0.07090968954166124,0.002678692354997873,0.0,0.11502355278217546,0.0,0.0,0.0,0.0,0.0,3
IEEE69,mlp,TP6,26,34560,1537.7697219423142,-2087.760030923066,-18789.840278307598,39.08890618281839,0.0,3.4899760872648202,0.7103927530762223,0.9749154845873514,0.9681318402290344,1.0,2.9848836263020835,0.0,0.0,0.0,1.0,1.0,1.5052991949974952,2.417897385879774,21.76107647291946,0.12608393463289003,0.0,0.5338842094112015,0.0037638135539291525,0.05376163015612093,0.0020712934369758887,0.0,0.0697718280833289,0.0,0.0,0.0,0.0,0.0,3
IEEE69,mlp,TP6,27,34656,1192.1797243531098,-1639.669361556018,-14757.02425400416,38.97019887021876,0.0,3.3452230600435624,0.7198123356534375,0.9834004044532776,0.9679518938064575,1.0,2.9959216117858887,0.0,0.0,0.0,1.0,1.0,4.684220596470011,6.584202479223933,59.25782231301579,0.1547855226132538,0.0,0.4765902050843052,0.004799020201753905,0.044035416736790636,0.0018964096450200714,0.0,0.05471240870145481,0.0,0.0,0.0,0.0,0.0,3
IEEE69,mlp,TP6,28,34752,939.7325124746311,-1299.7396350789952,-11697.656715710958,37.806955605268136,0.0,3.044419383312882,0.6256589175512394,0.7585247159004211,0.9745040535926819,1.0,2.283972501754761,0.0,0.0,0.0,1.0,1.0,6.871636077982831,9.700767551990173,87.30690796791214,0.22302838777674566,0.0,0.8679615709662242,0.007065877527594992,0.05027673553373465,0.002321002765164993,0.0,0.044292435287430626,0.0,0.0,0.0,0.0,0.0,3
IEEE69,mlp,TP6,29,34848,960.5694618055223,-1320.7171278353092,-11886.454150517782,35.53714664174064,0.0,2.9620244916576213,0.5766877457499504,0.7486773133277893,0.975511372089386,1.0,2.278212547302246,0.0,0.0,0.0,1.0,1.0,6.769246480847705,9.372638783934667,84.35374905541182,0.16601244132892876,0.0,0.9747204020426515,0.005381216031425167,0.007896077211171918,0.001433318048543889,0.0,0.00853551242509682,0.0,0.0,0.0,0.0,0.0,3
IEEE69,mlp,TP6,30,34944,1427.1014248754502,-1958.3244388368394,-17624.919949531555,46.0927195977838,0.0,3.293788740999993,0.8260414180242353,1.0590934753417969,0.9656362533569336,1.0,3.162086009979248,0.0,0.0,0.0,1.0,1.0,5.97225679450481,8.03959362090807,72.35634258817434,0.15069859873584568,0.0,0.70728338690707,0.00461029156384546,0.05978915609519674,0.0032058944547842996,0.0,0.07453322836833481,0.0,0.0,0.0,0.0,0.0,3
IEEE69,mlp,TP7,0,32064,1100.4445825473167,-1493.6085980093037,-13442.477382083734,29.074113540244678,0.0,3.5150797158048115,0.5050357942365937,0.7565979162851969,0.9747494657834371,1.000381628672282,2.3034682273864746,0.0,0.0,0.0,1.0,1.0,6.544906692104754,9.139446816431349,82.25502134788532,0.19058634677383982,0.0,0.40532709955408963,0.005444380193618076,0.016294413658307215,0.0010547058471359369,0.0006610002500172731,0.022612136022041988,0.0,0.0,0.0,0.0,0.0,3
IEEE69,mlp,TP7,1,32160,878.4328987848371,-1194.2871328360504,-10748.584195524454,24.09188770551494,0.0,3.6114257909170147,0.419184534293082,0.6945116321245829,0.977463960647583,1.0040843486785889,2.089502731959025,0.0,0.0,0.0,1.0,1.0,13.806032653667202,19.174061737562543,172.5665556380631,0.373145267931252,0.0,0.40786896265536066,0.009932902422821452,0.015587510350499378,0.0006529463742797601,0.0015324691811768195,0.014458432406274242,0.0,0.0,0.0,0.0,0.0,3
IEEE69,mlp,TP7,2,32256,1464.2669410732985,-1995.2332414697719,-17957.099173227947,39.078630965206685,0.0,3.41947000382636,0.734646304614014,0.98015429576238,0.9676651358604431,1.0,2.845717748006185,0.0,0.0,0.0,1.0,1.0,2.4458517313901234,3.6254282467226853,32.6288542205044,0.12260401460742774,0.0,0.4529574508984329,0.004083585346510061,0.07213458124092768,0.0029019273081643177,0.0,0.07567360510400255,0.0,0.0,0.0,0.0,0.0,3
IEEE69,mlp,TP7,3,32352,1677.9983408265678,-2274.140180517126,-20467.261624654133,38.51941938680769,0.0,3.6532075082143844,0.7431160389549203,1.0208000540733337,0.9655927419662476,1.0,2.9548958937327066,0.0,0.0,0.0,1.0,1.0,1.4924071570472635,2.512806817533112,22.615261357795667,0.14857211979364518,0.0,0.6945660164545175,0.004760359436330784,0.03265239374250481,0.0020449557439328305,0.0,0.03738378839930657,0.0,0.0,0.0,0.0,0.0,3
IEEE69,mlp,TP7,4,32448,2076.1409003858666,-2802.9362133873833,-25226.42592048645,45.198959497741576,0.0,3.47479272981005,0.8329495292984778,1.0320300062497456,0.9649567405382792,1.0,2.941009998321533,0.0,0.0,0.0,1.0,1.0,1.0168909291008306,1.8758463730369948,16.882617357330826,0.14515011271799544,0.0,0.7062586678410316,0.00472043773539111,0.04615844332408427,0.0026866010478431147,0.0,0.054450100982866796,0.0,0.0,0.0,0.0,0.0,3
IEEE69,mlp,TP7,5,32544,2786.694254582618,-3734.6172947353784,-33611.55565261841,50.32286332275726,0.0,3.4967243834753767,0.8967032000008556,1.1002895832061768,0.9608980019887289,1.0,2.969068765640259,0.0,0.0,0.0,1.0,1.0,3.4450113458197125,4.552000316141708,40.96800284527919,0.18838088242057177,0.0,1.2991057816459142,0.006203964253923105,0.08108615811205513,0.0037191340879122676,0.0,0.13002434217384726,0.0,0.0,0.0,0.0,0.0,3
IEEE69,mlp,TP7,6,32640,2522.5319802034296,-3391.8730894724526,-30526.857805252075,50.791858326823785,0.0,3.5377235332333523,0.9020478042463461,1.1088781356811523,0.960755189259847,1.0,3.0096068382263184,0.0,0.0,0.0,1.0,1.0,4.8433636915490075,6.552532700328375,58.972794302953574,0.1689936207389968,0.0,1.1949129150087678,0.005540958139437329,0.07277995204977182,0.003020882861905583,0.0,0.12095005877109384,0.0,0.0,0.0,0.0,0.0,3
IEEE69,mlp,TP7,7,32736,1848.737715286492,-2486.7535861686424,-22380.78227551778,38.834728219588214,0.0,3.3582564016562197,0.6682090173578925,0.8313961426417033,0.9711868762969971,1.0,2.329963127772013,0.0,0.0,0.0,1.0,1.0,1.7669398924549924,2.6755118885633236,24.079606997071988,0.11681859980330861,0.0,0.8987595457176843,0.0038165609432867995,0.07642678842456337,0.0034667842510675813,0.0,0.1059538233534631,0.0,0.0,0.0,0.0,0.0,3
IEEE69,mlp,TP7,8,32832,1273.6482919361545,-1716.7902667759745,-15451.112400983771,27.43038834026811,0.0,3.6360876825122177,0.4891455450819598,0.7772016127904257,0.9735507170359293,1.0024197896321614,2.260319789250692,0.0,0.0,0.0,1.0,1.0,13.799821901351269,19.007806047163797,171.07025442447375,0.38539527609342245,0.0,0.4347659103151045,0.00878982398835069,0.028742964174821306,0.0028843754917505507,0.0029681103811024546,0.02256319100966279,0.0,0.0,0.0,0.0,0.0,3
IEEE69,mlp,TP7,9,32928,1986.2287715094228,-2679.6393581143134,-24116.75422302882,40.65731889765508,0.0,3.7838304519178583,0.7815864483515421,1.0929140249888103,0.961990475654602,1.0,3.1226743857065835,0.0,0.0,0.0,1.0,1.0,4.125921528918157,5.962688303976398,53.66419473578528,0.18067692797362994,0.0,0.7138040417251291,0.005911666091319342,0.03655041337850437,0.002331920509916081,0.0,0.03254425714310749,0.0,0.0,0.0,0.0,0.0,3
IEEE69,mlp,TP7,10,33024,2285.434553248481,-3073.0213833914863,-27657.192450523376,42.88376203576505,0.0,3.828009927594465,0.8169569578021765,1.1096434593200684,0.9616162180900574,1.0,3.0904568831125894,0.0,0.0,0.0,1.0,1.0,9.464006684996589,13.065265305062443,117.58738774556274,0.18769816735304548,0.0,0.6240631386744954,0.006173734172981808,0.06824727595090606,0.00415535994193611,0.0,0.05266808226344563,0.0,0.0,0.0,0.0,0.0,3
IEEE69,mlp,TP7,11,33120,2282.0425082589904,-3071.565352051346,-27644.088168462116,46.5073232357372,0.0,3.577355314916124,0.8406160842213367,1.0037293831507366,0.9661117593447367,1.0,2.8666040102640786,0.0,0.0,0.0,1.0,1.0,5.580379951863135,7.8408266563371125,70.56743990703427,0.14633703651802168,0.0,0.7086140731502384,0.0047484019815706,0.03937076760788992,0.0019121345450741117,0.0,0.018975624073446072,0.0,0.0,0.0,0.0,0.0,3
IEEE69,mlp,TP7,12,33216,1674.695579480528,-2265.3243898109154,-20387.919508298237,37.505356955712465,0.0,3.66662502173625,0.7068741847243575,0.9841615756352743,0.9672123392422994,1.0,2.8856277465820312,0.0,0.0,0.0,1.0,1.0,3.8987027847829716,5.534242486295442,49.80818237665643,0.12212591532512639,0.0,0.5055200814112035,0.003952293829771139,0.0658360846771346,0.003171645413453966,0.0,0.08197993926034308,0.0,0.0,0.0,0.0,0.0,3
IEEE69,mlp,TP7,13,33312,1904.8384627989826,-2585.672861982275,-23271.055757840473,48.30981685481311,0.0,3.3310216714331387,0.8764511040515369,1.0715280373891194,0.9626311659812927,1.0,2.9848522345225015,0.0,0.0,0.0,1.0,1.0,3.4054054919795855,4.514232644160852,40.628093797446276,0.1327109751027386,0.0,0.762411055037773,0.004404008630297261,0.08472556691071485,0.004226884799503077,0.0,0.09213460647793092,0.0,0.0,0.0,0.0,0.0,3
IEEE69,mlp,TP7,14,33408,1059.1680215609194,-1442.3825762100794,-12981.443185890714,28.718994750247777,0.0,3.487531575797259,0.5245352490908569,0.7846293250719706,0.9734420180320739,1.0007003943125408,2.3065737883249917,0.0,0.0,0.0,1.0,1.0,6.61943872905013,9.202316869284129,82.8208518235562,0.22997272041184758,0.0,0.42092954934078214,0.005215274080171103,0.01912899690034698,0.0013001258807058623,0.0012131185346527188,0.01080635189501869,0.0,0.0,0.0,0.0,0.0,3
IEEE69,mlp,TP7,15,33504,1123.104052768305,-1525.4878455797832,-13729.390610218048,29.943353688546267,0.0,3.341313488599587,0.5244238084803025,0.7215559681256613,0.9765517711639404,1.0,2.136281172434489,0.0,0.0,0.0,1.0,1.0,5.3908661092010925,7.58966725863096,68.30700532767669,0.15433670874409633,0.0,0.5880581531463422,0.00524077650316297,0.014742696370600165,0.0008658969905421866,0.0,0.013828138667949066,0.0,0.0,0.0,0.0,0.0,3
IEEE69,mlp,TP7,16,33600,1639.814070386935,-2230.7719436574866,-20076.947492917378,43.04070072438541,0.0,3.4134088143789487,0.793366763740778,1.0529078841209412,0.9635435541470846,1.0,2.9682206312815347,0.0,0.0,0.0,1.0,1.0,1.7893303905033675,2.488937743512986,22.400439691619678,0.12844435693413203,0.0,0.648073831630128,0.0042278491763155365,0.10483471956329439,0.005801614163330912,0.0,0.11954146077076112,0.0,0.0,0.0,0.0,0.0,3
IEEE69,mlp,TP7,17,33696,1919.021469431006,-2599.230300991623,-23393.07270892461,44.8701481202958,0.0,3.6056177867818007,0.8373497815595732,1.080525000890096,0.9629138112068176,1.0,3.050037940343221,0.0,0.0,0.0,1.0,1.0,2.138005685308095,2.1923884762701626,19.73149628642786,0.15298160116309262,0.0,0.6992419263036316,0.004946255851970687,0.08299238367764197,0.004290541775379118,0.0,0.08823889129382581,0.0,0.0,0.0,0.0,0.0,3
IEEE69,mlp,TP7,18,33792,1983.5490934858678,-2688.9242348847565,-24200.31811396281,49.37526989950553,0.0,3.458714299646548,0.8838833682239056,1.0845434665679932,0.9624711076418558,1.0,2.9818766117095947,0.0,0.0,0.0,1.0,1.0,2.7498234884758452,3.9867476059572833,35.88072845361471,0.12720488834700722,0.0,0.8714781295882256,0.00413311386633399,0.12644819843845226,0.00600842573920976,0.0,0.17549026902381276,0.0,0.0,0.0,0.0,0.0,3
IEEE69,mlp,TP7,19,33888,1308.7476719655913,-1794.6506567089646,-16151.855910380682,38.932759676919886,0.0,3.397511782776911,0.74740652491649,1.025639037291209,0.9660407106081644,1.0,2.970935662587484,0.0,0.0,0.0,1.0,1.0,3.3706854997555333,4.854689045790174,43.6922014121121,0.1400682493871715,0.0,0.515474659246853,0.004702133091778182,0.048714763502193344,0.002500181816223882,0.0,0.060481996164321906,0.0,0.0,0.0,0.0,0.0,3
IEEE69,mlp,TP7,20,33984,1273.4431146845402,-1752.2475003842956,-15770.227503458658,40.78601510538101,0.0,3.375206999447181,0.7753900748987993,1.0598762035369873,0.9645492434501648,1.0,3.062509854634603,0.0,0.0,0.0,1.0,1.0,4.162821697443112,6.037772128588593,54.33994915729721,0.15600466389198359,0.0,0.49956705666098017,0.005301760397745541,0.048668617175120825,0.0027345697424901536,0.0,0.05916009596942711,0.0,0.0,0.0,0.0,0.0,3
IEEE69,mlp,TP7,21,34080,924.4644402261216,-1270.3625017995084,-11433.262516195575,30.83594140880511,0.0,3.3257145600846596,0.5493268318888215,0.7908153335253397,0.9735209345817566,1.0001569986343384,2.3659430344899497,0.0,0.0,0.0,1.0,1.0,5.447083874717081,7.791719503428964,70.12547553086138,0.17834520927752837,0.0,0.4785995657398209,0.0061395954548012464,0.015129878087793498,0.0010081197353117631,0.00027192961139300005,0.018503339453217752,0.0,0.0,0.0,0.0,0.0,3
IEEE69,mlp,TP7,22,34176,728.5855977046102,-1001.7784245532971,-9016.005820979675,24.32334491168452,0.09403775045946654,3.5509669684465783,0.43707700322071713,0.737572173277537,0.976073702176412,1.0062958399454753,2.1749836603800454,0.0,0.0,0.0,1.0,1.0,15.334132507818785,22.775355032328648,204.97819529095966,0.4899330187917395,0.16287816162527957,0.5505695570164955,0.021997337198580512,0.020537263619174646,0.001268085254386994,0.00626921689146907,0.01974465860304979,0.0,0.0,0.0,0.0,0.0,3
IEEE69,mlp,TP7,23,34272,1662.2749637634024,-2269.6175454810814,-20426.55790932973,47.694738115804284,0.0,3.1790753291640903,0.8706572219315504,1.0637238423029582,0.9635066588719686,1.0,3.001016696294149,0.0,0.0,0.0,1.0,1.0,4.741397960865861,6.430952904130596,57.87857613717373,0.14066326372142818,0.0,0.7528521089142077,0.004755199680198201,0.09537949739410592,0.005192716672114558,0.0,0.09721519994189672,0.0,0.0,0.0,0.0,0.0,3
IEEE69,mlp,TP7,24,34368,1774.0116190363049,-2418.516965018379,-21766.652685165405,50.40536806520746,0.0,3.288762490905393,0.8998427153047587,1.0856316884358723,0.9632919033368429,1.0,3.066574732462565,0.0,0.0,0.0,1.0,1.0,3.1708298038400433,4.452474477724722,40.07227029952017,0.14070858088243893,0.0,0.8028954578256207,0.004655992794266426,0.061259766971559944,0.003123505226688235,0.0,0.0739092909645539,0.0,0.0,0.0,0.0,0.0,3
IEEE69,mlp,TP7,25,34464,1986.6737427539404,-2693.431985431247,-24240.887868881226,50.49968382685014,0.0,3.420582939578131,0.8874509914053811,1.0848365624745686,0.9628329674402872,1.0,3.0328065554300943,0.0,0.0,0.0,1.0,1.0,2.7868866167886415,3.9451154235386348,35.50603881184833,0.11678428942068446,0.0,1.0973821302898092,0.003911910021115596,0.0692378477597616,0.003187570714929672,0.0,0.10455090351671217,0.0,0.0,0.0,0.0,0.0,3
IEEE69,mlp,TP7,26,34560,1538.4062651903096,-2092.202275770682,-18829.820481936138,39.10656395946413,0.0,3.4903474256475953,0.7393617153995568,1.0208589434623716,0.9660786588986715,1.0,2.988220453262329,0.0,0.0,0.0,1.0,1.0,1.5232490444452194,2.498620074238334,22.48758066814724,0.1285080030815314,0.0,0.5344952483750446,0.004218130568874593,0.059168290826594326,0.0030278056090894956,0.0,0.07201323656936257,0.0,0.0,0.0,0.0,0.0,3
IEEE69,mlp,TP7,27,34656,1192.6858789251069,-1644.1541509275082,-14797.387358347574,38.98988082757023,0.0,3.345625446344831,0.750479673138923,1.0314723650614421,0.9658925731976827,1.0,3.000154415766398,0.0,0.0,0.0,1.0,1.0,4.69760524926901,6.641832100424452,59.77648890382167,0.15500010077516793,0.0,0.4752526763334087,0.005284427456990855,0.05255409013867886,0.002814868117407629,0.0,0.05974995468514209,0.0,0.0,0.0,0.0,0.0,3
IEEE69,mlp,TP7,28,34752,940.0748565565345,-1303.631953239441,-11732.687579154968,37.82069412594319,0.0,3.042901194866787,0.6532873796919981,0.7961556116739908,0.972175399462382,1.0,2.2851288318634033,0.0,0.0,0.0,1.0,1.0,6.902604832466171,9.818801642143455,88.369214779291,0.2235410155903043,0.0,0.8642987528932062,0.0077841739066968115,0.057685151608388996,0.0026983529892885745,0.0,0.044635347620082644,0.0,0.0,0.0,0.0,0.0,3
IEEE69,mlp,TP7,29,34848,960.8006281970183,-1324.0135515001086,-11916.121963500977,35.54643580215694,0.0,2.9586526365821526,0.6006947699934244,0.7865385413169861,0.9732118447621664,1.0,2.279006322224935,0.0,0.0,0.0,1.0,1.0,6.8078272144897,9.48075006821457,85.32675061393067,0.1669905222721063,0.0,0.9646952029263383,0.005932088906668668,0.011764026448789875,0.0017196279464695295,0.0,0.00864412466669351,0.0,0.0,0.0,0.0,0.0,3
IEEE69,mlp,TP7,30,34944,1427.869209085576,-1964.0064106693978,-17676.057696024578,46.11949380485142,0.0,3.2984475724286226,0.8635767572042016,1.108633041381836,0.9625646471977234,1.0,3.1626364390055337,0.0,0.0,0.0,1.0,1.0,5.9233010927491865,7.9940016523477535,71.94601487113106,0.15180388780781312,0.0,0.7124279505219195,0.005098100844690364,0.06238242558408111,0.0035008396198609247,0.0,0.07252092652651172,0.0,0.0,0.0,0.0,0.0,3
IEEE69,mlp,TP8,0,32064,1099.8755896213768,-1491.7544224367095,-13425.789801930388,29.05960268641563,0.0,3.5158452920337155,0.4961060560825798,0.7450569073359171,0.975230077902476,1.0004283984502156,2.3011924425760903,0.0,0.0,0.0,1.0,1.0,6.546018972304399,9.154029289362002,82.38626360425808,0.1909265248188085,0.0,0.40632934118439296,0.005498170974540491,0.019792741852461312,0.0011933500193081453,0.0007420078816573172,0.02427587910050611,0.0,0.0,0.0,0.0,0.0,3
IEEE69,mlp,TP8,1,32160,878.0877869523642,-1192.9494343896706,-10736.544909507036,24.08257784692493,0.0,3.613855026779637,0.412054521135158,0.6860189835230509,0.9774551788965861,1.0042924880981445,2.0891133149464927,0.0,0.0,0.0,1.0,1.0,13.814474616530036,19.252862697553596,173.2757642779805,0.37334592658058763,0.0,0.41265132618715955,0.010493529299470837,0.015429258468863099,0.0007465628741804357,0.0015339542838416116,0.014085953400153289,0.0,0.0,0.0,0.0,0.0,3
IEEE69,mlp,TP8,2,32256,1463.4297587633707,-1992.9331692059834,-17936.39852285385,39.05560092739264,0.0,3.416451456016434,0.7249373474882709,0.9682667454083761,0.9673649271329244,1.0,2.846144517262777,0.0,0.0,0.0,1.0,1.0,2.4524142163437785,3.6414036254602515,32.77263262914158,0.12213784671473572,0.0,0.44905927075658775,0.004117488177971634,0.07173603086914451,0.003197991863974413,0.0,0.0785996854735151,0.0,0.0,0.0,0.0,0.0,3
IEEE69,mlp,TP8,3,32352,1676.9752332712353,-2271.6277150931182,-20444.649435838062,38.49446077651495,0.0,3.6503500492321805,0.7336418674223953,1.0091093977292378,0.9651971062024435,1.0,2.9589927196502686,0.0,0.0,0.0,1.0,1.0,1.4971140523156614,2.5094554931674224,22.58509943850387,0.14597770469612376,0.0,0.6901510326384661,0.004694540033075076,0.02786557933286556,0.002256874170845414,0.0,0.04633464065646476,0.0,0.0,0.0,0.0,0.0,3
IEEE69,mlp,TP8,4,32448,2075.1616718076343,-2800.548925894278,-25204.940333048504,45.1748664281616,0.0,3.468730414919506,0.8240214687668614,1.0220343271891277,0.9645370046297709,1.0,2.9424993991851807,0.0,0.0,0.0,1.0,1.0,1.1541827931742026,2.048956192726936,18.440605734541673,0.14289123589635727,0.0,0.6976532677528329,0.004681091155677733,0.04597405896650849,0.0027844670375481075,0.0,0.05855547181689056,0.0,0.0,0.0,0.0,0.0,3
IEEE69,mlp,TP8,5,32544,2785.4261849474965,-3731.830248444169,-33586.47223599752,50.299911169456514,0.0,3.4973946346448557,0.8875805468608936,1.091269890467326,0.9605304002761841,1.0,2.968074003855387,0.0,0.0,0.0,1.0,1.0,3.43798573831722,4.541619752739786,40.874577774657475,0.18783769868935668,0.0,1.300533963942413,0.006219662254684387,0.08159961762250804,0.0037194691018324665,0.0,0.12975376534695615,0.0,0.0,0.0,0.0,0.0,3
IEEE69,mlp,TP8,6,32640,2521.444423843987,-3389.339401174475,-30504.05461057027,50.768631299332505,0.0,3.5385637722018775,0.8930748392724328,1.100216031074524,0.9603627920150757,1.0,3.0088793436686196,0.0,0.0,0.0,1.0,1.0,4.882278409020085,6.613449997840235,59.5210499805619,0.1683486046639474,0.0,1.1972840200210622,0.005545124959361917,0.07360703327053003,0.0030571715669495346,0.0,0.1211834343115358,0.0,0.0,0.0,0.0,0.0,3
IEEE69,mlp,TP8,7,32736,1848.1160266582112,-2485.194908919158,-22366.75418027242,38.82175928290841,0.0,3.35372798886387,0.662195961508486,0.8234490354855856,0.9709189732869467,1.0,2.3286808331807456,0.0,0.0,0.0,1.0,1.0,1.7716243191658965,2.6873079162443236,24.185771246199536,0.11696276672133332,0.0,0.8936671188296846,0.0038659209227075173,0.07580597045295592,0.0036183704144264147,0.0,0.10533200932896335,0.0,0.0,0.0,0.0,0.0,3
IEEE69,mlp,TP8,8,32832,1273.2005202650168,-1715.5625656227824,-15440.063090605041,27.42089113917791,0.0,3.637681296616273,0.4839717077298296,0.7708952029546102,0.9732892910639445,1.002520243326823,2.259824514389038,0.0,0.0,0.0,1.0,1.0,13.77729143190319,19.02577328479114,171.23195956311906,0.3848953695450372,0.0,0.4372075337052694,0.00918684565870768,0.030315763792021378,0.002879555628252353,0.0030034091577175455,0.022594633649680448,0.0,0.0,0.0,0.0,0.0,3
IEEE69,mlp,TP8,9,32928,1984.9661441239275,-2676.8795884097067,-24091.91629568736,40.6318099419841,0.0,3.7852621623433342,0.772625552283393,1.0844274361928303,0.9615413347880045,1.0,3.1223705609639487,0.0,0.0,0.0,1.0,1.0,4.031483918279433,5.832658900154073,52.49393010138623,0.17891267505721756,0.0,0.7155261264665548,0.0058883416801506746,0.0392637209814146,0.0023503618065487592,0.0,0.03259137789602996,0.0,0.0,0.0,0.0,0.0,3
IEEE69,mlp,TP8,10,33024,2284.0999323503574,-3070.166572217588,-27631.499149958294,42.85841843709628,0.0,3.8288449124929507,0.8079851826445924,1.1013014316558838,0.961251417795817,1.0,3.0895387331644693,0.0,0.0,0.0,1.0,1.0,9.38935409858048,12.96681962253879,116.70137660284342,0.1861595427835385,0.0,0.6248204304526995,0.006160676487460963,0.069962735306002,0.004161827389276472,0.0,0.05318860634906547,0.0,0.0,0.0,0.0,0.0,3
IEEE69,mlp,TP8,11,33120,2281.087521738737,-3069.137337578668,-27622.236038208008,46.48425071024818,0.0,3.5892595484962353,0.831108410946197,1.0022159218788147,0.9655832052230835,1.0,2.8775975704193115,0.0,0.0,0.0,1.0,1.0,5.873508474068805,8.219343739245952,73.97409365321494,0.14609923742801634,0.0,0.7262730154488626,0.004731810982638707,0.05188249053874902,0.0025249514086870266,0.0,0.03915142321757435,0.0,0.0,0.0,0.0,0.0,3
IEEE69,mlp,TP8,12,33216,1673.6388771973477,-2262.69650888443,-20364.26857995987,37.48135658603254,0.0,3.659398307091795,0.6968251992430953,0.971126933892568,0.9670676191647846,1.0,2.8829304377237954,0.0,0.0,0.0,1.0,1.0,3.8504492288358994,5.469514614518744,49.225631530666696,0.12075208222930665,0.0,0.49599864354249734,0.003942648968432924,0.061584004898700764,0.0036645614124759364,0.0,0.07955332826317725,0.0,0.0,0.0,0.0,0.0,3
IEEE69,mlp,TP8,13,33312,1904.0086613744177,-2583.501297067713,-23251.511673609417,48.28657532565982,0.0,3.3322081659666836,0.8676950062314669,1.059410293896993,0.9622875452041626,1.0,2.9792635440826416,0.0,0.0,0.0,1.0,1.0,3.2915083493815094,4.387912459822148,39.49121213840009,0.13215572948588508,0.0,0.7646925441029229,0.004426574780550138,0.08091429323523525,0.004213342844885767,0.0,0.08480926153382055,0.0,0.0,0.0,0.0,0.0,3
IEEE69,mlp,TP8,14,33408,1058.6543036676073,-1440.8039606522632,-12967.235645870367,28.70544250291884,0.0,3.4889410367137628,0.5172381181683806,0.777465303738912,0.9733420213063558,1.0006591081619263,2.305509567260742,0.0,0.0,0.0,1.0,1.0,6.618785810382531,9.21251786823853,82.912660814146,0.22991772242873404,0.0,0.4227581475862294,0.005274273427675032,0.018062283753147612,0.0013144638425755444,0.0011416088241396334,0.010780245075863865,0.0,0.0,0.0,0.0,0.0,3
IEEE69,mlp,TP8,15,33504,1122.7275109929262,-1524.2133130850616,-13717.919817765554,29.933375616617315,0.0,3.3433426164890023,0.5181334863106409,0.7135768135388693,0.9763734738032023,1.0,2.135754187901815,0.0,0.0,0.0,1.0,1.0,5.379464143453237,7.581973938187971,68.23776544369328,0.15441447181287843,0.0,0.5917137978969228,0.005303594682787806,0.01482168965658186,0.0009407388156641867,0.0,0.013734593181358,0.0,0.0,0.0,0.0,0.0,3
IEEE69,mlp,TP8,16,33600,1638.9181186913609,-2228.3981096832845,-20055.582987149555,43.016286183081924,0.0,3.409818765190827,0.7836790860941013,1.041270633538564,0.9632335702578229,1.0,2.964283307393392,0.0,0.0,0.0,1.0,1.0,1.7834904049246352,2.492127458557266,22.429147127017384,0.1273135539082685,0.0,0.6435115557844322,0.004234518315859252,0.10412259908050334,0.005741464453337041,0.0,0.11510000233844475,0.0,0.0,0.0,0.0,0.0,3
IEEE69,mlp,TP8,17,33696,1918.2089481633377,-2596.965122240561,-23372.68610016505,44.845316487777986,0.0,3.6302898928979412,0.8276628497987986,1.077036460240682,0.9624513387680054,1.0,3.0572585264841714,0.0,0.0,0.0,1.0,1.0,1.6694206908870923,1.5831916661910683,14.248724995720162,0.1532263292153618,0.0,0.7351595616845148,0.004942489094798294,0.09103175472992203,0.004708267537400801,0.0,0.10274072400076792,0.0,0.0,0.0,0.0,0.0,3
IEEE69,mlp,TP8,18,33792,1982.5479597886624,-2686.3885125054253,-24177.496612548828,49.35029447041719,0.0,3.450658264297259,0.8739943684389194,1.0713995297749836,0.9620627363522848,1.0,2.9798570473988852,0.0,0.0,0.0,1.0,1.0,2.6970259185577232,3.912981799877112,35.216836198892395,0.12577413653795455,0.0,0.8596169425073314,0.00411832438939536,0.12318171408399307,0.00622654407780778,0.0,0.17420848562892122,0.0,0.0,0.0,0.0,0.0,3
IEEE69,mlp,TP8,19,33888,1307.923186727288,-1792.3204418023427,-16130.883976221085,38.90700958504627,0.0,3.3902534154944597,0.7373237771292528,1.0114399194717407,0.9655751983324686,1.0,2.969016154607137,0.0,0.0,0.0,1.0,1.0,3.370044012677752,4.86313938868861,43.76825449819692,0.13929773664060655,0.0,0.5056583763095112,0.004737337435721398,0.04577379618423813,0.002747808575888351,0.0,0.06086369727088817,0.0,0.0,0.0,0.0,0.0,3
IEEE69,mlp,TP8,20,33984,1272.3949432437407,-1749.6210071599041,-15746.589064439138,40.763001830884605,0.0,3.411531067822874,0.7652633301913738,1.0496165752410889,0.9640020529429117,1.0,3.0657616456349692,0.0,0.0,0.0,1.0,1.0,4.2691792533994635,6.160625584271941,55.445630258446975,0.15682619532243156,0.0,0.5535715747435571,0.0053772273395561515,0.05237248974695039,0.003091280135830976,0.0,0.06824428740077816,0.0,0.0,0.0,0.0,0.0,3
IEEE69,mlp,TP8,21,34080,923.9496047434731,-1268.6292216507375,-11417.662994856635,30.819390846774088,0.0,3.327110895142989,0.5408015040059885,0.7822802265485128,0.9733529289563497,1.0001198053359985,2.3647074699401855,0.0,0.0,0.0,1.0,1.0,5.469558391498213,7.830305860672701,70.47275274605356,0.1785787246628267,0.0,0.48117642091175344,0.006222096801291284,0.014956705525089532,0.0009395818525857552,0.0002075089289673235,0.01882796341723315,0.0,0.0,0.0,0.0,0.0,3
IEEE69,mlp,TP8,22,34176,728.2983131256452,-1000.6146357652766,-9005.53172188749,24.31389817627557,0.09403986981739704,3.5530192325119816,0.4307448427296347,0.7293376723925272,0.9758649865786234,1.0063941478729248,2.1745384534200034,0.0,0.0,0.0,1.0,1.0,15.350374742797012,22.85976905115048,205.7379214603542,0.49049216502985,0.16288183246089463,0.5531844790017149,0.022523700420834274,0.02043876161533256,0.0013462327095875792,0.006289294998712854,0.019350950893765515,0.0,0.0,0.0,0.0,0.0,3
IEEE69,mlp,TP8,23,34272,1661.462882529424,-2267.4014587402344,-20406.61312866211,47.67010589235906,0.0,3.173257362545348,0.861359945187966,1.05143407980601,0.9631564021110535,1.0,2.996731917063395,0.0,0.0,0.0,1.0,1.0,4.703070226644845,6.39406573663431,57.54659162970967,0.14019293385176607,0.0,0.7450272957434683,0.004798985244713855,0.09336608358577163,0.0051696401477442375,0.0,0.09238553618543946,0.0,0.0,0.0,0.0,0.0,3
IEEE69,mlp,TP8,24,34368,1773.0441834326487,-2415.9150445726186,-21743.235401153564,50.37764261642102,0.0,3.2818235855228095,0.8890721054954661,1.072544813156128,0.9628821412722269,1.0,3.065595547358195,0.0,0.0,0.0,1.0,1.0,3.1945882671085895,4.487166513191963,40.38449861872388,0.13965331845407866,0.0,0.7927982111710836,0.004662635345609078,0.0599221059054786,0.003231655295407644,0.0,0.0747310216406774,0.0,0.0,0.0,0.0,0.0,3
IEEE69,mlp,TP8,25,34464,1985.6738828374346,-2690.84023532161,-24217.56211789449,50.47415432247362,0.0,3.4157598021811957,0.8770996526711518,1.0726012388865154,0.9625119169553121,1.0,3.033306121826172,0.0,0.0,0.0,1.0,1.0,2.8198240298450985,3.995556806470518,35.96001125823594,0.11639025597234248,0.0,1.091558372514177,0.003944421412121562,0.06790151724578354,0.003180454875049683,0.0,0.10781385029023635,0.0,0.0,0.0,0.0,0.0,3
IEEE69,mlp,TP8,26,34560,1537.40893453385,-2089.5969109711823,-18806.372198740642,39.08074662164412,0.0,3.4839654150509403,0.7288748123165635,1.0073376496632893,0.9658168951670328,1.0,2.9840010007222495,0.0,0.0,0.0,1.0,1.0,1.5013333984265351,2.468566426778269,22.217097840997294,0.12686047355921629,0.0,0.52610776662517,0.004211458200061347,0.053872883696418766,0.0031716039072018213,0.0,0.06776127902463593,0.0,0.0,0.0,0.0,0.0,3
IEEE69,mlp,TP8,27,34656,1191.9607596451021,-1641.9990570456894,-14777.991513411203,38.96476777086415,0.0,3.3402625308015437,0.7407650587459406,1.0163038770357768,0.9654654264450073,1.0,2.9964110056559243,0.0,0.0,0.0,1.0,1.0,4.672567279131104,6.623891272342923,59.6150214510877,0.15480385566277968,0.0,0.46735739607889376,0.0053471870675892656,0.04727927872574183,0.0029148066138464175,0.0,0.05579657294307021,0.0,0.0,0.0,0.0,0.0,3
IEEE69,mlp,TP8,28,34752,939.7411484964163,-1302.4152260886299,-11721.737034797668,37.8077795376139,0.0,3.043252547601867,0.6470122842325104,0.7891008853912354,0.9720249573389689,1.0,2.2843799591064453,0.0,0.0,0.0,1.0,1.0,6.905272131543534,9.832081500365495,88.48873350328903,0.22352513048265646,0.0,0.864612698169786,0.007880445099314154,0.059611851924310524,0.0028197095743482457,0.0,0.044809665607288225,0.0,0.0,0.0,0.0,0.0,3
IEEE69,mlp,TP8,29,34848,960.5373110439872,-1323.0125453737048,-11907.112908363342,35.5369570648636,0.0,2.9594382155316015,0.5954168349918392,0.7805394530296326,0.9729305704434713,1.0,2.2783451080322266,0.0,0.0,0.0,1.0,1.0,6.8090818413420555,9.489359413309415,85.40423471978535,0.1667602960557608,0.0,0.9670545944516665,0.005996718237932892,0.013537379161975097,0.0016910711089304182,0.0,0.008655959240432984,0.0,0.0,0.0,0.0,0.0,3
IEEE69,mlp,TP8,30,34944,1427.0935111465758,-1961.9466401559337,-17657.5197614034,46.09368679874933,0.0,3.2915283557076322,0.855153189972043,1.0974361499150593,0.9620153705279032,1.0,3.1624716917673745,0.0,0.0,0.0,1.0,1.0,5.924158682750241,8.007683475198805,72.06915127678889,0.15089814270004526,0.0,0.7018612552541679,0.005127386195654925,0.06099182213548401,0.0036778779410497437,0.0,0.07436394308785735,0.0,0.0,0.0,0.0,0.0,3
IEEE69,mlp,TP9,0,32064,1099.9239659962293,-1492.1095003960309,-13428.985503564278,29.06081727228775,0.0,3.515199995104005,0.4984486347271337,0.7499058246612549,0.9750941197077433,1.0004651149113972,2.3015403747558594,0.0,0.0,0.0,1.0,1.0,6.545833963896322,9.163821615632763,82.47439454069362,0.19088690385962692,0.0,0.4052343920183004,0.005538680314502964,0.019250577329430606,0.0011919863956284175,0.0008056026578980492,0.02391834340710877,0.0,0.0,0.0,0.0,0.0,3
IEEE69,mlp,TP9,1,32160,878.1293893735971,-1193.2559414318314,-10739.303472886482,24.083587296294354,0.0,3.613237270455462,0.41407399231361014,0.6900155146916708,0.9773368835449219,1.004426081975301,2.0891099770863852,0.0,0.0,0.0,1.0,1.0,13.81164267658882,19.295873640625857,173.66286276563207,0.37330928997072566,0.0,0.4111192381828951,0.010882925687328295,0.01564040368700261,0.000746532143060818,0.0015487623475847663,0.014194339830031434,0.0,0.0,0.0,0.0,0.0,3
IEEE69,mlp,TP9,2,32256,1463.4961276813417,-1993.4649840990705,-17941.184856891632,39.05735887479447,0.0,3.4156754184238083,0.7285077261428038,0.973758339881897,0.967238167921702,1.0,2.846071640650431,0.0,0.0,0.0,1.0,1.0,2.448950438390721,3.6415056567248842,32.77355091052413,0.12225143353525908,0.0,0.44790878995936384,0.004153940777129418,0.07223928231803106,0.00320223406346943,0.0,0.07827465942157237,0.0,0.0,0.0,0.0,0.0,3
IEEE69,mlp,TP9,3,32352,1677.0559001605043,-2272.2061604923674,-20449.855444431305,38.49679768639362,0.0,3.651557153153077,0.73743702015943,1.0153743028640747,0.9649878342946371,1.0,2.955524524052938,0.0,0.0,0.0,1.0,1.0,1.4981292432340878,2.517732877525461,22.659595897730977,0.1466666145162992,0.0,0.6918534867173352,0.004751444210813918,0.02764979129197814,0.0022827494868295915,0.0,0.04002218974312342,0.0,0.0,0.0,0.0,0.0,3
IEEE69,mlp,TP9,4,32448,2075.2565466657275,-2801.2939305835303,-25211.64537525177,45.17789129884053,0.0,3.4696766293494665,0.8290031676491102,1.0270250638326008,0.9643454949061075,1.0,2.940972884496053,0.0,0.0,0.0,1.0,1.0,1.1070220596267841,1.9941125391519041,17.947012852368513,0.14344854966085763,0.0,0.6987215406510221,0.004735300745236327,0.04435758549847385,0.0027743866268015805,0.0,0.055846445151050965,0.0,0.0,0.0,0.0,0.0,3
IEEE69,mlp,TP9,5,32544,2785.6423765555624,-3732.8134074034515,-33595.320666631065,50.3037559578764,0.0,3.497356548584969,0.8932065398742756,1.098404884338379,0.9603530565897623,1.0,2.9683419863382974,0.0,0.0,0.0,1.0,1.0,3.4437954921671765,4.556914407818565,41.01222967036567,0.18827618829696918,0.0,1.3000604735858994,0.006283272663823327,0.08233278022740363,0.0037263987176490198,0.0,0.12994569165931213,0.0,0.0,0.0,0.0,0.0,3
IEEE69,mlp,TP9,6,32640,2521.6449199320614,-3390.3279286843754,-30512.951358159382,50.772765412501634,0.0,3.538201393871796,0.8989074195010794,1.1074675718943279,0.9601795474688214,1.0,3.0090065797170005,0.0,0.0,0.0,1.0,1.0,4.889366150509146,6.626693656549897,59.64024290895238,0.16873277604384493,0.0,1.1963074881574087,0.0056015571252192855,0.07395045729923062,0.0030448818985052395,0.0,0.12104730842302526,0.0,0.0,0.0,0.0,0.0,3
IEEE69,mlp,TP9,7,32736,1848.265344355258,-2486.0657626258003,-22374.591863632202,38.82482623741574,0.0,3.353911602993906,0.6676190799723069,0.8296942313512167,0.9706990520159403,1.0,2.329007943471273,0.0,0.0,0.0,1.0,1.0,1.769340158120336,2.6861087376323525,24.174978638693833,0.11673172636952332,0.0,0.893309073762382,0.0038898570380235973,0.07712378536750858,0.0036368445393846764,0.0,0.10557691649159069,0.0,0.0,0.0,0.0,0.0,3
IEEE69,mlp,TP9,8,32832,1273.303662095141,-1716.1586886627804,-15445.428197965026,27.423338524002247,0.0,3.6363992515849985,0.4876752059078879,0.7767400741577148,0.9730974237124125,1.0025592645009358,2.2598625818888345,0.0,0.0,0.0,1.0,1.0,13.817584432684876,19.106401842412204,171.9576165817103,0.3859508186683285,0.0,0.4348637195983971,0.009419845287813472,0.030922950847658767,0.002891944225246425,0.00302001232373954,0.022608482756480256,0.0,0.0,0.0,0.0,0.0,3
IEEE69,mlp,TP9,9,32928,1985.1143305720386,-2677.6379352322333,-24098.7414170901,40.634899539357015,0.0,3.78501463817391,0.7771591328912311,1.0919723113377888,0.9612946311632792,1.0,3.1218225955963135,0.0,0.0,0.0,1.0,1.0,4.061548380738104,5.880437979869424,52.923941818826385,0.1795799127381176,0.0,0.715096148065462,0.005957033721925246,0.03975748649975814,0.0023488033964583397,0.0,0.03294894466140501,0.0,0.0,0.0,0.0,0.0,3
IEEE69,mlp,TP9,10,33024,2284.2671229474654,-3070.984605771524,-27638.861451943714,42.86163470620522,0.0,3.8285983885868906,0.8127986426568694,1.108814279238383,0.9610471129417419,1.0,3.0896292527516684,0.0,0.0,0.0,1.0,1.0,9.417569847363922,13.011998168757755,117.10798351882232,0.18677774081422294,0.0,0.624442863568151,0.006229782072250988,0.07019911334689057,0.004131872491219929,0.0,0.05291500580695797,0.0,0.0,0.0,0.0,0.0,3
IEEE69,mlp,TP9,11,33120,2281.2282637525427,-3069.9288349858034,-27629.359514872234,46.4870472469344,0.0,3.5898770198567505,0.8359849699255494,1.008316457271576,0.965435802936554,1.0,2.8775788942972818,0.0,0.0,0.0,1.0,1.0,5.9015616906504365,8.262036966170689,74.35833269554118,0.1465272287165239,0.0,0.7265409470744798,0.0047821405303518265,0.05189838867816321,0.0025101260588816805,0.0,0.03880490289924723,0.0,0.0,0.0,0.0,0.0,3
IEEE69,mlp,TP9,12,33216,1673.6988505198544,-2263.16613206157,-20368.495188554127,37.48297032907916,0.0,3.660069044993252,0.6999638610415988,0.9768261512120565,0.9669129451115926,1.0,2.883293628692627,0.0,0.0,0.0,1.0,1.0,3.851480746579934,5.476210135916609,49.285891223251184,0.12110311272705127,0.0,0.49679208862984653,0.003984198330318113,0.06210121455038917,0.0036695099747473823,0.0,0.07984483089567578,0.0,0.0,0.0,0.0,0.0,3
IEEE69,mlp,TP9,13,33312,1904.1219336829784,-2584.348523422524,-23259.136710802715,48.29027706387933,0.0,3.332045242597488,0.8733040814598402,1.0666940609614055,0.962091346581777,1.0,2.980044364929199,0.0,0.0,0.0,1.0,1.0,3.318807712077316,4.418654074595588,39.76788667135796,0.13228676093443698,0.0,0.7638438345777527,0.004465165648444001,0.08217594899687075,0.0042407664944777166,0.0,0.08570302695333037,0.0,0.0,0.0,0.0,0.0,3
IEEE69,mlp,TP9,14,33408,1058.7309898022722,-1441.306467540838,-12971.758207867542,28.70758005681091,0.0,3.4880325507067393,0.5204669506185585,0.7831595341364542,0.97314981619517,1.000726540883382,2.305813709894816,0.0,0.0,0.0,1.0,1.0,6.620773607312641,9.22320768244404,83.00886914199748,0.23010497854720946,0.0,0.42125261159679267,0.005316345742942361,0.01767414882972676,0.001300789484379443,0.0012584057237939102,0.010673033964597008,0.0,0.0,0.0,0.0,0.0,3
IEEE69,mlp,TP9,15,33504,1122.7716323441484,-1524.6839831979187,-13722.155848781267,29.934608458817213,0.0,3.342329771275684,0.5214456328087383,0.7181514700253805,0.9762299855550131,1.0,2.1358009974161782,0.0,0.0,0.0,1.0,1.0,5.384190537272693,7.59246823087164,68.33221407784454,0.15442451751275224,0.0,0.5896031271493868,0.005345323194664448,0.01497670924290797,0.0009401024881460794,0.0,0.013781154846231831,0.0,0.0,0.0,0.0,0.0,3
IEEE69,mlp,TP9,16,33600,1639.004688748242,-2229.0479757167673,-20061.43178145091,43.01864042439047,0.0,3.4101626686404916,0.7879849686804744,1.047660231590271,0.963080883026123,1.0,2.9646172523498535,0.0,0.0,0.0,1.0,1.0,1.770685263213759,2.4800930005500468,22.320837004952395,0.1276000007786672,0.0,0.6436611552131205,0.004276936124505073,0.10533514509769079,0.005763082925404264,0.0,0.11539602060778822,0.0,0.0,0.0,0.0,0.0,3
IEEE69,mlp,TP9,17,33696,1918.2485035382542,-2597.5939975314673,-23378.345977783203,44.847815325232055,0.0,3.625285373346044,0.8322904449370173,1.080576499303182,0.962385892868042,1.0,3.0505877335866294,0.0,0.0,0.0,1.0,1.0,1.7748960458917424,1.7147880459084146,15.433092413174949,0.15328420722088087,0.0,0.7276394947114667,0.0049892195737793925,0.0858457350033847,0.004497395500567811,0.0,0.09081874583960306,0.0,0.0,0.0,0.0,0.0,3
IEEE69,mlp,TP9,18,33792,1982.6431636980749,-2687.134857248377,-24184.213715235393,49.35310594246827,0.0,3.4510488795763643,0.8789833610256513,1.0777054627736409,0.9619264403978983,1.0,2.980097532272339,0.0,0.0,0.0,1.0,1.0,2.6822991801714506,3.898590980840006,35.087318827560665,0.1259900026758673,0.0,0.8598632018923262,0.00415630233475855,0.12425962141005602,0.006241974777459367,0.0,0.17441875691753503,0.0,0.0,0.0,0.0,0.0,3
IEEE69,mlp,TP9,19,33888,1307.9764149935306,-1792.8323261119701,-16135.49093500773,38.90905406822761,0.0,3.3903065270414214,0.7408713327927723,1.0176051060358684,0.9653977553049723,1.0,2.9691460927327475,0.0,0.0,0.0,1.0,1.0,3.3709022802543775,4.866717094744708,43.80045385270115,0.13941808614849716,0.0,0.5057293332523228,0.004777097745776388,0.04518653630817267,0.0027036416652532077,0.0,0.059920628476246365,0.0,0.0,0.0,0.0,0.0,3
IEEE69,mlp,TP9,20,33984,1272.4541066963914,-1750.1765668833698,-15751.589101950327,40.765302564695354,0.0,3.412172554901415,0.7690989967021676,1.056467334429423,0.9637983441352844,1.0,3.0663560231526694,0.0,0.0,0.0,1.0,1.0,4.2684695405191455,6.16383720731862,55.474534865867895,0.15691562914546256,0.0,0.5544947321356436,0.005420307416909881,0.05241760794271641,0.0030741266549688434,0.0,0.0680533746509558,0.0,0.0,0.0,0.0,0.0,3
IEEE69,mlp,TP9,21,34080,924.0038414323936,-1269.0672399186426,-11421.605159267783,30.821297670385928,0.0,3.326501360013602,0.5437469443099366,0.7874881227811178,0.9731903076171875,1.0001713037490845,2.365004777908325,0.0,0.0,0.0,1.0,1.0,5.46205480446729,7.825424481451859,70.42882033306633,0.17855272264701763,0.0,0.4797670412656516,0.006266483040021519,0.014765436905813757,0.0009349503395050958,0.0002967067969413372,0.01854884926605119,0.0,0.0,0.0,0.0,0.0,3
IEEE69,mlp,TP9,22,34176,728.3366565511036,-1000.9581988492497,-9008.623789643249,24.315454486383413,0.09404460252625117,3.552997916795564,0.4330979871253173,0.7338194648424784,0.9757359425226847,1.0066010157267253,2.1745591958363852,0.0,0.0,0.0,1.0,1.0,15.336396969853622,22.867028183215066,205.803253648935,0.4900149728832355,0.1628900297530874,0.5530736683059819,0.02273878699634198,0.020699655885376214,0.0013514502798943175,0.006236767380927284,0.019471970854050308,0.0,0.0,0.0,0.0,0.0,3
IEEE69,mlp,TP9,23,34272,1661.5553348090434,-2268.1683481004507,-20413.515132904053,47.67323470930933,0.0,3.173276477407384,0.8665422205295826,1.0584143201510112,0.9629652897516886,1.0,2.997290293375651,0.0,0.0,0.0,1.0,1.0,4.709257318682411,6.40212530096375,57.61912770867304,0.14024133371312855,0.0,0.7445824976107959,0.004837197509463183,0.0943518501237763,0.005177685432180826,0.0,0.09283468869232259,0.0,0.0,0.0,0.0,0.0,3
IEEE69,mlp,TP9,24,34368,1773.138530144174,-2416.6525274206087,-21749.87274678548,50.38041378459335,0.0,3.282086598802431,0.893999051509632,1.0782342751820881,0.9627501964569092,1.0,3.0653510093688965,0.0,0.0,0.0,1.0,1.0,3.184491520737557,4.477059248107513,40.29353323296387,0.13980180870395398,0.0,0.7929296081364193,0.004702363158726646,0.059654061522461464,0.0032160599880900983,0.0,0.07414653051943855,0.0,0.0,0.0,0.0,0.0,3
IEEE69,mlp,TP9,25,34464,1985.766999573639,-2691.564769603588,-24224.082926432293,50.476832065743416,0.0,3.415179805329404,0.8819356252335839,1.0780606667200725,0.9623754620552063,1.0,3.0325754483540854,0.0,0.0,0.0,1.0,1.0,2.817703974366559,3.99322377516358,35.9390139764736,0.11637268839881254,0.0,1.090221244438306,0.003973322866557616,0.06729953954750433,0.003192521125582785,0.0,0.10635232236716978,0.0,0.0,0.0,0.0,0.0,3
IEEE69,mlp,TP9,26,34560,1537.468809685112,-2090.0838225505972,-18810.754402955372,39.08245189134141,0.0,3.4840881606683975,0.7321530526710881,1.0136582652727764,0.9656396309534708,1.0,2.9843920866648355,0.0,0.0,0.0,1.0,1.0,1.5050298615102475,2.4788960569928316,22.31006451293647,0.127189157738924,0.0,0.5263812521843689,0.004254893820873714,0.054297402101121266,0.00317064142007437,0.0,0.06805123234680602,0.0,0.0,0.0,0.0,0.0,3
IEEE69,mlp,TP9,27,34656,1192.0106156188074,-1642.5204506273622,-14782.684055646261,38.96685707841849,0.0,3.3399851272383025,0.7444238954534134,1.022793134053548,0.9652748505274454,1.0,2.9965818723042807,0.0,0.0,0.0,1.0,1.0,4.673855926255449,6.628493247474396,59.65643922726848,0.15482628225462997,0.0,0.467024386040759,0.005388556422716422,0.04814497064753576,0.002933607437452873,0.0,0.05579223950801596,0.0,0.0,0.0,0.0,0.0,3
IEEE69,mlp,TP9,28,34752,939.8094314473418,-1303.11512459649,-11728.036121368408,37.81053211130347,0.0,3.042937987133118,0.6519103186825911,0.7947982947031657,0.9718422094980875,1.0,2.2845284144083657,0.0,0.0,0.0,1.0,1.0,6.911778900632478,9.847452440411328,88.62707196370312,0.22361507955315182,0.0,0.8639591866328444,0.007943537818146343,0.060452542557674446,0.0028350716703242286,0.0,0.044824274820411375,0.0,0.0,0.0,0.0,0.0,3
IEEE69,mlp,TP9,29,34848,960.5984493959313,-1323.7040503819783,-11913.336453437805,35.53933192280844,0.0,2.9584882306740963,0.600321032727758,0.7866144776344299,0.9727260073026022,1.0,2.2784841060638428,0.0,0.0,0.0,1.0,1.0,6.81729937969306,9.505666496491823,85.55099846842637,0.16703408708017417,0.0,0.9646089324477788,0.00604995199288137,0.014191045282148554,0.0017113072240516108,0.0,0.008665245896520096,0.0,0.0,0.0,0.0,0.0,3
IEEE69,mlp,TP9,30,34944,1427.2125632104273,-1962.8145186459578,-17665.330667813618,46.09787060215422,0.0,3.292271854318668,0.8608674587061008,1.1040395895640056,0.9617699980735779,1.0,3.1616528828938804,0.0,0.0,0.0,1.0,1.0,5.915742110624798,7.99760143115223,71.9784128803709,0.1510733614201529,0.0,0.7027579769488557,0.005171201073396391,0.059287960407271564,0.003661456102115432,0.0,0.07242890747938302,0.0,0.0,0.0,0.0,0.0,3
IEEE69,tagconv,TP1,0,32064,1110.1737717474714,-1508.2252811502528,-13574.027530352274,29.375810080580777,0.0,7.4442150014971125,0.5206592745251125,1.0912997325261433,0.9578082958857218,1.0057483514149983,2.648712078730265,0.0,0.0,0.0,1.0,1.0,7.532163055875414,9.706400589787526,87.35760530808695,0.17165869188455862,0.0,1.6051885549226799,0.000979159493992766,0.08646830225567903,0.004848297007184226,0.0016672594203824035,0.053231492574358816,0.0,0.0,0.0,0.0,0.0,3
IEEE69,tagconv,TP1,1,32160,889.0308782182373,-1211.6607325615155,-10904.946593053639,24.269579909469638,0.04756244141284577,7.6342968004996505,0.4476622040900919,1.0229472319285076,0.9590707818667094,1.0106391509373982,2.389737288157145,0.0,0.0,0.0,1.0,1.0,26.283095535110835,35.286954674042775,317.5825920663864,0.7086342802608336,0.08238056505906692,1.2816563248075266,0.013416138703027635,0.018806157650666133,0.0011474810946564631,0.0020218814380157666,0.025305690719866665,0.0,0.0,0.0,0.0,0.0,3
IEEE69,tagconv,TP1,2,32256,1455.7261496052295,-1985.2660666924937,-17867.39460023244,39.27841149875834,0.0,7.398272969486577,0.7435412177195152,1.1130611896514893,0.9563108086585999,1.0,2.79118013381958,0.0,0.0,0.0,1.0,1.0,11.426724449608393,14.87300651640727,133.8570586476649,0.13771081182632738,0.0,2.28902950050113,0.004581885983708955,0.041854514608107934,0.0011378753036273557,0.0,0.13111124083153491,0.0,0.0,0.0,0.0,0.0,3
IEEE69,tagconv,TP1,3,32352,1669.532434252066,-2264.2399349919074,-20378.159414927166,38.70563547355838,0.0,7.3204438208797695,0.7517861090600491,1.1923791964848836,0.9535869558652242,1.0,2.8719968795776367,0.0,0.0,0.0,1.0,1.0,12.72533092576833,16.64110101979096,149.76990917811654,0.11738960274090211,0.0,1.8111756066643339,0.0041013727530527545,0.08142126658924353,0.003089301442123748,0.0,0.06309664422425686,0.0,0.0,0.0,0.0,0.0,3
IEEE69,tagconv,TP1,4,32448,2061.738378606831,-2785.4393701553345,-25068.95433139801,45.38205952299237,0.0,6.90746591145508,0.8425884472413195,1.2012574275334675,0.9531733393669128,1.0,2.869295120239258,0.0,0.0,0.0,1.0,1.0,18.840237698128167,24.334723788711823,219.01251409840987,0.10377287114580672,0.0,1.7340551900510988,0.0033368178254461183,0.06812824844260275,0.002649761452726421,0.0,0.0687987561625957,0.0,0.0,0.0,0.0,0.0,3
IEEE69,tagconv,TP1,5,32544,2781.7204284553645,-3728.995047392668,-33560.95542653402,50.38889472355489,0.0,5.126670336772552,0.9033716888063484,1.176958719889323,0.9539612929026285,1.0,2.8956629435221353,0.0,0.0,0.0,1.0,1.0,6.99472937469721,9.20738221178904,82.86643990610075,0.05233183489804585,0.0,0.3145981815559209,0.0017880000995528836,0.030619800476713862,0.0012491900616796103,0.0,0.07969189328770196,0.0,0.0,0.0,0.0,0.0,3
IEEE69,tagconv,TP1,6,32640,2519.087872777256,-3388.4295198652476,-30495.86567878723,50.899958014859294,0.0,5.552421831825495,0.9102149417416917,1.1674678723017375,0.9541611472765604,1.0,2.96810515721639,0.0,0.0,0.0,1.0,1.0,3.563361331725865,5.05213211697134,45.469189052743005,0.10210392217639686,0.0,0.764858709061465,0.0034936288840189443,0.04281169325740993,0.0019522809305231683,0.0,0.0891261605628904,0.0,0.0,0.0,0.0,0.0,3
IEEE69,tagconv,TP1,7,32736,1835.4469029730396,-2470.9028260266336,-22238.125434239704,39.04954101394954,0.0,7.166109549616043,0.6794584080990819,1.0851784944534302,0.9571178158124288,1.0,2.5686007340749106,0.0,0.0,0.0,1.0,1.0,15.842614666082719,20.25422236034754,182.28800124312414,0.14289336366450894,0.0,2.108756120531647,0.0045319002796978805,0.045573036613459204,0.002886808436398902,0.0,0.0014579065164570422,0.0,0.0,0.0,0.0,0.0,3
IEEE69,tagconv,TP1,8,32832,1256.192420583143,-1695.9996030545897,-15263.996427491307,27.488385286056655,0.04019109855612,7.829537840126022,0.5041839128567113,1.0607653856277466,0.9569909373919169,1.004978100458781,2.414012829462687,0.0,0.0,0.0,1.0,1.0,37.47126024110272,49.57091916223401,446.13827246010715,0.6109196430646779,0.06961302471120799,1.6509805086684544,0.007373153225953068,0.02149172186405274,0.0011205400829690261,0.0045632236546877545,0.008547725196140277,0.0,0.0,0.0,0.0,0.0,3
IEEE69,tagconv,TP1,9,32928,1977.2712929621305,-2669.124872136999,-24022.12384923299,40.83065843409895,0.0,7.306903660986015,0.7904913406819105,1.2164700031280518,0.9532822966575623,1.0,3.040100574493408,0.0,0.0,0.0,1.0,1.0,16.454110475463516,21.408854833380303,192.67969350042048,0.10041638981146707,0.0,1.7594658069951596,0.0035198736808787177,0.06024046855622279,0.0028322134780476254,0.0,0.07653510459704446,0.0,0.0,0.0,0.0,0.0,3
IEEE69,tagconv,TP1,10,33024,2279.4668834825857,-3066.382497239996,-27597.44247515996,43.04484163328319,0.0,6.9656171719447215,0.8257437418732377,1.2256917158762615,0.9522250294685364,1.0,3.0134363174438477,0.0,0.0,0.0,1.0,1.0,24.023002006992193,30.95610736304181,278.6049662673754,0.07789088635945825,0.0,1.8952072250487924,0.0025872384998480106,0.03653712010923834,0.0014419618577475638,0.0,0.08582186399468794,0.0,0.0,0.0,0.0,0.0,3
IEEE69,tagconv,TP1,11,33120,2280.5369250660046,-3070.785588935569,-27637.070300420124,46.67909901963079,0.0,6.895375728449925,0.8498724901841747,1.19425368309021,0.9538856546084086,1.0,2.920952240626017,0.0,0.0,0.0,1.0,1.0,15.446944109741931,19.724432066113692,177.51988859502282,0.11271922902532727,0.0,1.9164119808376705,0.0034555879971175756,0.03191794737555624,0.0015043223983225841,0.0,0.05825296178397818,0.0,0.0,0.0,0.0,0.0,3
IEEE69,tagconv,TP1,12,33216,1671.8015339690212,-2262.5597316600656,-20363.037584940594,37.681674632137096,0.0,7.379426369548532,0.7146906970689694,1.134278376897176,0.9558092753092448,1.0000860293706257,2.761369466781616,0.0,0.0,0.0,1.0,1.0,7.650114569860894,10.23404527215308,92.10640744938144,0.10635631130261793,0.0,1.7232084997072614,0.0037176296077555317,0.06725043666754277,0.0027753842821457817,0.00014900724086706703,0.12242498771488003,0.0,0.0,0.0,0.0,0.0,3
IEEE69,tagconv,TP1,13,33312,1885.5125589406841,-2561.7309267609207,-23055.578340848286,48.46717685842972,0.0,6.6194726268364095,0.8857334061629242,1.1762025356292725,0.953615466753642,1.0,2.97467835744222,0.0,0.0,0.0,1.0,1.0,7.059987930040544,9.426890771767429,84.84201694591005,0.1511884617755269,0.0,1.8298255296364583,0.005095241135813692,0.06126105870921174,0.003298896885330017,0.0,0.11884792340471076,0.0,0.0,0.0,0.0,0.0,3
IEEE69,tagconv,TP1,14,33408,1060.0936594105476,-1445.3823761079047,-13008.441384971142,28.936961412820285,0.0,7.384036144418943,0.538789574884706,1.1220864057540894,0.9558461904525757,1.0047272046407063,2.6505730946858725,0.0,0.0,0.0,1.0,1.0,17.764039607971952,23.038643223579605,207.34778901221804,0.39420512033448013,0.0,1.6114155683223694,0.001469758134242399,0.07571865449199729,0.004175792672206541,0.0018661018619797241,0.05336974106925798,0.0,0.0,0.0,0.0,0.0,3
IEEE69,tagconv,TP1,15,33504,1121.7731375061328,-1525.1742287432705,-13726.568058689436,30.193335630787868,0.0,7.256183881973904,0.5355698269688421,1.0559992790222168,0.9570040305455526,1.004246195157369,2.4040821393330893,0.0,0.0,0.0,1.0,1.0,9.383212431885584,12.31981503275106,110.87833529475958,0.14722005107154795,0.0,2.066753186776255,0.0038179738568936646,0.03937044692500489,0.0022487402203789407,0.005073172994673708,0.0014787643885170293,0.0,0.0,0.0,0.0,0.0,3
IEEE69,tagconv,TP1,16,33600,1629.5968954605323,-2218.650860397904,-19967.857743581135,43.22631176860159,0.0,6.876801284034365,0.8024701380895244,1.159460147221883,0.9544844627380371,1.0,2.8765462239583335,0.0,0.0,0.0,1.0,1.0,14.489792781532651,18.705159756977697,168.34643781280016,0.12865189830295987,0.0,1.884812527900067,0.004345292080965299,0.06815598235773566,0.0022720945552733435,0.0,0.12891023535461285,0.0,0.0,0.0,0.0,0.0,3
IEEE69,tagconv,TP1,17,33696,1905.2294220979345,-2582.507580986729,-23242.568228880566,45.057773072361066,0.0,7.047627174784602,0.8468082139475479,1.2263271808624268,0.9526674946149191,1.0,2.9899869759877524,0.0,0.0,0.0,1.0,1.0,19.995922914570397,25.852721496677972,232.67449347009878,0.12219921259408627,0.0,2.041530353834828,0.003992695966333245,0.07089608501713247,0.002328836701536479,0.0,0.0685769781418294,0.0,0.0,0.0,0.0,0.0,3
IEEE69,tagconv,TP1,18,33792,1970.9298533530657,-2673.678638882107,-24063.107749938965,49.54095348025476,0.0,6.531768281899422,0.89296719742318,1.2110187609990437,0.9534404675165812,1.0,2.968785206476847,0.0,0.0,0.0,1.0,1.0,13.221382078482325,17.22959963330781,155.06639669977002,0.16215516982663578,0.0,1.6699535686274278,0.005489858858330787,0.046662732408017084,0.002193568920161476,0.0,0.09430206392133147,0.0,0.0,0.0,0.0,0.0,3
IEEE69,tagconv,TP1,19,33888,1301.1344540181176,-1785.86361529209,-16072.772537628809,39.131124591487605,0.0,7.231138579701636,0.7560902030931578,1.1843129396438599,0.9545016686121622,1.0,2.9123306274414062,0.0,0.0,0.0,1.0,1.0,9.146933807568542,12.214428144744847,109.9298533027035,0.15393277933621047,0.0,1.6979444179205918,0.0054024322163585955,0.07053113951660218,0.0038332211897716315,0.0,0.07175384726174935,0.0,0.0,0.0,0.0,0.0,3
IEEE69,tagconv,TP1,20,33984,1271.672075449729,-1751.0886916584438,-15759.798224925995,40.986615645685255,0.0,7.20216445931374,0.7843465016533931,1.2008194128672283,0.953794519106547,1.0,2.9753102461496987,0.0,0.0,0.0,1.0,1.0,6.483117773849849,9.045948808905923,81.41353928015539,0.167790401745349,0.0,1.737942668370955,0.005841688176568864,0.07936047243918058,0.00406933033459193,0.0,0.05367537954448208,0.0,0.0,0.0,0.0,0.0,3
IEEE69,tagconv,TP1,21,34080,921.6781486294843,-1268.2071411002564,-11413.86426990231,31.13808142320704,0.0,7.451701464973962,0.5608162147303423,1.1041574875513713,0.9566975434621176,1.0033143361409504,2.6819912592569985,0.0,0.0,0.0,1.0,1.0,7.218987527182792,9.512569601398072,85.61312641258202,0.10179764816412097,0.0,1.710271983037949,0.004951923311534628,0.050836438866161356,0.004622176866706661,0.001998097176629067,0.027850105939907166,0.0,0.0,0.0,0.0,0.0,3
IEEE69,tagconv,TP1,22,34176,714.1789984157111,-985.3772552843999,-8868.395297559598,24.351503532111263,0.0808885324011004,7.913363844967544,0.4555384485671918,0.9959544539451599,0.9602699677149454,1.0100632111231487,2.35438863436381,0.0,0.0,0.0,1.0,1.0,27.424902101856194,36.54924092079425,328.94316828714597,0.7254807936897536,0.10770317226865214,1.4187109251500611,0.007433646483490105,0.06276293930515982,0.004418734980291423,0.001852157192098026,0.062394599847429046,0.0,0.0,0.0,0.0,0.0,3
IEEE69,tagconv,TP1,23,34272,1652.2788665810785,-2257.9348044572052,-20321.41324011485,47.89782670759693,0.0,6.9962994762300035,0.8809605745805635,1.189739187558492,0.9541436632474264,1.0,2.965642054875692,0.0,0.0,0.0,1.0,1.0,9.151425160849438,11.984675218219172,107.86207696397209,0.16912316035185448,0.0,1.8607587072656637,0.005600085960406153,0.06848890236828835,0.00457353865386473,0.0,0.05915002123942153,0.0,0.0,0.0,0.0,0.0,3
IEEE69,tagconv,TP1,24,34368,1771.9707307829124,-2417.051379662973,-21753.462416966755,50.58274278497629,0.0,6.616026609738552,0.9091472265621027,1.253562053044637,0.9517554839452106,1.0,3.130422751108805,0.0,0.0,0.0,1.0,1.0,5.648342442125746,7.370224913059178,66.33202421753339,0.18029912905027315,0.0,2.0926575870928303,0.005887601303234345,0.08255740151321085,0.002360635437007436,0.0,0.10999236978610695,0.0,0.0,0.0,0.0,0.0,3
IEEE69,tagconv,TP1,25,34464,1977.9592237723173,-2683.374131238019,-24150.36718114217,50.70745949508758,0.0,5.951881254657992,0.8974829165058003,1.1749839782714844,0.9540289441744486,1.0,2.9923152923583984,0.0,0.0,0.0,1.0,1.0,12.985078888463216,17.88766115174193,160.98895036567606,0.2566146476661259,0.0,1.3713461334079005,0.008220008509388976,0.05375419083159663,0.00309104863672245,0.0,0.10605002219316008,0.0,0.0,0.0,0.0,0.0,3
IEEE69,tagconv,TP1,26,34560,1527.862456036418,-2079.55761885643,-18716.01856970787,39.29869405656306,0.0,7.257526904404706,0.7476712260395288,1.178049365679423,0.9543995261192322,1.0,2.891430219014486,0.0,0.0,0.0,1.0,1.0,13.123145594630142,17.156528068503487,154.40875261653008,0.12980067110726848,0.0,1.668937374601914,0.004576928820311779,0.06801481532651395,0.0026230905438480215,0.0,0.0985568826353431,0.0,0.0,0.0,0.0,0.0,3
IEEE69,tagconv,TP1,27,34656,1187.4554247558215,-1638.4841169074728,-14746.357052167257,39.192094589470194,0.0,7.237568166565061,0.759327066441377,1.19452969233195,0.954118549823761,1.0,2.917183001836141,0.0,0.0,0.0,1.0,1.0,6.42840783160768,8.949142013955816,80.5422781256029,0.1639554555228325,0.0,1.7667397153052053,0.005707517294969066,0.06917265803417778,0.0040718504337504255,0.0,0.039866174439140395,0.0,0.0,0.0,0.0,0.0,3
IEEE69,tagconv,TP1,28,34752,939.1439104386386,-1304.120966028284,-11737.088694254557,38.12685415987895,0.0,6.715638464984177,0.6667910572141409,1.0611685911814372,0.9579086701075236,1.0,2.541048765182495,0.0,0.0,0.0,1.0,1.0,8.023738234951622,11.875726753398634,106.88154078058787,0.39110636386109504,0.0,2.169336953995411,0.012998449076883524,0.05272173649807844,0.0051161605023281286,0.0,0.05740415613153683,0.0,0.0,0.0,0.0,0.0,3
IEEE69,tagconv,TP1,29,34848,954.2472770853929,-1316.9061188344601,-11852.155069510141,35.77886072779862,0.0,6.486220562126756,0.611916426776184,0.9994781215985616,0.9593138694763184,1.0,2.3169676462809243,0.0,0.0,0.0,1.0,1.0,4.085215679927367,6.668704866428352,60.01834379785449,0.3444699556599244,0.0,2.026166744068579,0.011460265326199906,0.07719843791616453,0.005267944891148089,0.0,0.03048638654932591,0.0,0.0,0.0,0.0,0.0,3
IEEE69,tagconv,TP1,30,34944,1420.9969974179114,-1956.366602562092,-17607.299423058827,46.30504141099542,0.0,6.712267747489322,0.8737465937932333,1.234491189320882,0.9529574116071066,1.0,3.0684545040130615,0.0,0.0,0.0,1.0,1.0,7.88561693707766,10.58044930857905,95.2240437772129,0.16400601553955257,0.0,1.6939595315288538,0.005555117693979352,0.04761616749472852,0.003251151783992186,0.0,0.023855154243509518,0.0,0.0,0.0,0.0,0.0,3
IEEE69,tagconv,TP2,0,32064,1109.426732076888,-1507.6608150976674,-13568.947335879007,29.372189781244742,0.0,7.560376628188361,0.5238543581217527,1.0983458360036213,0.9576725562413534,1.0055647293726604,2.6488725344340005,0.0,0.0,0.0,1.0,1.0,4.893193213522443,5.968794484692545,53.71915036223331,0.07769644578050182,0.0,1.6607520919438092,0.003914648774459391,0.08736228268144267,0.004848219725123973,0.0017301726076185437,0.053193808740710405,0.0,0.0,0.0,0.0,0.0,3
IEEE69,tagconv,TP2,1,32160,887.5175084667304,-1209.6003480150744,-10886.403132135669,24.245493941307966,0.02095515622805773,7.6155073082303675,0.4470694702532556,1.0297050873438518,0.9589492082595825,1.0107720295588176,2.3899385134379068,0.0,0.0,0.0,1.0,1.0,26.141734172161254,34.42554634231248,309.82991708081073,0.6932488929330228,0.03629539526753939,1.4802632680280354,0.006718644502679431,0.019034983848342887,0.0011419500454404252,0.0018652753430482471,0.025287806899838425,0.0,0.0,0.0,0.0,0.0,3
IEEE69,tagconv,TP2,2,32256,1456.184027413428,-1986.44256873484,-17877.98311861356,39.31837970047612,0.0,7.594863602797005,0.7481892748425404,1.1204686562220256,0.9561846454938253,1.0,2.7911112308502197,0.0,0.0,0.0,1.0,1.0,10.898825532310875,14.07473966701595,126.67265700314334,0.1764386390712649,0.0,2.3601015577752196,0.005557029780104438,0.04260252710479883,0.0011401562535331485,0.0,0.13073514983452605,0.0,0.0,0.0,0.0,0.0,3
IEEE69,tagconv,TP2,3,32352,1669.8010840197046,-2265.1623604915762,-20386.461244424183,38.734933701924696,0.0,7.417539835677512,0.7563596417506536,1.2004154920578003,0.9534273346265157,1.0,2.8720829486846924,0.0,0.0,0.0,1.0,1.0,12.226174181991311,15.891095534404675,143.0198598096453,0.14416480507648302,0.0,1.9128715287376699,0.0047580010922951225,0.08219501273972353,0.0030970350820951694,0.0,0.06312153399100294,0.0,0.0,0.0,0.0,0.0,3
IEEE69,tagconv,TP2,4,32448,2063.0722592118327,-2787.85927440502,-25090.733469645184,45.40234736612123,0.0,6.825754462411585,0.8480542266948355,1.209630052248637,0.9529954393704733,1.0,2.869377374649048,0.0,0.0,0.0,1.0,1.0,16.665284237377758,21.41334926665844,192.72014339992933,0.1303489759674864,0.0,1.6769809228123964,0.003986626205632876,0.06888660907812572,0.0026589537986352603,0.0,0.06877588955502853,0.0,0.0,0.0,0.0,0.0,3
IEEE69,tagconv,TP2,5,32544,2782.920993385829,-3731.326836126822,-33581.941525141396,50.411041473838246,0.0,5.147288754493768,0.9095088065498405,1.2009683847427368,0.953087588151296,1.0,2.899512529373169,0.0,0.0,0.0,1.0,1.0,8.406505509338716,11.12352815765009,100.11175341885097,0.06304483902842453,0.0,0.31356384762791306,0.0020402375326867427,0.03953872996913998,0.0016397220513080962,0.0,0.07392444356093676,0.0,0.0,0.0,0.0,0.0,3
IEEE69,tagconv,TP2,6,32640,2520.2016588987376,-3390.6925397095856,-30516.232857386272,50.92793222847407,0.0,5.572602151055713,0.9167087566521434,1.1753559509913127,0.9539987047513326,1.0,2.9510444005330405,0.0,0.0,0.0,1.0,1.0,4.276581716934534,5.974144103401524,53.767296930614,0.10496781414126888,0.0,0.729483604286233,0.0034916652029618306,0.043444285659255046,0.0019643826605029685,0.0,0.06369497017559235,0.0,0.0,0.0,0.0,0.0,3
IEEE69,tagconv,TP2,7,32736,1836.5351724018585,-2473.0910917564674,-22257.81982580821,39.078696497154546,0.0,7.1985940191701525,0.6856249928888348,1.0933470328648884,0.9569252332051595,1.0,2.5689889589945474,0.0,0.0,0.0,1.0,1.0,13.880804334146717,17.55051659558916,157.9546493603043,0.17955677124391783,0.0,2.1774517988110733,0.0054685927884019535,0.04656292879467561,0.002919410152789028,0.0,0.0015099101947686432,0.0,0.0,0.0,0.0,0.0,3
IEEE69,tagconv,TP2,8,32832,1257.7923106945848,-1698.7099510985945,-15288.38955988735,27.53951889647821,0.023716537619899,7.891364364662416,0.5092525765713719,1.069311539332072,0.9567774335543314,1.005205551783244,2.4145917097727456,0.0,0.0,0.0,1.0,1.0,38.575206130832164,50.918731816038644,458.2685863443478,0.6085825497176627,0.04107824813728372,1.992827914453062,0.007034847492013147,0.021593637670515167,0.0011078131614070633,0.004912069357295357,0.008488827136928015,0.0,0.0,0.0,0.0,0.0,3
IEEE69,tagconv,TP2,9,32928,1977.6330256036806,-2670.2661208223412,-24032.395087401073,40.861780790127646,0.0,7.412495005974541,0.7958263121545315,1.2255815267562866,0.9530806541442871,1.0,3.0403045813242593,0.0,0.0,0.0,1.0,1.0,16.107355858803558,20.823362091095532,187.41025881985948,0.1315702042865511,0.0,1.8755930980920956,0.004296335965204887,0.06059155492921208,0.0028755432183038866,0.0,0.07646912450259583,0.0,0.0,0.0,0.0,0.0,3
IEEE69,tagconv,TP2,10,33024,2280.0532808705975,-3067.857158572586,-27610.71442715327,43.07821651734412,0.0,7.1192599122204685,0.8314113809416691,1.2427184184392293,0.9516472021738688,1.0,3.0136471589406333,0.0,0.0,0.0,1.0,1.0,22.524729732589005,28.83538930535322,259.5185037481813,0.12599394607611436,0.0,2.085564090292334,0.0038789617501564177,0.023939670548019855,0.0008466746309212994,0.0,0.08563170735350512,0.0,0.0,0.0,0.0,0.0,3
IEEE69,tagconv,TP2,11,33120,2281.987332162262,-3073.367564943102,-27660.308084487915,46.70525274828167,0.0,6.979751361332677,0.8554155050466458,1.2035986185073853,0.9537552992502848,1.0,2.9064462979634604,0.0,0.0,0.0,1.0,1.0,13.255137889636618,16.72762151316894,150.5485936185202,0.1492400484718972,0.0,2.061347748987626,0.004424302911769063,0.028875754810016505,0.0015203910592269275,0.0,0.03815756622409354,0.0,0.0,0.0,0.0,0.0,3
IEEE69,tagconv,TP2,12,33216,1673.111270283978,-2264.77880608594,-20383.009254773457,37.715695737089845,0.0,7.507205551949835,0.7187834096451601,1.1415804227193196,0.9556794166564941,1.0002530415852864,2.7615153789520264,0.0,0.0,0.0,1.0,1.0,6.534378173053154,8.764457786686206,78.8801200801764,0.13803511349793332,0.0,1.8865796813529718,0.004516488405666808,0.06763469248057041,0.0027621648044456244,0.00043828088214390305,0.12254866392317011,0.0,0.0,0.0,0.0,0.0,3
IEEE69,tagconv,TP2,13,33312,1887.0312392331482,-2564.523508425112,-23080.711575826008,48.50381600894858,0.0,6.643835531268304,0.8922657738957142,1.1914602120717366,0.9534452358881632,1.0,2.9752651850382485,0.0,0.0,0.0,1.0,1.0,5.303205015788835,7.223035165659701,65.00731649093763,0.18124126101200977,0.0,1.8407335797392363,0.005822925235745081,0.06999765596743975,0.0033096378996335784,0.0,0.1196235920990433,0.0,0.0,0.0,0.0,0.0,3
IEEE69,tagconv,TP2,14,33408,1059.8112232547471,-1445.49037144002,-13009.413342960179,28.94070509640551,0.0,7.4934946738793355,0.5425206097877688,1.130121072133382,0.9556721846262614,1.0044914881388347,2.650804122289022,0.0,0.0,0.0,1.0,1.0,15.700326891509496,20.001000662640966,180.00900596376883,0.3139535551258477,0.0,1.6749629813828852,0.0039047135223609338,0.07658950004508475,0.0041729750911788715,0.0016489307531474457,0.05333671269985668,0.0,0.0,0.0,0.0,0.0,3
IEEE69,tagconv,TP2,15,33504,1120.8488698684457,-1524.3829769072709,-13719.446792165438,30.190704637721257,0.0,7.231374026869304,0.5388153704504172,1.0637261867523193,0.9568467537562052,1.0039236545562744,2.4044642448425293,0.0,0.0,0.0,1.0,1.0,4.779468281524345,5.955217097401298,53.59695387661179,0.15133539931004636,0.0,2.106725402689387,0.003853719466677707,0.03983613299637715,0.0022394405848695912,0.005231266799140851,0.0012904473154803317,0.0,0.0,0.0,0.0,0.0,3
IEEE69,tagconv,TP2,16,33600,1630.0313139805976,-2219.902499905339,-19979.122499148052,43.27069347989527,0.0,7.072109161124995,0.8079626005556849,1.1672418117523196,0.9543307820955912,1.0,2.875538190205892,0.0,0.0,0.0,1.0,1.0,13.386517300587432,17.063925551068337,153.57532995961265,0.17431606270199687,0.0,2.148935755848757,0.0054520636044459525,0.06878994774712724,0.0022796262748453985,0.0,0.12896401427911022,0.0,0.0,0.0,0.0,0.0,3
IEEE69,tagconv,TP2,17,33696,1906.027325650032,-2584.219644829079,-23257.976803461712,45.08799282400711,0.0,7.097932941417689,0.8522043977346686,1.234595775604248,0.9525003631909689,1.0,2.9949657917022705,0.0,0.0,0.0,1.0,1.0,17.850220701402687,22.9887077031534,206.89836932838062,0.15684224166003066,0.0,2.044146639645195,0.0048573186136993156,0.07157368145494411,0.002337454895577545,0.0,0.06650245415696468,0.0,0.0,0.0,0.0,0.0,3
IEEE69,tagconv,TP2,18,33792,1971.9338283695095,-2675.715995788574,-24081.443962097168,49.57450662543488,0.0,6.628570087290345,0.8988278713077307,1.2198632558186848,0.9533027013142904,1.0,2.974100430806478,0.0,0.0,0.0,1.0,1.0,11.90009300365079,15.40322545324945,138.62902907924627,0.18498851343173003,0.0,1.7519821632238546,0.006047046334773349,0.0471849729705091,0.0021848409673068873,0.0,0.10815613715704324,0.0,0.0,0.0,0.0,0.0,3
IEEE69,tagconv,TP2,19,33888,1301.4838907760807,-1786.8599507278866,-16081.73955655098,39.16065644393772,0.0,7.339968563210017,0.7604307826194497,1.192185918490092,0.954351544380188,1.0,2.912933031717936,0.0,0.0,0.0,1.0,1.0,8.668908440932226,11.502785663351597,103.52507097016446,0.17066461534057642,0.0,1.806114005695913,0.005786218101612492,0.07095099862173289,0.0038388535270114424,0.0,0.07239184869505844,0.0,0.0,0.0,0.0,0.0,3
IEEE69,tagconv,TP2,20,33984,1272.1255398850124,-1752.2553786701626,-15770.298408031464,41.016077501419204,0.0,7.3056182136155075,0.7889662618852324,1.2086931069691975,0.9536369641621908,1.0,2.974351723988851,0.0,0.0,0.0,1.0,1.0,6.177413575624719,8.658354856190742,77.92519370571725,0.183541134548512,0.0,1.8468363886645938,0.006183871180086014,0.0801762744428531,0.004075667821967752,0.0,0.05196134976625077,0.0,0.0,0.0,0.0,0.0,3
IEEE69,tagconv,TP2,21,34080,920.7886201863747,-1267.5182487004333,-11407.6642383039,31.12957007780521,0.0,7.542915282583315,0.5645270918806394,1.111898422241211,0.9565381209055582,1.0031681855519612,2.6823001702626548,0.0,0.0,0.0,1.0,1.0,6.756989018995997,8.934999785616126,80.4149980705444,0.13864576154061037,0.0,1.751498164958159,0.0066022161122425045,0.051988069719086455,0.004626241175672504,0.0026559999438362167,0.027856544188594696,0.0,0.0,0.0,0.0,0.0,3
IEEE69,tagconv,TP2,22,34176,712.813206804773,-983.8826425380453,-8854.943782842407,24.330103910912538,0.049938971389374864,7.94058424575699,0.45789464252690465,1.0026180148124695,0.9601481556892396,1.0102685689926147,2.3544883728027344,0.0,0.0,0.0,1.0,1.0,29.025089664629615,38.338314446921544,345.0448300222957,0.7616654742172744,0.05590920124412733,1.5409398995316232,0.0055190535859556255,0.06331700736582464,0.004400886588835145,0.0027128351867558857,0.06247194752904092,0.0,0.0,0.0,0.0,0.0,3
IEEE69,tagconv,TP2,23,34272,1653.3327115378586,-2260.0582904815674,-20340.524614334106,47.93082219138099,0.0,7.033952443669527,0.8869939075989856,1.1975845495859783,0.9539703925450643,1.0,2.965634266535441,0.0,0.0,0.0,1.0,1.0,7.404144514162155,9.640572279155418,86.76515051239846,0.19839543017973665,0.0,1.9255473698796586,0.006300348837346788,0.06867781052128427,0.00455879042127907,0.0,0.059036474029098514,0.0,0.0,0.0,0.0,0.0,3
IEEE69,tagconv,TP2,24,34368,1773.1894390825644,-2419.3593488269385,-21774.234139442444,50.61629586478739,0.0,6.6575031286011646,0.9149418609837691,1.2613449096679688,0.951616128285726,1.0,3.128404458363851,0.0,0.0,0.0,1.0,1.0,3.984095056797885,5.232531146114983,47.092780315035874,0.21106970238156655,0.0,2.1447690183859582,0.006643742228929906,0.08288617463688819,0.002354890794608779,0.0,0.11177705477812304,0.0,0.0,0.0,0.0,0.0,3
IEEE69,tagconv,TP2,25,34464,1978.2099940786522,-2684.3550761893944,-24159.195685704548,50.7233520219379,0.0,6.037436983936246,0.9027243767761522,1.1820916732152302,0.9539074699083964,1.0,3.0000645319620767,0.0,0.0,0.0,1.0,1.0,10.92993661169856,15.084696690964526,135.76227021868098,0.22186820120919343,0.0,1.3888791449545825,0.0072763536545466965,0.053891846033470525,0.003084179277369878,0.0,0.11082028221541539,0.0,0.0,0.0,0.0,0.0,3
IEEE69,tagconv,TP2,26,34560,1527.8198217642505,-2080.0151544058767,-18720.13638965289,39.329165030902004,0.0,7.382139204422898,0.7517712236278586,1.185458739598592,0.9542679985364279,1.0,2.891552209854126,0.0,0.0,0.0,1.0,1.0,12.682806139905347,16.472384157249998,148.2514574152504,0.15194467113836657,0.0,1.7873182778142724,0.005089779233150734,0.06850003758196305,0.0026213368801468995,0.0,0.0985369945980908,0.0,0.0,0.0,0.0,0.0,3
IEEE69,tagconv,TP2,27,34656,1188.0478840586793,-1639.8100694020588,-14758.29062461853,39.22169547164291,0.0,7.357580811589144,0.7637759111821651,1.2023626168568928,0.9539688428243002,1.0,2.917323350906372,0.0,0.0,0.0,1.0,1.0,6.116883552775134,8.55000686588948,76.95006179300725,0.180417141814697,0.0,1.8692860860638854,0.006085281069153056,0.06970328906725737,0.004076280734752313,0.0,0.039760829639393314,0.0,0.0,0.0,0.0,0.0,3
IEEE69,tagconv,TP2,28,34752,939.5946790783282,-1305.3843398623997,-11748.459058761597,38.146731229853685,0.0,6.717750355084445,0.6722172459380493,1.0687923828760784,0.9577430685361227,1.0,2.541240930557251,0.0,0.0,0.0,1.0,1.0,5.9269380941125975,9.07706365920668,81.6935729328607,0.3571816765033507,0.0,2.1652131883739507,0.012065227186873063,0.053787319355002236,0.005122807535173949,0.0,0.05743513077007136,0.0,0.0,0.0,0.0,0.0,3
IEEE69,tagconv,TP2,29,34848,954.5134942547402,-1317.9295956117137,-11861.366360505423,35.79826186183285,0.0,6.609216587114671,0.6173398544390997,1.0073015292485554,0.9591264923413595,1.0,2.3182660738627114,0.0,0.0,0.0,1.0,1.0,2.8946120442585417,5.107189116154434,45.96470204538988,0.3213731993042745,0.0,2.1519674710761647,0.010807173070473032,0.07813439614634697,0.005266607449677862,0.0,0.03227797912110757,0.0,0.0,0.0,0.0,0.0,3
IEEE69,tagconv,TP2,30,34944,1422.1520033791674,-1958.6956215611208,-17628.26059405009,46.34195989531872,0.0,6.772900332600194,0.880374606905712,1.244000236193339,0.9527193506558737,1.0,3.0692920684814453,0.0,0.0,0.0,1.0,1.0,6.336533317452826,8.55621008074436,77.00589072669906,0.18445629646785489,0.0,1.6755057933035222,0.005987003973737529,0.04858719085439658,0.003270412527620081,0.0,0.02395216982085172,0.0,0.0,0.0,0.0,0.0,3
IEEE69,tagconv,TP3,0,32064,1110.1724194021128,-1508.2078465035668,-13573.8706185321,29.375776618141874,0.0,7.444203241311571,0.5205336057891449,1.0911672512690227,0.9578081369400024,1.0057484706242878,2.6487111250559487,0.0,0.0,0.0,1.0,1.0,7.531883704519904,9.706020010915172,87.3541800982362,0.17165377968490383,0.0,1.6051817779909896,0.0009793807330147435,0.08647441832809022,0.0048485226083943185,0.001666956233889691,0.05323562185585776,0.0,0.0,0.0,0.0,0.0,3
IEEE69,tagconv,TP3,1,32160,889.0297339037412,-1211.644628100649,-10904.801652905842,24.269550127598148,0.04756221305255046,7.634280934448811,0.4475450977269146,1.0228205521901448,0.9590707619984945,1.0106391509373982,2.3897341887156167,0.0,0.0,0.0,1.0,1.0,26.282964085902893,35.2868222836849,317.5814005531658,0.7086329802531541,0.08238016952743303,1.2816584829560242,0.013416194344823157,0.01880881403184274,0.0011475144809412782,0.0020218814380157666,0.025306103460787415,0.0,0.0,0.0,0.0,0.0,3
IEEE69,tagconv,TP3,2,32256,1455.7246050462563,-1985.2491563779338,-17867.2424074014,39.27837508541779,0.0,7.39827333141146,0.7434218465867971,1.1129398743311565,0.9563106497128805,1.0,2.791175921758016,0.0,0.0,0.0,1.0,1.0,11.426421027398412,14.87259772880344,133.85337955923137,0.13771003654526207,0.0,2.2890278418080174,0.004581850757505216,0.041858956479123875,0.001138038775732758,0.0,0.13110957521427818,0.0,0.0,0.0,0.0,0.0,3
IEEE69,tagconv,TP3,3,32352,1669.5307089381147,-2264.2216947520224,-20377.9952527682,38.705597250458595,0.0,7.320436930990584,0.751657936308119,1.1922520001729329,0.953586757183075,1.0,2.8719958464304605,0.0,0.0,0.0,1.0,1.0,12.725211160014313,16.64094773052377,149.76852957471243,0.11738915669296165,0.0,1.8111755416213546,0.004101338282497801,0.08142803189085153,0.003089610666962742,0.0,0.0630946291133344,0.0,0.0,0.0,0.0,0.0,3
IEEE69,tagconv,TP3,4,32448,2061.7361360301875,-2785.419650819567,-25068.7768573761,45.38201182084049,0.0,6.907450124281303,0.8424538243561983,1.2011270125706992,0.9531732201576233,1.0,2.8692922592163086,0.0,0.0,0.0,1.0,1.0,18.840105929653337,24.33454083510064,219.01086751590432,0.1037723132613373,0.0,1.7340655706710006,0.0033368076439948937,0.06813514357081447,0.00264995919378595,0.0,0.06879535347480988,0.0,0.0,0.0,0.0,0.0,3
IEEE69,tagconv,TP3,5,32544,2781.717427871481,-3728.974773972123,-33560.77296574911,50.388841768270744,0.0,5.126664602378603,0.9032404811845886,1.1768413384755452,0.9539610147476196,1.0,2.8956589698791504,0.0,0.0,0.0,1.0,1.0,6.994816362210462,9.207494338420474,82.86744904578299,0.05233161471985758,0.0,0.3146059511407512,0.001787986328618485,0.03062109510098942,0.0012492522397521812,0.0,0.07969142291790067,0.0,0.0,0.0,0.0,0.0,3
IEEE69,tagconv,TP3,6,32640,2519.0848570349062,-3388.4073833183006,-30495.666449864704,50.89989852633031,0.0,5.552424321774493,0.9100690459211668,1.1673396428426106,0.9541609883308411,1.0,2.968103806177775,0.0,0.0,0.0,1.0,1.0,3.5632724589287337,5.0520054757604775,45.46804928184504,0.10210441048445443,0.0,0.7648746521821758,0.0034936362942167625,0.04281338377086784,0.001952337639980861,0.0,0.08913086203794998,0.0,0.0,0.0,0.0,0.0,3
IEEE69,tagconv,TP3,7,32736,1835.4446313609217,-2470.881744314123,-22237.935698827107,39.04950152153591,0.0,7.166101229044579,0.679313174345427,1.085038383801778,0.9571176966031393,1.0,2.568598667780558,0.0,0.0,0.0,1.0,1.0,15.842281427862295,20.253796900727334,182.28417210654837,0.14289261172899112,0.0,2.108758113066568,0.004531863126669636,0.04557603104584363,0.0028868349621766977,0.0,0.001459147227392338,0.0,0.0,0.0,0.0,0.0,3
IEEE69,tagconv,TP3,8,32832,1256.1908141618303,-1695.9799517313088,-15263.819565581778,27.48835197518626,0.040189996196154536,7.82950728227204,0.5040432088490989,1.0606178045272827,0.9569908976554871,1.0049780209859211,2.41400941212972,0.0,0.0,0.0,1.0,1.0,37.47106350796205,49.57063826641908,446.1357443977731,0.6109160970142525,0.06961111536773956,1.6510013657959277,0.0073731186940401506,0.02149166344081457,0.0011206042443441466,0.004563224423898588,0.008546766799921082,0.0,0.0,0.0,0.0,0.0,3
IEEE69,tagconv,TP3,9,32928,1977.269163634989,-2669.104452786622,-24021.9400750796,40.830614563376,0.0,7.30689628721662,0.7903498682296939,1.2163275480270386,0.9532818992932638,1.0,3.0400969982147217,0.0,0.0,0.0,1.0,1.0,16.454057428511852,21.40878297164152,192.67904674477376,0.10041572877052683,0.0,1.759462126752116,0.00351984724237543,0.06024697382103101,0.002832223753612517,0.0,0.07653437886563923,0.0,0.0,0.0,0.0,0.0,3
IEEE69,tagconv,TP3,10,33024,2279.4643753685123,-3066.361806516294,-27597.25625864665,43.044796586096105,0.0,6.965624210213381,0.8256041045404143,1.2255511283874512,0.952224870522817,1.0,3.0134339332580566,0.0,0.0,0.0,1.0,1.0,24.022980702723142,30.956074552561223,278.6046709730498,0.07789026408636708,0.0,1.895204163132646,0.002587217737508633,0.03654491595578801,0.00144216967627075,0.0,0.0858236671052745,0.0,0.0,0.0,0.0,0.0,3
IEEE69,tagconv,TP3,11,33120,2280.5345880388063,-3070.7667380438907,-27636.90064239502,46.67905431395047,0.0,6.8953552587912945,0.8497458077553245,1.1941344340642293,0.9538852373758951,1.0,2.9209482669830322,0.0,0.0,0.0,1.0,1.0,15.446799060632587,19.724229417090125,177.51806475381423,0.11272046407236941,0.0,1.9164407979937537,0.0034556204654775046,0.03192210206537674,0.0015043912146431603,0.0,0.05825333270440921,0.0,0.0,0.0,0.0,0.0,3
IEEE69,tagconv,TP3,12,33216,1671.7997295839357,-2262.542031588378,-20362.8782842954,37.6816370951395,0.0,7.37941170191833,0.7145676650106907,1.1341559886932373,0.9558091958363851,1.0000860293706257,2.761366605758667,0.0,0.0,0.0,1.0,1.0,7.6500396259064605,10.233948565830941,92.10553709248266,0.10635547182701227,0.0,1.7231952834053215,0.003717610653530206,0.06725615825216083,0.0027755211807563187,0.00014900724086706703,0.12242246460671236,0.0,0.0,0.0,0.0,0.0,3
IEEE69,tagconv,TP3,13,33312,1885.5105292444969,-2561.710679089582,-23055.396111806233,48.46712488631541,0.0,6.619434944627123,0.8855923424578376,1.176064411799113,0.9536153872807821,1.0,2.97467311223348,0.0,0.0,0.0,1.0,1.0,7.0598046510946375,9.426638917641696,84.83975025877552,0.1511866673114483,0.0,1.8298278875163212,0.0050951837851456894,0.061259369347487796,0.0032990167185639185,0.0,0.11884814317189196,0.0,0.0,0.0,0.0,0.0,3
IEEE69,tagconv,TP3,14,33408,1060.0925997562574,-1445.3650035413878,-13008.28503187249,28.936935272715953,0.0,7.384035421684948,0.538661377504468,1.1219521363576253,0.9558458924293518,1.0047272046407063,2.6505733331044516,0.0,0.0,0.0,1.0,1.0,17.763763592534293,23.038283267921408,207.34454941129138,0.39419999956947044,0.0,1.6114098186603252,0.0014699661853448463,0.07572640036028393,0.004176304632190605,0.0018661018619797241,0.05337510908980605,0.0,0.0,0.0,0.0,0.0,3
IEEE69,tagconv,TP3,15,33504,1121.7720226193112,-1525.1570627683843,-13726.413564915458,30.193307597270785,0.0,7.256173651537139,0.5354438653836647,1.0558693408966064,0.9570039709409078,1.004246433575948,2.404077927271525,0.0,0.0,0.0,1.0,1.0,9.383046172704747,12.319567664877972,110.87610898390152,0.1472176678314071,0.0,2.0667582471119736,0.0038179522832260727,0.03937228785437378,0.0022488433312877957,0.005073076305531193,0.0014810152482118857,0.0,0.0,0.0,0.0,0.0,3
IEEE69,tagconv,TP3,16,33600,1629.5952874637314,-2218.6327953338623,-19967.69515800476,43.22627050282912,0.0,6.876797453081786,0.8023421071055864,1.1593375205993652,0.9544843236605326,1.0,2.876542250315348,0.0,0.0,0.0,1.0,1.0,14.489757047774907,18.705113844851095,168.34602460365943,0.12865120554385373,0.0,1.8848207078969461,0.004345259272716932,0.06816274184475987,0.002272202361309407,0.0,0.12890879788141651,0.0,0.0,0.0,0.0,0.0,3
IEEE69,tagconv,TP3,17,33696,1905.227397804638,-2582.4883904280487,-23242.395513852436,45.057728013479085,0.0,7.047605416813241,0.8466755166235896,1.226194938023885,0.9526673754056295,1.0,2.989983161290487,0.0,0.0,0.0,1.0,1.0,19.995780477797638,25.85252657638345,232.67273918745062,0.12219920359553534,0.0,2.0415531556728728,0.00399269043942921,0.07090045063114592,0.0023289989559880015,0.0,0.06857558208481906,0.0,0.0,0.0,0.0,0.0,3
IEEE69,tagconv,TP3,18,33792,1970.9279729675109,-2673.660056926586,-24062.940512339275,49.5409046318479,0.0,6.531760107821047,0.8928378580345049,1.2108912070592244,0.9534403483072916,1.0,2.9687763849894204,0.0,0.0,0.0,1.0,1.0,13.221534671870403,17.22981815001513,155.0683633501341,0.16215563810469902,0.0,1.6699593192170354,0.005489878412775848,0.046671373531826696,0.002193774597027289,0.0,0.0942949221504536,0.0,0.0,0.0,0.0,0.0,3
IEEE69,tagconv,TP3,19,33888,1301.1331636587765,-1785.8465964970765,-16072.619368473688,39.13108648106512,0.0,7.231147613354968,0.7559672631323338,1.1841904322306316,0.9545015891393026,1.0,2.9123243490854898,0.0,0.0,0.0,1.0,1.0,9.14697122249802,12.214478166730727,109.93030350057697,0.15393224621685775,0.0,1.6979371176786895,0.005402438149398466,0.07053429458061172,0.003833327027674147,0.0,0.07174915226672611,0.0,0.0,0.0,0.0,0.0,3
IEEE69,tagconv,TP3,20,33984,1271.6707901656146,-1751.0704041675283,-15759.633637507757,40.986574872495716,0.0,7.202197120897203,0.7842133763349719,1.2006862163543701,0.9537943800290426,1.0,2.975305954615275,0.0,0.0,0.0,1.0,1.0,6.483079913442351,9.045891849678188,81.41302664710271,0.167788522612398,0.0,1.7379091444127466,0.005841633680846496,0.07936544961703847,0.004069453711620735,0.0,0.05367473635725884,0.0,0.0,0.0,0.0,0.0,3
IEEE69,tagconv,TP3,21,34080,921.6771890114319,-1268.189377611986,-11413.704398507873,31.138054147918712,0.0,7.4516852063899846,0.5606838655140666,1.1040171384811401,0.9566974639892578,1.0033143758773804,2.681988557179769,0.0,0.0,0.0,1.0,1.0,7.218875868468278,9.51245106602034,85.6120595941835,0.10180098946065652,0.0,1.7102612522213032,0.004952065046783732,0.05083795719639535,0.004622311087426872,0.0019978135743624233,0.027850042284632295,0.0,0.0,0.0,0.0,0.0,3
IEEE69,tagconv,TP3,22,34176,714.178109817748,-985.3619278191968,-8868.25735037277,24.351475583399104,0.08089144566221657,7.913362997685056,0.45542490399546093,0.9958321253458658,0.960269828637441,1.0100630919138591,2.3543885548909507,0.0,0.0,0.0,1.0,1.0,27.42472538326936,36.54897440139181,328.9407696125259,0.7254766616353983,0.10770739567636979,1.4187138115368711,0.00743337452521839,0.06277347628867899,0.004418904252823559,0.0018522151269678025,0.062392598943323045,0.0,0.0,0.0,0.0,0.0,3
IEEE69,tagconv,TP3,23,34272,1652.277112357386,-2257.91553094652,-20321.239778518677,47.89777789392186,0.0,6.9962943367784165,0.880824385003911,1.1896082162857058,0.9541436235109965,1.0,2.9656410217285156,0.0,0.0,0.0,1.0,1.0,9.15137071253017,11.98461261278457,107.86151351505441,0.1691219781645846,0.0,1.8607524495997174,0.005600052172335952,0.06849093458192757,0.0045736476632863825,0.0,0.059149421519627814,0.0,0.0,0.0,0.0,0.0,3
IEEE69,tagconv,TP3,24,34368,1771.9688184871763,-2417.0321256143075,-21753.289130528767,50.58269110251604,0.0,6.616007410384786,0.9090128590663274,1.2534286578496296,0.9517553647359213,1.0,3.130415360132853,0.0,0.0,0.0,1.0,1.0,5.648199586915473,7.370025550564538,66.33022995507982,0.18029815111035122,0.0,2.0926560087652075,0.005887566554191815,0.08255354230548018,0.002360748214649422,0.0,0.10999532635571063,0.0,0.0,0.0,0.0,0.0,3
IEEE69,tagconv,TP3,25,34464,1977.9571137779687,-2683.355074705901,-24150.195672353108,50.70740742148215,0.0,5.951856846068146,0.8973522494650549,1.1748631795247395,0.9540288249651591,1.0,2.992313782374064,0.0,0.0,0.0,1.0,1.0,12.98498429506926,17.887537721601685,160.98783949441327,0.2566140543743795,0.0,1.3713467674414095,0.008219988638367034,0.05376334310386527,0.0030912550058040758,0.0,0.10604620304832503,0.0,0.0,0.0,0.0,0.0,3
IEEE69,tagconv,TP3,26,34560,1527.8609177959818,-2079.540265471847,-18715.862389246624,39.29865589862493,0.0,7.25752777271603,0.7475482324759165,1.1779266993204753,0.9543994466463724,1.0,2.891427755355835,0.0,0.0,0.0,1.0,1.0,13.123044435081015,17.156392350609252,154.40753115548188,0.1297999695582319,0.0,1.6689330481130227,0.004576895159973635,0.0680227094253872,0.002623221999515395,0.0,0.09855630712332884,0.0,0.0,0.0,0.0,0.0,3
IEEE69,tagconv,TP3,27,34656,1187.4542333486313,-1638.4664688022049,-14746.198219219843,39.19205613889426,0.0,7.23757855606869,0.7591980579826566,1.194402535756429,0.9541184504826864,1.0,2.9171814918518066,0.0,0.0,0.0,1.0,1.0,6.428399845577824,8.949133481822093,80.54220133639848,0.16395564129231982,0.0,1.7667342958940608,0.0057075154952579655,0.06917480169330298,0.004071922230467637,0.0,0.039867290876259114,0.0,0.0,0.0,0.0,0.0,3
IEEE69,tagconv,TP3,28,34752,939.142997422539,-1304.1025371198302,-11736.92283407847,38.126814831301694,0.0,6.71567408746197,0.6666528950962755,1.06103519598643,0.957908550898234,1.0,2.5410463015238443,0.0,0.0,0.0,1.0,1.0,8.023749506762059,11.875720083481852,106.8814807513367,0.39110005329895153,0.0,2.169371473421787,0.012998264613231399,0.05272659024515501,0.005116353034329995,0.0,0.057403587355601776,0.0,0.0,0.0,0.0,0.0,3
IEEE69,tagconv,TP3,29,34848,954.2461265503563,-1316.8862121899922,-11851.97590970993,35.77881621020848,0.0,6.486241904824205,0.6117689431541495,0.9993398189544678,0.9593137303988138,1.0,2.316967248916626,0.0,0.0,0.0,1.0,1.0,4.0852216013058475,6.668706179503234,60.018355615529366,0.344467171207866,0.0,2.026178429101243,0.01146016706299111,0.07720204406441576,0.005268129271958503,0.0,0.03048658227495414,0.0,0.0,0.0,0.0,0.0,3
IEEE69,tagconv,TP3,30,34944,1420.995464770329,-1956.3462373592236,-17607.116136233013,46.304991734836825,0.0,6.712277636760887,0.8735993510733048,1.2343480587005615,0.9529571533203125,1.0,3.0684468746185303,0.0,0.0,0.0,1.0,1.0,7.885599644521496,10.58042538273078,95.22382844457664,0.1640072722762817,0.0,1.6939770404063519,0.005555174303135809,0.04761011949440596,0.0032509486653792326,0.0,0.023853210968386135,0.0,0.0,0.0,0.0,0.0,3
IEEE69,tagconv,TP4,0,32064,1109.4254125493926,-1507.6434226124375,-13568.790803511938,29.372156759319598,0.0,7.560363959488178,0.5237287216716343,1.0982132355372112,0.9576724171638489,1.00556476910909,2.648871580759684,0.0,0.0,0.0,1.0,1.0,4.892912191508272,5.968429545870412,53.71586591283299,0.07769059441830915,0.0,1.6607473258809098,0.0039147677986976675,0.08736838976327874,0.004848459163923736,0.0017299362055741081,0.053197730219500555,0.0,0.0,0.0,0.0,0.0,3
IEEE69,tagconv,TP4,1,32160,887.5164037329077,-1209.5843010009437,-10886.258709008494,24.24546509107252,0.020954826912395332,7.615491854067357,0.44695241087012816,1.029578407605489,0.9589492082595825,1.0107720295588176,2.3899354934692383,0.0,0.0,0.0,1.0,1.0,26.141627233480495,34.425429584598255,309.8288662613824,0.6932473014482718,0.03629482487608037,1.480267887914927,0.0067186956574753305,0.019037653195830034,0.0011419500454404252,0.0018652753430482471,0.025288082052740867,0.0,0.0,0.0,0.0,0.0,3
IEEE69,tagconv,TP4,2,32256,1456.1825193979912,-1986.4257088413942,-17877.83137957255,39.31834352819351,0.0,7.5948677324783445,0.748069897501005,1.1203471819559734,0.9561844865481058,1.0,2.791107257207235,0.0,0.0,0.0,1.0,1.0,10.89854891162809,14.074377342459481,126.66939608213468,0.17643841833823934,0.0,2.3600995465760595,0.005557022548533555,0.04260733384727734,0.0011403179026689813,0.0,0.13073383730895072,0.0,0.0,0.0,0.0,0.0,3
IEEE69,tagconv,TP4,3,32352,1669.799399837916,-2265.144179476632,-20386.297615289688,38.73489573322513,0.0,7.417537029262597,0.7562314636177486,1.2002880175908406,0.9534271359443665,1.0,2.8720818360646567,0.0,0.0,0.0,1.0,1.0,12.22604507001135,15.89092123711997,143.018291134078,0.14416389206585206,0.0,1.912864482860626,0.004757964534894677,0.08220147221519386,0.0030973432824980504,0.0,0.06311953128841827,0.0,0.0,0.0,0.0,0.0,3
IEEE69,tagconv,TP4,4,32448,2063.069988647047,-2787.839519924588,-25090.55567932129,45.40229958102706,0.0,6.82573684996228,0.8479196011192268,1.209499438603719,0.9529953400293986,1.0,2.8693741162618003,0.0,0.0,0.0,1.0,1.0,16.66516059128841,21.41318354146868,192.71865187321933,0.13034895599077786,0.0,1.6769943548646777,0.003986617498068838,0.06889318605681269,0.0026591182714172288,0.0,0.06877203164415623,0.0,0.0,0.0,0.0,0.0,3
IEEE69,tagconv,TP4,5,32544,2782.9179617732843,-3731.3065397474497,-33581.75885772705,50.410988503731154,0.0,5.147281482852664,0.9093776169336505,1.2008509238560994,0.953087309996287,1.0,2.899512449900309,0.0,0.0,0.0,1.0,1.0,8.406628965817886,11.123708660404157,100.11337794363686,0.06304492457402076,0.0,0.3135731160005582,0.002040258596413612,0.039538586375212965,0.0016399861757396674,0.0,0.07391749526207954,0.0,0.0,0.0,0.0,0.0,3
IEEE69,tagconv,TP4,6,32640,2520.1986372016927,-3390.670400125009,-30516.03360112508,50.9278727283272,0.0,5.57260330757481,0.9165628614525,1.1752280791600545,0.9539985458056132,1.0,2.9510392347971597,0.0,0.0,0.0,1.0,1.0,4.276547914782164,5.974096330927174,53.76686697834721,0.10496814862230763,0.0,0.7294971669197834,0.003491679957328478,0.04344612843344951,0.0019643831262084995,0.0,0.06369401676255945,0.0,0.0,0.0,0.0,0.0,3
IEEE69,tagconv,TP4,7,32736,1836.5328784076464,-2473.06997652407,-22257.629788716633,39.07865662437204,0.0,7.1985793466729655,0.6854797514776388,1.0932069222132366,0.956925094127655,1.0,2.568986654281616,0.0,0.0,0.0,1.0,1.0,13.880517094148063,17.55015190455986,157.95136714104106,0.17955608283630772,0.0,2.1774483032657748,0.005468561503113428,0.046566145405779115,0.0029194697376695223,0.0,0.0015110870797666238,0.0,0.0,0.0,0.0,0.0,3
IEEE69,tagconv,TP4,8,32832,1257.7908100900293,-1698.6904508706045,-15288.21405783544,27.539486994826802,0.023716016824315265,7.89133276040855,0.5091119733535582,1.0691640377044678,0.9567773938179016,1.005205512046814,2.414588451385498,0.0,0.0,0.0,1.0,1.0,38.57509019896911,50.918571050355105,458.2671394531978,0.6085809866541614,0.04107734609287234,1.992849230151716,0.007034983693924328,0.021593705287502186,0.0011078774762133823,0.004912072534825921,0.008488146004793157,0.0,0.0,0.0,0.0,0.0,3
IEEE69,tagconv,TP4,9,32928,1977.630944284855,-2670.2457569616813,-24032.211812655132,40.86173664611548,0.0,7.412480378564173,0.7956848283194833,1.2254389524459839,0.9530802766482035,1.0,3.0403010050455737,0.0,0.0,0.0,1.0,1.0,16.10729217484977,20.823274569103138,187.40947112192706,0.13156946047612805,0.0,1.8755913371035344,0.004296313741588394,0.06059847651868246,0.0028755324536385097,0.0,0.07646827646160793,0.0,0.0,0.0,0.0,0.0,3
IEEE69,tagconv,TP4,10,33024,2280.0507552680724,-3067.8364461616234,-27610.52801545461,43.07817148145538,0.0,7.119266896249141,0.8312717494037417,1.2425779501597087,0.9516470034917196,1.0,3.0136446158091226,0.0,0.0,0.0,1.0,1.0,22.52473141699642,28.83538807096293,259.51849263866814,0.1259935692682278,0.0,2.0855608288212983,0.003878957883081295,0.02394689735262419,0.0008468606142864652,0.0,0.08563328738087815,0.0,0.0,0.0,0.0,0.0,3
IEEE69,tagconv,TP4,11,33120,2281.9849851922845,-3073.3486983687785,-27660.13828531901,46.70520788509384,0.0,6.9797271831337255,0.8552888054400682,1.2034762303034465,0.9537549018859863,1.0,2.9064428011576333,0.0,0.0,0.0,1.0,1.0,13.254979654787824,16.727415039508788,150.5467353555817,0.14924152151001824,0.0,2.06137698216912,0.004424344191499732,0.02888530439971104,0.0015204667979151795,0.0,0.03815797603902914,0.0,0.0,0.0,0.0,0.0,3
IEEE69,tagconv,TP4,12,33216,1673.1094917439048,-2264.7611376091286,-20382.85023848216,37.71565834881767,0.0,7.507190519548446,0.7186603800704082,1.1414579550425212,0.9556793371836344,1.0002530415852864,2.761512517929077,0.0,0.0,0.0,1.0,1.0,6.5343221411434556,8.76439371024802,78.8795433922327,0.13803435110099524,0.0,1.8865649101936064,0.004516456844818029,0.06764046782055029,0.002762301721139173,0.00043828088214390305,0.1225459007005186,0.0,0.0,0.0,0.0,0.0,3
IEEE69,tagconv,TP4,13,33312,1887.0292056017697,-2564.5032598354196,-23080.52933851878,48.503764048372126,0.0,6.643798611103129,0.8921247097767061,1.1913206577301025,0.9534451762835184,1.0,2.9752560456593833,0.0,0.0,0.0,1.0,1.0,5.303019586795677,7.22277595775511,65.00498361979882,0.18124029427174876,0.0,1.8407329547556248,0.0058228904688846575,0.0699936661276931,0.0033097273378480405,0.0,0.11962470069071113,0.0,0.0,0.0,0.0,0.0,3
IEEE69,tagconv,TP4,14,33408,1059.8102446259893,-1445.4731245460334,-13009.2581209143,28.94068062490078,0.0,7.4934948496444775,0.542392530788978,1.1299866835276287,0.9556718866030375,1.0044914086659749,2.650804360707601,0.0,0.0,0.0,1.0,1.0,15.700145924089178,20.00076887097197,180.00691983874748,0.31395035808947475,0.0,1.6749554201807024,0.0039047190320996164,0.07659704091472982,0.004173487043522401,0.0016488620773987544,0.05334208071938301,0.0,0.0,0.0,0.0,0.0,3
IEEE69,tagconv,TP4,15,33504,1120.8478015212931,-1524.3658715861814,-13719.292844275633,30.19067790091079,0.0,7.231361893248298,0.5386894463251034,1.0635963678359985,0.9568466941515604,1.0039239327112834,2.4044601917266846,0.0,0.0,0.0,1.0,1.0,4.779361410014448,5.955056502303726,53.595508520734036,0.15133571276602983,0.0,2.1067340762875317,0.0038538132618584223,0.039838185969199864,0.0022395437130770706,0.005231106060479283,0.0012923080738432785,0.0,0.0,0.0,0.0,0.0,3
IEEE69,tagconv,TP4,16,33600,1630.029699562783,-2219.8844218430695,-19978.959796587627,43.27065234807318,0.0,7.072107485453071,0.8078345664673381,1.1671193838119507,0.9543306430180868,1.0,2.8755338986714682,0.0,0.0,0.0,1.0,1.0,13.386502166352816,17.06389971802009,153.5750974621823,0.17431611965217722,0.0,2.1489453741309346,0.0054520721677114095,0.06879678224154571,0.002279733309144319,0.0,0.12896258441499514,0.0,0.0,0.0,0.0,0.0,3
IEEE69,tagconv,TP4,17,33696,1906.025300817919,-2584.2004502790946,-23257.804052511852,45.08794778583857,0.0,7.097911579234982,0.85207169668542,1.2344634930292766,0.9525002241134644,1.0,2.9949613412221274,0.0,0.0,0.0,1.0,1.0,17.85008062032105,22.988522667136674,206.8967040042265,0.15684260011428885,0.0,2.0441668573652785,0.0048573350298209686,0.07157798592197213,0.0023376431973572117,0.0,0.0665012646050621,0.0,0.0,0.0,0.0,0.0,3
IEEE69,tagconv,TP4,18,33792,1971.9318657394863,-2675.6972994627777,-24081.275695164997,49.57445756162997,0.0,6.628556173147242,0.8986985275728835,1.2197345495224,0.9533025821050009,1.0,2.9740808804829917,0.0,0.0,0.0,1.0,1.0,11.900153906153841,15.403312253902254,138.6298102851181,0.18498882118551638,0.0,1.7519841219237595,0.006047079861934481,0.04719328692004509,0.0021849926292423255,0.0,0.10816606680651991,0.0,0.0,0.0,0.0,0.0,3
IEEE69,tagconv,TP4,19,33888,1301.4826217727148,-1786.842955659937,-16081.586600939432,39.16061837192137,0.0,7.339977720749485,0.7603078387263748,1.192063570022583,0.9543514251708984,1.0,2.9129269123077393,0.0,0.0,0.0,1.0,1.0,8.668936719655926,11.502821449060878,103.52539304154877,0.1706641602762403,0.0,1.8061077627040467,0.00578620297672889,0.07095437153235461,0.0038389530568628625,0.0,0.07238741642875283,0.0,0.0,0.0,0.0,0.0,3
IEEE69,tagconv,TP4,20,33984,1272.1242395832203,-1752.237069659763,-15770.133626937866,41.016036134691,0.0,7.3056403843395925,0.7888331109037002,1.20855979124705,0.9536368648211161,1.0,2.9743474324544272,0.0,0.0,0.0,1.0,1.0,6.177426101944397,8.65837194119794,77.92534747078146,0.18354044951168577,0.0,1.8468231495418934,0.006183852327910576,0.08018132262545988,0.004075797320166293,0.0,0.051960694480966324,0.0,0.0,0.0,0.0,0.0,3
IEEE69,tagconv,TP4,21,34080,920.7876633103374,-1267.50049288902,-11407.504436001182,31.129542863434835,0.0,7.542899683220912,0.5643947577724854,1.1117581526438396,0.9565380414326986,1.003168265024821,2.6822977860768638,0.0,0.0,0.0,1.0,1.0,6.756946023488307,8.934981319453076,80.41483187507936,0.13865041611169335,0.0,1.7514890467912652,0.006602293291644103,0.05198963275047374,0.0046263753972512174,0.0026558843443617343,0.027856437988611104,0.0,0.0,0.0,0.0,0.0,3
IEEE69,tagconv,TP4,22,34176,712.8123690618995,-983.867405474186,-8854.806649267673,24.330076794544464,0.04993914051755444,7.940576229991034,0.4577812980860472,1.002495567003886,0.960148016611735,1.0102685689926147,2.3544881343841553,0.0,0.0,0.0,1.0,1.0,29.0249062483491,38.338064261195825,345.0425783507623,0.7616601984903172,0.055908849223544874,1.5409409398402285,0.005518937586283313,0.06332740911431567,0.004401055732265843,0.0027128351867558857,0.062470065120439636,0.0,0.0,0.0,0.0,0.0,3
IEEE69,tagconv,TP4,23,34272,1653.3309636447677,-2260.03902110347,-20340.351189931233,47.93077335107531,0.0,7.0339478751334745,0.886857702707251,1.197453776995341,0.9539703329404196,1.0,2.965632677078247,0.0,0.0,0.0,1.0,1.0,7.404112985860605,9.64054371938719,86.76489347448172,0.19839465652518962,0.0,1.925541617513107,0.006300330073675146,0.06867984604606911,0.004558866459927937,0.0,0.05903526090219294,0.0,0.0,0.0,0.0,0.0,3
IEEE69,tagconv,TP4,24,34368,1773.187527453886,-2419.340092023214,-21774.060828208923,50.61624435683067,0.0,6.6574856389784225,0.9148074812773203,1.2612114350001018,0.9516160289446512,1.0,3.128397067387899,0.0,0.0,0.0,1.0,1.0,3.983918155704861,5.232281304712725,47.09053174241641,0.21106918824080528,0.0,2.1447677216962453,0.006643713464401785,0.0828824877727502,0.002354984883661392,0.0,0.11178018435998006,0.0,0.0,0.0,0.0,0.0,3
IEEE69,tagconv,TP4,25,34464,1978.2079129137744,-2684.3360669877798,-24159.024602890015,50.723300651973965,0.0,6.037413516139466,0.9025937198764747,1.1819709539413452,0.9539073705673218,1.0,3.0000625451405845,0.0,0.0,0.0,1.0,1.0,10.92991508857013,15.08467495817677,135.76207462358974,0.2218688252772713,0.0,1.3888837484656225,0.0072763784708139816,0.05390135355196831,0.00308435125450766,0.0,0.11081619765185756,0.0,0.0,0.0,0.0,0.0,3
IEEE69,tagconv,TP4,26,34560,1527.8182829969319,-2079.997800977142,-18719.980208794277,39.32912696696743,0.0,7.382140995168368,0.7516482503463825,1.1853361129760742,0.9542679389317831,1.0,2.891549825668335,0.0,0.0,0.0,1.0,1.0,12.6827151074907,16.472273634527305,148.2504627107448,0.15194425176177712,0.0,1.787314893131882,0.005089775571664646,0.06850788782911252,0.0026214353412807668,0.0,0.09853637605812572,0.0,0.0,0.0,0.0,0.0,3
IEEE69,tagconv,TP4,27,34656,1188.0467150122267,-1639.7924447942662,-14758.132003148397,39.221657309553244,0.0,7.35759716569418,0.7636468983772727,1.2022350629170735,0.9539687236150106,1.0,2.9173216819763184,0.0,0.0,0.0,1.0,1.0,6.11690902151638,8.550047850947292,76.95043065852364,0.1804172893217486,0.0,1.8692787661937342,0.006085288205989503,0.06970496409267002,0.004076378174605134,0.0,0.039761816404592705,0.0,0.0,0.0,0.0,0.0,3
IEEE69,tagconv,TP4,28,34752,939.5938342222695,-1305.3660090587757,-11748.294081528982,38.146694720990126,0.0,6.717784094044013,0.6720791597747141,1.0686590671539307,0.9577429294586182,1.0,2.5412384668986,0.0,0.0,0.0,1.0,1.0,5.927111465440837,9.077282326688591,81.69554094019742,0.3571801111640782,0.0,2.1652453704358208,0.012065155129902572,0.05379238443072391,0.005123032213211839,0.0,0.0574345619515122,0.0,0.0,0.0,0.0,0.0,3
IEEE69,tagconv,TP4,29,34848,954.5123268431456,-1317.9096732316193,-11861.187059084574,35.79821749657822,0.0,6.6092323232181505,0.617192368540499,1.0071630676587422,0.959126353263855,1.0,2.318265676498413,0.0,0.0,0.0,1.0,1.0,2.894646959827756,5.107224504585257,45.96502054126858,0.3213707417076825,0.0,2.151975769694318,0.01080709692013743,0.07813789412368236,0.005266791571176472,0.0,0.03227786147042558,0.0,0.0,0.0,0.0,0.0,3
IEEE69,tagconv,TP4,30,34944,1422.1504646091544,-1958.6752492056955,-17628.077242851257,46.341911456757465,0.0,6.772931787366349,0.8802273948159484,1.2438571453094482,0.9527190923690796,1.0,3.0692853927612305,0.0,0.0,0.0,1.0,1.0,6.336604978154306,8.55630371706836,77.00673345361557,0.18445833083876503,0.0,1.6755456533837663,0.0059870776141962125,0.04858108280025873,0.0032702089985599926,0.0,0.023950383567131334,0.0,0.0,0.0,0.0,0.0,3
IEEE69,tagconv,TP5,0,32064,1109.7419866672676,-1506.651268327126,-13559.861414944133,29.36401567789835,0.0,7.440154288733685,0.5125415397600995,1.0806578397750854,0.957801620165507,1.0057646036148071,2.6481831073760986,0.0,0.0,0.0,1.0,1.0,7.5592188947968,9.750418056922731,87.75376251230489,0.17226064812902914,0.0,1.6021074087196743,0.0009694818048465063,0.08694322257914683,0.004868109178976684,0.0016426104695785146,0.05358448657780543,0.0,0.0,0.0,0.0,0.0,3
IEEE69,tagconv,TP5,1,32160,888.7519536773772,-1210.4158935615862,-10893.743042054275,24.26188319502641,0.0475326968324577,7.631264939193,0.44059442873630256,1.0133105119069417,0.9590739210446676,1.0106405019760132,2.3891233603159585,0.0,0.0,0.0,1.0,1.0,26.24912183888638,35.25703934417269,317.3133540975548,0.7078387636705502,0.08232904593458497,1.2788254208687062,0.013481381891083744,0.018976029085008877,0.0011484164037614852,0.0020218382917514184,0.025349651481303796,0.0,0.0,0.0,0.0,0.0,3
IEEE69,tagconv,TP5,2,32256,1455.0577167643833,-1983.1808660560184,-17848.627794504166,39.26121091215767,0.0,7.39603303532002,0.7337956834170553,1.1026151180267334,0.9563008348147073,1.0,2.790196975072225,0.0,0.0,0.0,1.0,1.0,11.396319175047044,14.834481137305955,133.51033023575414,0.13769892879817652,0.0,2.286884847889587,0.004582637636499817,0.04158076719105407,0.0011542988437308701,0.0,0.13084343778718585,0.0,0.0,0.0,0.0,0.0,3
IEEE69,tagconv,TP5,3,32352,1668.7717530543312,-2262.0371699598104,-20358.33452963829,38.68755008858716,0.0,7.317268336807294,0.7420600992110041,1.1814980506896973,0.9535748561223348,1.0,2.8712997436523438,0.0,0.0,0.0,1.0,1.0,12.692436847270285,16.599076990757666,149.39169291681944,0.11748691084328472,0.0,1.81025241273235,0.004108057216503826,0.08151056735031895,0.0031159752602335504,0.0,0.0628578673868808,0.0,0.0,0.0,0.0,0.0,3
IEEE69,tagconv,TP5,4,32448,2060.903296169734,-2783.0659082200796,-25047.593173980713,45.36446552400715,0.0,6.914433400790355,0.8322686637855239,1.1902481317520142,0.9531676371892294,1.0,2.8684558073679605,0.0,0.0,0.0,1.0,1.0,18.837219819391123,24.334537240953015,219.01083516857727,0.10412295637284634,0.0,1.729809866513897,0.0033472241520003947,0.06818446840897278,0.002667735204968234,0.0,0.0684309506773048,0.0,0.0,0.0,0.0,0.0,3
IEEE69,tagconv,TP5,5,32544,2780.6799728744095,-3726.269970929181,-33536.42973836263,50.37035872764742,0.0,5.125859609307076,0.8923741742554637,1.1664572556813557,0.9539388418197632,1.0,2.894657929738363,0.0,0.0,0.0,1.0,1.0,7.00211532350932,9.216559237426761,82.9490331368366,0.05228047959979046,0.0,0.314989452157102,0.0017901255846528483,0.03056249336919171,0.001257915884230177,0.0,0.0795978437153709,0.0,0.0,0.0,0.0,0.0,3
IEEE69,tagconv,TP5,6,32640,2518.146319402819,-3385.8233504118743,-30472.410153706867,50.881072809045385,0.0,5.552329290107345,0.8991400233159462,1.156858205795288,0.9541519284248352,1.0,2.9674011866251626,0.0,0.0,0.0,1.0,1.0,3.5579700081660497,5.044393507634953,45.39954156871538,0.10214621720812611,0.0,0.7662124465251783,0.0035003340931800057,0.04279129079735407,0.001956250748575204,0.0,0.0896720063608699,0.0,0.0,0.0,0.0,0.0,3
IEEE69,tagconv,TP5,7,32736,1834.8925813752992,-2469.0833729991205,-22221.750356992085,39.03787451933628,0.0,7.1719449763898355,0.6706533140192429,1.0751213630040486,0.9571131467819215,1.0,2.5680065155029297,0.0,0.0,0.0,1.0,1.0,15.854771463661507,20.27100903169713,182.43908128527104,0.14233533101004983,0.0,2.1006593961526208,0.004510594636777705,0.04596336597477944,0.002890192030711404,0.0,0.0015785808271862232,0.0,0.0,0.0,0.0,0.0,3
IEEE69,tagconv,TP5,8,32832,1255.8356791268222,-1694.6379581430444,-15251.7416232874,27.480528360273336,0.0402421272100993,7.824541950427652,0.4969891796095503,1.0513194402058919,0.9569921692212423,1.0049765904744465,2.4133946895599365,0.0,0.0,0.0,1.0,1.0,37.41311275394966,49.496872813132946,445.47185531819747,0.6097326271708668,0.06970140893254198,1.6480721962412992,0.007394430901915787,0.021636266169118283,0.0011245032287375669,0.004566917811082341,0.008455886319053111,0.0,0.0,0.0,0.0,0.0,3
IEEE69,tagconv,TP5,9,32928,1976.388886546856,-2666.7080283341584,-24000.372255007427,40.810797881932864,0.0,7.299472600973605,0.7803220314284166,1.2012841701507568,0.9534624417622884,1.0,3.03912083307902,0.0,0.0,0.0,1.0,1.0,16.495357666747374,21.462420166860653,193.16178150174548,0.10093641054038467,0.0,1.7656667205259315,0.0035399926984843073,0.05681175923179753,0.0026483220733772455,0.0,0.07639475389049956,0.0,0.0,0.0,0.0,0.0,3
IEEE69,tagconv,TP5,10,33024,2278.454625002157,-3063.781838381732,-27574.03654543559,43.02582021480339,0.0,6.966112192538091,0.8154495029399792,1.214428424835205,0.9522139628728231,1.0,3.012561003367106,0.0,0.0,0.0,1.0,1.0,24.013160454450833,30.944289896615295,278.49860906953796,0.07800332568627302,0.0,1.8951021035998548,0.002584734794966527,0.03677042411719216,0.0014618857038742052,0.0,0.08591046083178594,0.0,0.0,0.0,0.0,0.0,3
IEEE69,tagconv,TP5,11,33120,2279.639154550329,-3068.2918471583616,-27614.62662442525,46.66105661179487,0.0,6.895285215721953,0.8392423832168182,1.183551549911499,0.9538535674413046,1.0,2.9198346932729087,0.0,0.0,0.0,1.0,1.0,15.432084149489848,19.705680953939776,177.3511285854603,0.11295219030463093,0.0,1.9218176550182042,0.0034540700689396457,0.031841410737647055,0.0015133942298501304,0.0,0.058261942337316075,0.0,0.0,0.0,0.0,0.0,3
IEEE69,tagconv,TP5,12,33216,1671.030007988393,-2260.356274428191,-20343.206469853718,37.66419360155123,0.0,7.37424278913635,0.7050723452121019,1.1236746708552043,0.9558060169219971,1.0,2.7605350017547607,0.0,0.0,0.0,1.0,1.0,7.628594104041249,10.207418555064828,91.86676699558302,0.10637541161759198,0.0,1.7214998320519619,0.003717755038849045,0.06730184642015145,0.0027891087363201466,0.0,0.12208569305189146,0.0,0.0,0.0,0.0,0.0,3
IEEE69,tagconv,TP5,13,33312,1884.758651897635,-2559.4038829097044,-23034.634946187336,48.448382830126626,0.0,6.616017755675183,0.8749403080178632,1.1648147106170654,0.9536141554514567,1.0,2.9735096295674643,0.0,0.0,0.0,1.0,1.0,7.044141321840042,9.405759275568734,84.65183348011738,0.15096865379004684,0.0,1.8295680576009787,0.005093581823984861,0.06060017763163801,0.003308371698854455,0.0,0.11877754862376279,0.0,0.0,0.0,0.0,0.0,3
IEEE69,tagconv,TP5,14,33408,1059.688528202556,-1443.881038159684,-12994.929343437156,28.924913940883318,0.0,7.379197187886039,0.5309781626694733,1.1119236946105957,0.9558236201604208,1.0047359863917034,2.650092840194702,0.0,0.0,0.0,1.0,1.0,17.783923253454773,23.0666999949535,207.6002999545792,0.3940225640605697,0.0,1.6120110663342488,0.0015587858645580294,0.07640362992526449,0.0042226109058306266,0.0018718176455723321,0.05375817684057932,0.0,0.0,0.0,0.0,0.0,3
IEEE69,tagconv,TP5,15,33504,1121.393916831966,-1523.7299781259564,-13713.569803133607,30.183417803479944,0.0,7.255233933594031,0.5279475649197897,1.0466221570968628,0.9570010105768839,1.004267732302348,2.403400500615438,0.0,0.0,0.0,1.0,1.0,9.340826096022473,12.261808350447689,110.35627515402967,0.14659397056855844,0.0,2.067159015071312,0.0038087990711530044,0.03953605313385729,0.00226021310426632,0.005066115975186941,0.0016394408418247833,0.0,0.0,0.0,0.0,0.0,3
IEEE69,tagconv,TP5,16,33600,1628.8883342158908,-2216.4405552899398,-19947.964997609455,43.20798405292711,0.0,6.875020900709404,0.7921401641021172,1.1489419142405193,0.9544766743977865,1.0,2.8755380312601724,0.0,0.0,0.0,1.0,1.0,14.479548821910448,18.693139523930615,168.23825571537415,0.12875290096989372,0.0,1.8863131257311578,0.004349153697755564,0.06802073901643779,0.002281991114861495,0.0,0.12865311811606822,0.0,0.0,0.0,0.0,0.0,3
IEEE69,tagconv,TP5,17,33696,1904.3664588241027,-2580.057938981939,-23220.521450837452,45.03807296299177,0.0,7.045401299016738,0.8361687734723091,1.2149052619934082,0.9526585141817728,1.0,2.988944927851359,0.0,0.0,0.0,1.0,1.0,19.979501780357406,25.832047156805483,232.48842441124765,0.12235720200720682,0.0,2.0432927429869805,0.003996002441420171,0.07082114175604562,0.0023479050532672244,0.0,0.06839602230531988,0.0,0.0,0.0,0.0,0.0,3
IEEE69,tagconv,TP5,18,33792,1970.1729576952384,-2671.3176359953704,-24041.858723958332,49.521998326535446,0.0,6.530692755721663,0.8819332151777215,1.199452797571818,0.9534348646799723,1.0,2.967233896255493,0.0,0.0,0.0,1.0,1.0,13.234767437076082,17.24985781181441,155.24872030633117,0.16221738794609178,0.0,1.6704063750884142,0.005497285483450433,0.04680842103967169,0.0022122861250261534,0.0,0.09355558652781631,0.0,0.0,0.0,0.0,0.0,3
IEEE69,tagconv,TP5,19,33888,1300.5332129997466,-1783.8419888549379,-16054.577899694443,39.11247559705407,0.0,7.228069355175923,0.7461542284323109,1.173070987065633,0.9544981320699056,1.0,2.9110940297444663,0.0,0.0,0.0,1.0,1.0,9.136203444735015,12.200925905742704,109.80833315168687,0.15404883626422067,0.0,1.6971911517285359,0.005413591114316513,0.07084554067397054,0.0038420350956973976,0.0,0.07124177218409512,0.0,0.0,0.0,0.0,0.0,3
IEEE69,tagconv,TP5,20,33984,1271.0581851609752,-1749.0092901830321,-15741.083611647287,40.967171254372566,0.0,7.202173735149998,0.7740792774905761,1.1893562475840251,0.953789234161377,1.0,2.9742867946624756,0.0,0.0,0.0,1.0,1.0,6.4783487035291225,9.041458969540718,81.3731307258659,0.16772851372877626,0.0,1.7321981263797535,0.005846686351685063,0.07948786700582967,0.004078221827483898,0.0,0.053568251422051,0.0,0.0,0.0,0.0,0.0,3
IEEE69,tagconv,TP5,21,34080,921.2902426527884,-1266.6603695948918,-11399.943326354027,31.12542500903328,0.0,7.44721426765534,0.5524613863478104,1.093766212463379,0.9566965699195862,1.0033208926518757,2.6811285813649497,0.0,0.0,0.0,1.0,1.0,7.200717922984882,9.50016679164126,85.5015011247727,0.10191169597968519,0.0,1.7061500404966934,0.004942491261751552,0.05205780610250114,0.0046321372791644725,0.0019893142135041127,0.027861538767873242,0.0,0.0,0.0,0.0,0.0,3
IEEE69,tagconv,TP5,22,34176,713.9787426446319,-984.2513883235277,-8858.26249491175,24.344483830382767,0.08111267406202076,7.911728061152218,0.44860454214115936,0.9868846337000527,0.9602626959482828,1.0100629329681396,2.3540170987447104,0.0,0.0,0.0,1.0,1.0,27.393771256697203,36.514489680227065,328.630407122043,0.7244862457738641,0.10804233111367545,1.4188577106684634,0.007479909486081374,0.06365797830085612,0.00443225756000817,0.0018546872393224302,0.062220416555484576,0.0,0.0,0.0,0.0,0.0,3
IEEE69,tagconv,TP5,23,34272,1651.6034428498442,-2255.709703162864,-20301.38732846578,47.878886109303494,0.0,6.9953627012020085,0.8701668851491476,1.1783854564030964,0.9541444381078085,1.0,2.9647196928660073,0.0,0.0,0.0,1.0,1.0,9.140549645153802,11.972581665491393,107.75323498941981,0.16905209369063023,0.0,1.8603696283092153,0.0056002911591142065,0.06864842591865938,0.004580551708192568,0.0,0.05887095656920254,0.0,0.0,0.0,0.0,0.0,3
IEEE69,tagconv,TP5,24,34368,1771.2241161313975,-2414.638548639086,-21731.746937751774,50.561730338983885,0.0,6.613770134735869,0.8975909964905845,1.2414696613947551,0.9517521262168884,1.0,3.128931919733683,0.0,0.0,0.0,1.0,1.0,5.626562108196035,7.34244256169303,66.08198305524034,0.18020009700746908,0.0,2.0920713738162533,0.005884185232578806,0.08152908680858163,0.0023690389402327454,0.0,0.11019970885389212,0.0,0.0,0.0,0.0,0.0,3
IEEE69,tagconv,TP5,25,34464,1977.1753595454757,-2680.9383598610216,-24128.445238749187,50.6873995662639,0.0,5.944047302802384,0.8861310072243214,1.1640764077504475,0.9540266791979471,1.0,2.9917641480763755,0.0,0.0,0.0,1.0,1.0,12.945870094037685,17.836900367500114,160.5321033075027,0.25613049774724805,0.0,1.366221354402092,0.00821538439597606,0.05437202844115905,0.0031040011978513762,0.0,0.10553576859824518,0.0,0.0,0.0,0.0,0.0,3
IEEE69,tagconv,TP5,26,34560,1527.1265987488177,-2077.352654024407,-18696.17388621966,39.28008300207148,0.0,7.254845079317369,0.7376685101124977,1.1671180327733357,0.9543927311897278,1.0,2.8905853430430093,0.0,0.0,0.0,1.0,1.0,13.098998900201655,17.126482389507235,154.13834150556212,0.12994165177979403,0.0,1.6689721336349992,0.0045876579292903315,0.06831234328710045,0.0026427808480357653,0.0,0.09841171960951856,0.0,0.0,0.0,0.0,0.0,3
IEEE69,tagconv,TP5,27,34656,1186.8792880028875,-1636.5096415502055,-14728.586773951849,39.17377862586667,0.0,7.235780414584565,0.7495075542893676,1.1833718220392864,0.9541149536768595,1.0,2.9164418379465737,0.0,0.0,0.0,1.0,1.0,6.427491043438637,8.950234979150949,80.55211481235897,0.16406653624913098,0.0,1.7631441486237596,0.005719398960395255,0.0693596666198907,0.004079071870769739,0.0,0.03991974037193845,0.0,0.0,0.0,0.0,0.0,3
IEEE69,tagconv,TP5,28,34752,938.8586501834985,-1302.682726542155,-11724.144538879395,38.11519515468657,0.0,6.7188861692711015,0.6582381402452787,1.0517647465070088,0.9579024513562521,1.0,2.540438493092855,0.0,0.0,0.0,1.0,1.0,8.017534028553312,11.867794549389819,106.81015094450866,0.3906143661803563,0.0,2.172067979024016,0.012992098236526407,0.054357994122891856,0.005130478678042864,0.0,0.057299368687640774,0.0,0.0,0.0,0.0,0.0,3
IEEE69,tagconv,TP5,29,34848,953.9800802185387,-1315.545055654314,-11839.905500888824,35.76879181531937,0.0,6.487247076870619,0.6037937626242638,0.9910102089246114,0.9593093395233154,1.0,2.3165015379587808,0.0,0.0,0.0,1.0,1.0,4.075355208048629,6.656610119645483,59.909491076809076,0.34411153850705645,0.0,2.026439609084055,0.011457392128271274,0.07812086271192774,0.0052785971340680166,0.0,0.030494900669206407,0.0,0.0,0.0,0.0,0.0,3
IEEE69,tagconv,TP5,30,34944,1420.3614034380678,-1954.1918109787837,-17587.72629880905,46.28489445797155,0.0,6.7129320950319125,0.862941128719184,1.222513477007548,0.9529407421747843,1.0,3.0669594605763755,0.0,0.0,0.0,1.0,1.0,7.877653288831,10.572405113142386,95.151646018281,0.16420087921025311,0.0,1.6952364523164938,0.005567384778596116,0.04718497127505389,0.003234011007906841,0.0,0.023577058028265162,0.0,0.0,0.0,0.0,0.0,3
IEEE69,tagconv,TP6,0,32064,1105.7471936985291,-1499.6147096134998,-13496.532386521498,29.270756392671803,0.0,7.44190560396886,0.49779581920140314,1.00198229153951,0.9621410965919495,1.0038892030715942,2.61663826306661,0.0,0.0,0.0,1.0,1.0,6.634341131634755,8.866020426686543,79.79418384017927,0.14025139264168776,0.0,1.2841865529605527,0.003905198717155985,0.039526115455937934,0.002412612478928264,0.0004942343393181299,0.0021212508347504344,0.0,0.0,0.0,0.0,0.0,3
IEEE69,tagconv,TP6,1,32160,888.0503659963912,-1207.1643299744637,-10864.478969770173,24.251916749159136,0.0,7.412552474737396,0.42217339037193186,0.9555775125821432,0.962835431098938,1.0072450637817383,2.386528253555298,0.0,0.0,0.0,1.0,1.0,25.19631267515531,33.326420536897494,299.93778483207757,0.6860647166537663,0.0,1.3000193650004381,0.005091639078182424,0.015008726221875397,0.0009361146340474555,0.0005139887786000844,0.026315214339649912,0.0,0.0,0.0,0.0,0.0,3
IEEE69,tagconv,TP6,2,32256,1454.6115390887207,-1979.6197981039684,-17816.578182935715,39.241948316514026,0.0,7.336575689973206,0.7099460152288278,1.0384429295857747,0.9603672424952189,1.0,2.7887073357899985,0.0,0.0,0.0,1.0,1.0,12.37273197260877,16.128556715972994,145.1570104437549,0.1189066455600377,0.0,2.091569396327994,0.00368917029584629,0.03296563409271344,0.0007878521887274823,0.0,0.13144062486413105,0.0,0.0,0.0,0.0,0.0,3
IEEE69,tagconv,TP6,3,32352,1667.493521201305,-2257.311376536334,-20315.802388827007,38.67403031117161,0.0,7.313052533976239,0.7175325805114374,1.1273447672526042,0.9570769866307577,1.0,2.8780399163564048,0.0,0.0,0.0,1.0,1.0,13.386261237926359,17.574998819218347,158.17498937296665,0.10356883656829918,0.0,1.4951111420031564,0.003348589382053137,0.09256964137542607,0.003979441886341624,0.0,0.07519550241107327,0.0,0.0,0.0,0.0,0.0,3
IEEE69,tagconv,TP6,4,32448,2060.722604341436,-2778.9542917675444,-25010.588625907898,45.34173309809739,0.0,6.814845956069017,0.8012172554930052,1.1206916570663452,0.9573844869931539,1.0,2.867774724960327,0.0,0.0,0.0,1.0,1.0,18.011230034137387,23.33488921207197,210.0140029086491,0.09075550230758678,0.0,1.5189179625554599,0.002686268476834634,0.056405788035793054,0.002503812563046461,0.0,0.0687855810353272,0.0,0.0,0.0,0.0,0.0,3
IEEE69,tagconv,TP6,5,32544,2779.7713806782217,-3720.8561931186255,-33487.70573806763,50.352663048292015,0.0,5.097047607689922,0.8584520195921262,1.1028420130411785,0.9580232699712118,1.0,2.8961769739786782,0.0,0.0,0.0,1.0,1.0,6.9722946216429635,9.156015840782338,82.40414256704031,0.04928874496016302,0.0,0.30130161844973213,0.0015123207999280378,0.031001377246387993,0.0012728613875007053,0.0,0.08245876997014848,0.0,0.0,0.0,0.0,0.0,3
IEEE69,tagconv,TP6,6,32640,2517.171946759616,-3380.2583359612363,-30422.325023651123,50.86184264762475,0.0,5.509879943939114,0.8647028495454125,1.0953423579533894,0.9582808017730713,1.0,2.9530465602874756,0.0,0.0,0.0,1.0,1.0,3.183509525512654,4.491071799056768,40.41964619151201,0.09682967842644294,0.0,0.707249043889227,0.002991715022802449,0.03756803907644729,0.0015480984199019942,0.0,0.06901308366704594,0.0,0.0,0.0,0.0,0.0,3
IEEE69,tagconv,TP6,7,32736,1834.3289132329044,-2465.2665623558896,-22187.399061203003,39.02496801944957,0.0,7.1605082189939395,0.645951221179631,1.016413728396098,0.9608468015988668,1.0,2.5674378077189126,0.0,0.0,0.0,1.0,1.0,15.999236592178589,20.51583840463046,184.64254564167194,0.1351943557860939,0.0,2.064861246399625,0.0038756433983829666,0.04171367975055737,0.0027220946118658687,0.0,0.004384825971615262,0.0,0.0,0.0,0.0,0.0,3
IEEE69,tagconv,TP6,8,32832,1256.4035876917167,-1693.2029903845653,-15238.82691346109,27.501242064342176,0.008946797962258566,7.708497896515603,0.47971734363171786,0.9879668553670248,0.9610511859258016,1.0039547284444172,2.409940163294474,0.0,0.0,0.0,1.0,1.0,35.904600761938276,47.161927966697185,424.4573517002738,0.5830311211923349,0.015496308635685536,1.6146081211562788,0.003926121481893773,0.016894239499990384,0.0009034830773165976,0.0035827548861235947,0.006842743582153825,0.0,0.0,0.0,0.0,0.0,3
IEEE69,tagconv,TP6,9,32928,1975.0938707969472,-2661.699631955889,-23955.296687602997,40.802966183443154,0.0,7.331305779129049,0.7536779451701378,1.1662121613820393,0.9558648665746053,1.0,3.038458983103434,0.0,0.0,0.0,1.0,1.0,17.009901441548585,22.20220625925604,199.81985633330098,0.0919343923543028,0.0,1.4699317221014208,0.0029761286224905667,0.10142120494542689,0.004379217403175051,0.0,0.07775780750712856,0.0,0.0,0.0,0.0,0.0,3
IEEE69,tagconv,TP6,10,33024,2278.233117000324,-3059.7643603395536,-27537.87924305598,43.013806961568356,0.0,6.991673096417121,0.7855691187497643,1.1533656120300293,0.956218421459198,1.0,3.0112806955973306,0.0,0.0,0.0,1.0,1.0,24.352520459967337,31.41028302814954,282.69254725334724,0.0762982911204369,0.0,1.8774137433986104,0.002294362844454337,0.04393965944104866,0.0019496466406406466,0.0,0.08812123341925791,0.0,0.0,0.0,0.0,0.0,3
IEEE69,tagconv,TP6,11,33120,2278.6471698014466,-3063.214164804529,-27568.927483240765,46.64876837814396,0.0,6.9121456795236496,0.8088920921501187,1.1404574314753215,0.9570909738540649,1.0,2.918437878290812,0.0,0.0,0.0,1.0,1.0,15.828082956662625,20.258188934686764,182.3237004121807,0.11151366433040687,0.0,1.945114725560157,0.0030707493612213057,0.04814740670950376,0.0024665322247426013,0.0,0.0573110325314843,0.0,0.0,0.0,0.0,0.0,3
IEEE69,tagconv,TP6,12,33216,1670.5536615896672,-2257.1121718442,-20314.009546597797,37.65671212552903,0.0,7.365099146691835,0.6840430067645179,1.0769739151000977,0.9588146805763245,1.0,2.76015837987264,0.0,0.0,0.0,1.0,1.0,7.858982958663848,10.458627280932387,94.12764552839003,0.08820508566736865,0.0,1.2761560259332159,0.002885359791624955,0.08641403764166343,0.004210985284814686,0.0,0.1230422186134671,0.0,0.0,0.0,0.0,0.0,3
IEEE69,tagconv,TP6,13,33312,1883.814000053874,-2554.0061082839966,-22986.05497455597,48.43093715298104,0.0,6.62950986539806,0.8415465946826671,1.1096000671386717,0.9571810364723206,1.0,2.9695815245310464,0.0,0.0,0.0,1.0,1.0,6.60248348675169,8.798316177035248,79.1848455933178,0.14765263818192945,0.0,1.8272314365748548,0.0044750687161857405,0.06488609688508792,0.004006625601078946,0.0,0.11637122850849678,0.0,0.0,0.0,0.0,0.0,3
IEEE69,tagconv,TP6,14,33408,1056.4924486285563,-1437.4220651851758,-12936.798586666582,28.84557777715842,0.0,7.33709572982891,0.5125666103429265,1.0465776920318604,0.9601779381434122,1.0024536848068237,2.645913283030192,0.0,0.0,0.0,1.0,1.0,16.190367306858462,21.151618504102114,190.3645665369198,0.35885594201955423,0.0,1.3598647387152785,0.0042604600499011975,0.062087720145809225,0.0032530457123388402,0.0005264634227731193,0.05049238178284773,0.0,0.0,0.0,0.0,0.0,3
IEEE69,tagconv,TP6,15,33504,1121.225349628021,-1521.5067379436007,-13693.560641492406,30.17904221504371,0.0,7.238655212837837,0.5119324947396914,0.9827878872553507,0.9610472321510315,1.0034480492273967,2.398698647816976,0.0,0.0,0.0,1.0,1.0,10.58513319706853,14.005426806838575,126.04884126154768,0.16093253824730902,0.0,2.024206456334379,0.003961332991230477,0.03192177556277363,0.0019244163671625599,0.00455613103880289,0.005450295078970913,0.0,0.0,0.0,0.0,0.0,3
IEEE69,tagconv,TP6,16,33600,1628.3886056713154,-2212.410289870368,-19911.692608833313,43.192133066933216,0.0,6.866724911497358,0.7650852110236883,1.0863928000132244,0.95785919825236,1.0,2.873655080795288,0.0,0.0,0.0,1.0,1.0,14.711493435669741,19.048948428891897,171.44053586002488,0.1257767608389052,0.0,1.9145315901201068,0.0038543841195864672,0.062173932311312616,0.0031640138458293734,0.0,0.1291929933127575,0.0,0.0,0.0,0.0,0.0,3
IEEE69,tagconv,TP6,17,33696,1903.65184472626,-2575.388292365604,-23178.494631290436,45.02447169425189,0.0,7.109430715934626,0.8062255550175905,1.1685516436894736,0.9556193749109904,1.0,2.992645025253296,0.0,0.0,0.0,1.0,1.0,20.007204473836357,25.909474929906914,233.18527436916247,0.11762655756654823,0.0,2.0822200468292085,0.0034853268895983116,0.09658960171071115,0.004222359373658363,0.0,0.08037126007887681,0.0,0.0,0.0,0.0,0.0,3
IEEE69,tagconv,TP6,18,33792,1969.3186854178186,-2666.1164056989887,-23995.047651290894,49.496136681127005,0.0,6.50661989720966,0.8491935663753085,1.1516485214233398,0.9566071033477783,1.0,2.960750102996826,0.0,0.0,0.0,1.0,1.0,13.811942897871203,18.05526745479796,162.49740709318507,0.1556095101723923,0.0,1.6460052108241334,0.004783326955937589,0.06567051077580134,0.003796898638000596,0.0,0.08868189013359937,0.0,0.0,0.0,0.0,0.0,3
IEEE69,tagconv,TP6,19,33888,1299.359802301692,-1779.3365970805837,-16014.029373725256,39.09334683226734,0.0,7.230855855434594,0.7223037731730275,1.11850110689799,0.9577064514160156,1.0,2.9085086981455484,0.0,0.0,0.0,1.0,1.0,9.761121029517478,13.054718681423942,117.492468132815,0.14414096412441735,0.0,1.4155618628183475,0.004643299206010025,0.07809278262515774,0.004720439830995474,0.0,0.0700049066379044,0.0,0.0,0.0,0.0,0.0,3
IEEE69,tagconv,TP6,20,33984,1270.2474807464075,-1744.79355596613,-15703.14200369517,40.946672055293675,0.0,7.171058855344843,0.7487587607983085,1.1414827108383179,0.9570193290710449,1.0,2.977382262547811,0.0,0.0,0.0,1.0,1.0,6.785139368344761,9.370142061169322,84.3312785505229,0.15639741753525555,0.0,1.4360719651981693,0.0049943036731862215,0.09174337976985338,0.0049400924600701375,0.0,0.061309950125365,0.0,0.0,0.0,0.0,0.0,3
IEEE69,tagconv,TP6,21,34080,919.3540729430234,-1262.1597761180665,-11359.4379850626,31.07462210339084,0.0,7.484420656678362,0.5366094172414807,1.03126056989034,0.9607354601224264,1.0018690427144368,2.675458033879598,0.0,0.0,0.0,1.0,1.0,7.87864661095195,10.653012371103207,95.87711133993177,0.14278683381265903,0.0,1.344286932060715,0.00496447371908006,0.03731836741592846,0.003940415833953021,0.0016279701275349933,0.02885659560206883,0.0,0.0,0.0,0.0,0.0,3
IEEE69,tagconv,TP6,22,34176,713.6263196717133,-981.884282015264,-8836.958538137376,24.331970780597356,0.0394964179342319,7.899099104122275,0.43354927148256034,0.93004842599233,0.9639609058698019,1.0076265335083008,2.3517473538716636,0.0,0.0,0.0,1.0,1.0,25.900662300252804,34.57478440887698,311.17305967989313,0.6810982331438004,0.039308584464886887,1.2373928030117678,0.0075383042268933826,0.052434840340657235,0.0038470078537918796,0.0016402503070960118,0.062215958215994946,0.0,0.0,0.0,0.0,0.0,3
IEEE69,tagconv,TP6,23,34272,1650.6739184238493,-2250.364762941996,-20253.282866477966,47.85236042439525,0.0,7.007977337974158,0.8370559182431961,1.1233511765797932,0.9578941464424133,1.0,2.9504288832346597,0.0,0.0,0.0,1.0,1.0,9.73535181368861,12.785427403333408,115.06884663000007,0.15803127160249544,0.0,1.8256689485347235,0.004784980814894659,0.07474136997409289,0.0046835324104020064,0.0,0.041284138576398774,0.0,0.0,0.0,0.0,0.0,3
IEEE69,tagconv,TP6,24,34368,1770.431914095806,-2409.616088443332,-21686.54479598999,50.53934855071444,0.0,6.658140477476091,0.8656319893068737,1.2041655381520588,0.9553544322649637,1.0,3.1296675205230713,0.0,0.0,0.0,1.0,1.0,6.375052893574871,8.360763798367845,75.24687418531337,0.17161450200524317,0.0,2.0785886410892798,0.005106913924462657,0.08834280531870096,0.0030825410956078097,0.0,0.1070551863407407,0.0,0.0,0.0,0.0,0.0,3
IEEE69,tagconv,TP6,25,34464,1975.7571158929386,-2675.0983862700286,-24075.885476430256,50.656386880981394,0.0,5.973606352840399,0.854142295403613,1.1078415711720784,0.9577722748120626,1.0,2.9736386140187583,0.0,0.0,0.0,1.0,1.0,12.056493012890861,16.544997105498112,148.90497394948406,0.24626079037458906,0.0,1.453165058436632,0.007070599021881074,0.05982736146212097,0.00346199469122708,0.0,0.09614179234168906,0.0,0.0,0.0,0.0,0.0,3
IEEE69,tagconv,TP6,26,34560,1525.475824739259,-2072.3989046767906,-18651.590142091114,39.26527789507054,0.0,7.252183906792805,0.7152001481089326,1.1019086440404255,0.9579419294993082,1.0,2.889882246653239,0.0,0.0,0.0,1.0,1.0,13.336833326111417,17.5255613430303,157.73005208727224,0.116543705785032,0.0,1.3895502058281735,0.0037951745469924658,0.05860771055179013,0.0033171582720813437,0.0,0.0995306760935593,0.0,0.0,0.0,0.0,0.0,3
IEEE69,tagconv,TP6,27,34656,1186.0904858416554,-1632.4058847074157,-14691.65296236674,39.1568941265723,0.0,7.297705203787942,0.72485210125645,1.1256176630655925,0.9577159484227499,1.0,2.917211135228475,0.0,0.0,0.0,1.0,1.0,6.81796885512449,9.378796291727715,84.40916662554778,0.1462432075262865,0.0,1.3657805664168048,0.0047067998929654605,0.07070434434357468,0.00438112777777873,0.0,0.04321786994651141,0.0,0.0,0.0,0.0,0.0,3
IEEE69,tagconv,TP6,28,34752,938.6105940335015,-1299.290862136417,-11693.617759227753,38.09721145008431,0.0,6.747014092186564,0.6336494812534915,0.9905629356702169,0.9618815183639526,1.0,2.5380829175313315,0.0,0.0,0.0,1.0,1.0,9.018570149562727,13.048112559914685,117.43301303923211,0.4018257756800179,0.0,2.2149670253506546,0.011895014492732026,0.03982928072203495,0.004375147674638093,0.0,0.057668656902429234,0.0,0.0,0.0,0.0,0.0,3
IEEE69,tagconv,TP6,29,34848,953.8785219025941,-1312.7567958831787,-11814.811162948608,35.75310944149169,0.0,6.502734802119107,0.5825246752550205,0.9306451678276062,0.9631747206052145,1.0,2.3140776952107744,0.0,0.0,0.0,1.0,1.0,4.96696497029961,7.679771911845156,69.11794720660679,0.3545886472389956,0.0,2.0240533468515367,0.010497921175387519,0.06504404542364225,0.004580641918299451,0.0,0.02884471760264975,0.0,0.0,0.0,0.0,0.0,3
IEEE69,tagconv,TP6,30,34944,1419.58598004571,-1949.1484206870748,-17542.335786183674,46.2617873356024,0.0,6.779864650478558,0.8306188591652446,1.1867438554763794,0.9561490615208944,1.0,3.0829694271087646,0.0,0.0,0.0,1.0,1.0,8.19203671441793,10.974153928245823,98.76738535421205,0.15679893571488526,0.0,1.6113408441256962,0.004869726059351935,0.07470875979675347,0.0040500649425752365,0.0,0.04332230500694194,0.0,0.0,0.0,0.0,0.0,3
IEEE69,tagconv,TP7,0,32064,1109.8985325142787,-1507.71557363647,-13569.44016272823,29.36990848606547,0.0,7.456970439405281,0.5194135064052211,1.0857361157735188,0.9579005837440491,1.00576118628184,2.6486037572224936,0.0,0.0,0.0,1.0,1.0,7.71395061425254,9.817916990014629,88.36125291013164,0.1692556462738036,0.0,1.6253400650991077,0.0014312438247010284,0.08586525651177337,0.00484964487800224,0.0017588656864578522,0.053275127936379243,0.0,0.0,0.0,0.0,0.0,3
IEEE69,tagconv,TP7,1,32160,888.2936021571492,-1210.4432526103876,-10893.98927349349,24.247742186109466,0.03728357384170283,7.676675948435051,0.44567943095333046,1.017655611038208,0.9591538707415262,1.010581334431966,2.3895917733510337,0.0,0.0,0.0,1.0,1.0,27.29297189311196,36.45145802993774,328.06312226944095,0.7351786047260835,0.06457704418157525,1.2928254963797874,0.012326223096074184,0.018653235160421163,0.0011509431531896567,0.0017138492669579394,0.02533574821891932,0.0,0.0,0.0,0.0,0.0,3
IEEE69,tagconv,TP7,2,32256,1455.4322854717109,-1984.5194527573058,-17860.67507481575,39.276411440071264,0.0,7.427405092388739,0.740622180617518,1.1072509288787842,0.956396480401357,1.0,2.7910446325937905,0.0,0.0,0.0,1.0,1.0,11.869529511521884,15.439865292675442,138.9587876340768,0.1374771443067423,0.0,2.3332144622818753,0.004557229650062763,0.04129363221548515,0.001137522515000688,0.0,0.13112296247051095,0.0,0.0,0.0,0.0,0.0,3
IEEE69,tagconv,TP7,3,32352,1669.269629589616,-2263.5115135157553,-20371.603621641796,38.70242340596693,0.0,7.334345508818186,0.7487008654408984,1.1860260168711345,0.95369553565979,1.0,2.8719356060028076,0.0,0.0,0.0,1.0,1.0,13.154491517910792,17.188495743765937,154.6964616938935,0.11710255612832567,0.0,1.847013637297021,0.004075083048909861,0.0808360581890701,0.0030855078631125137,0.0,0.06306909807681048,0.0,0.0,0.0,0.0,0.0,3
IEEE69,tagconv,TP7,4,32448,2061.6184609321876,-2784.7628273787323,-25062.86544640859,45.37842870674891,0.0,6.900581511920927,0.8384222665594684,1.1946266889572144,0.9532944957415262,1.0,2.869156837463379,0.0,0.0,0.0,1.0,1.0,18.986926661350918,24.534222097031403,220.80799887328251,0.10017885442611464,0.0,1.6876199596852928,0.0032258323944134824,0.06757578948365767,0.0026449973447925943,0.0,0.06867790747290381,0.0,0.0,0.0,0.0,0.0,3
IEEE69,tagconv,TP7,5,32544,2781.4806848837834,-3728.090740486428,-33552.816664377846,50.3853121455389,0.0,5.114564400778449,0.8986232237269481,1.1710387070973713,0.9540496269861857,1.0,2.8954699834187827,0.0,0.0,0.0,1.0,1.0,7.012826532357158,9.22685177254949,83.04166595294144,0.05140476504852614,0.0,0.3053804743407074,0.0017521700926716379,0.030595568871235112,0.0012569936673591327,0.0,0.07965443899182992,0.0,0.0,0.0,0.0,0.0,3
IEEE69,tagconv,TP7,6,32640,2518.9192175502935,-3387.5948114748353,-30488.353303273518,50.896537953311054,0.0,5.548568489798151,0.9052836955007578,1.161186933517456,0.9542726476987203,1.0,2.9681576093037925,0.0,0.0,0.0,1.0,1.0,3.570769417533191,5.057881111697059,45.520930005273684,0.10172340823293129,0.0,0.760218155150481,0.0034623467909577067,0.042299270301313995,0.0019421880745789572,0.0,0.08945228787122446,0.0,0.0,0.0,0.0,0.0,3
IEEE69,tagconv,TP7,7,32736,1835.3642311954218,-2470.1984598371714,-22231.786138534546,39.04546981404261,0.0,7.161330957132491,0.6746820852988297,1.0787004629770915,0.9572492837905884,1.0,2.568388303120931,0.0,0.0,0.0,1.0,1.0,15.960853448779368,20.418008874536962,183.76207987083527,0.13954908643632244,0.0,2.0793813520353446,0.004418331449346928,0.04476005700722918,0.0028647032011495164,0.0,0.0014191902987167311,0.0,0.0,0.0,0.0,0.0,3
IEEE69,tagconv,TP7,8,32832,1256.3715988009624,-1695.876529143916,-15262.888762295246,27.498746738788515,0.034053771163295,7.871416050482384,0.5013452029476563,1.054068922996521,0.9571319818496704,1.0051064888636272,2.413745880126953,0.0,0.0,0.0,1.0,1.0,38.417334809972544,50.80752999219289,457.2677699297354,0.6191562546261076,0.05898286184415085,1.7310276160586573,0.0074141972111813935,0.021270115613448905,0.0011226788306685268,0.004672236170133575,0.008475114528632715,0.0,0.0,0.0,0.0,0.0,3
IEEE69,tagconv,TP7,9,32928,1977.3663966025258,-2668.791624722657,-24019.124622503918,40.82953496091492,0.0,7.319867816977715,0.7868300293468766,1.20908256371816,0.9534192085266113,1.0,3.0399417877197266,0.0,0.0,0.0,1.0,1.0,16.865695085624516,21.91654229601606,197.24888066414647,0.10390927567777251,0.0,1.8259194162998722,0.003595192022114296,0.06006570886706069,0.002801889395798196,0.0,0.07657793964604405,0.0,0.0,0.0,0.0,0.0,3
IEEE69,tagconv,TP7,10,33024,2279.2429983163497,-3065.603287008073,-27590.429583072662,43.04279877281564,0.0,6.973343245767002,0.8218348328438071,1.218745509783427,0.9523577888806661,1.0,3.0132857163747153,0.0,0.0,0.0,1.0,1.0,23.922405456139554,30.826828500080342,277.4414565007249,0.07796542820315887,0.0,1.8886182026671048,0.0025786683898092657,0.03606067366147312,0.0014323372940268234,0.0,0.08597582495544188,0.0,0.0,0.0,0.0,0.0,3
IEEE69,tagconv,TP7,11,33120,2280.474542431122,-3070.1907386779785,-27631.716648101807,46.67565667118591,0.0,6.870890669192967,0.845756365193261,1.188488205273946,0.9539656043052673,1.0,2.9207005500793457,0.0,0.0,0.0,1.0,1.0,15.42049673882218,19.69667955661047,177.27011600949675,0.11143887606793874,0.0,1.8832797246710893,0.0034024850273120647,0.03194787336619999,0.0014864581640786003,0.0,0.05825035361313507,0.0,0.0,0.0,0.0,0.0,3
IEEE69,tagconv,TP7,12,33216,1672.153996064417,-2262.7172110257325,-20364.454899231594,37.68274357106687,0.0,7.40676919109714,0.7122765377991729,1.1285990873972576,0.9558960199356079,1.0002577702204387,2.7614359060923257,0.0,0.0,0.0,1.0,1.0,7.335837356608888,9.78592302941099,88.07330726470201,0.10765140881132594,0.0,1.781830899656907,0.0037451046618939402,0.06694043525096448,0.002782319566469973,0.0004464711184779688,0.12259259613611881,0.0,0.0,0.0,0.0,0.0,3
IEEE69,tagconv,TP7,13,33312,1885.3836571753654,-2560.965435522574,-23048.688919703167,48.4623043364536,0.0,6.617379809530004,0.8809555092205604,1.1739965677261353,0.9537320335706075,1.0,2.974590619405111,0.0,0.0,0.0,1.0,1.0,7.136665183922698,9.527689129298107,85.74920216368248,0.1497187840301165,0.0,1.8400936326022208,0.005029706633451438,0.06527158263678752,0.0032920094366534086,0.0,0.1191166464185714,0.0,0.0,0.0,0.0,0.0,3
IEEE69,tagconv,TP7,14,33408,1060.3053569969863,-1445.361856073417,-13008.256704660753,28.937818881858522,0.0,7.403532686247371,0.5363815375086335,1.115702748298645,0.9559636314709982,1.0044503609339397,2.650413672129313,0.0,0.0,0.0,1.0,1.0,18.627297785135,24.07821024003644,216.70389216032873,0.4005127952782279,0.0,1.6557728502373903,0.0015723790806951704,0.07510615357796155,0.004181177763176749,0.001643567377148367,0.05341840155513665,0.0,0.0,0.0,0.0,0.0,3
IEEE69,tagconv,TP7,15,33504,1121.918467635963,-1525.025674574353,-13725.231071169177,30.198247708741594,0.0,7.258814542787271,0.5328692742105988,1.0499162673950195,0.9571114579836527,1.0042791366577148,2.4037951628367105,0.0,0.0,0.0,1.0,1.0,10.04564977180586,13.239128084963346,119.15215276467082,0.1576051575026967,0.0,2.062409464660318,0.00407413399300348,0.03906207469085914,0.0022560079268724303,0.0050383352729242315,0.0016317965563249373,0.0,0.0,0.0,0.0,0.0,3
IEEE69,tagconv,TP7,16,33600,1629.4635303215646,-2218.022667249044,-19962.204005241394,43.221442838010866,0.0,6.878383424518489,0.7988315953148737,1.1533055305480957,0.954589049021403,1.0,2.876347462336222,0.0,0.0,0.0,1.0,1.0,14.720611362424371,19.025506955330798,171.22956259797976,0.12664101401203706,0.0,1.8791746090114871,0.004279971149184902,0.06768462195141021,0.0022677759586393446,0.0,0.12888715190854627,0.0,0.0,0.0,0.0,0.0,3
IEEE69,tagconv,TP7,17,33696,1905.101675287655,-2581.863060439074,-23236.76754395167,45.05484735737567,0.0,7.066603771565887,0.8429871511956056,1.2219854593276978,0.9525925715764364,1.0,2.9889286359151206,0.0,0.0,0.0,1.0,1.0,19.917477861886116,25.768571802885358,231.9171462259681,0.12091322491157347,0.0,2.0387238461671857,0.003951375553411941,0.0736344394091892,0.002589836474716684,0.0,0.06913304509371018,0.0,0.0,0.0,0.0,0.0,3
IEEE69,tagconv,TP7,18,33792,1970.5576497438387,-2672.6662852675827,-24053.996567408245,49.536418446754396,0.0,6.531463014600161,0.8887352417740556,1.2051719427108765,0.9535342653592428,1.0,2.9695807298024497,0.0,0.0,0.0,1.0,1.0,13.155533286068042,17.14263968124805,154.28375713123114,0.16102980199505024,0.0,1.670481280495419,0.005435758415337018,0.046490709023938266,0.0022008737642187875,0.0,0.09498405756766504,0.0,0.0,0.0,0.0,0.0,3
IEEE69,tagconv,TP7,19,33888,1301.0016051649366,-1785.3316781785754,-16067.985103607178,39.127686362102395,0.0,7.244324418679351,0.7532130808879932,1.1780695517857869,0.9546043078104655,1.0,2.912013530731201,0.0,0.0,0.0,1.0,1.0,9.461448967594173,12.594984332120287,113.35485898907956,0.1537941530008173,0.0,1.7366772287620058,0.005372702303277817,0.07026258673717589,0.0038299008471447166,0.0,0.07150938366324376,0.0,0.0,0.0,0.0,0.0,3
IEEE69,tagconv,TP7,20,33984,1271.4512670129063,-1750.4103606453648,-15753.693245808283,40.982940138368576,0.0,7.218877600632172,0.7812114972621202,1.194573442141215,0.9539018670717875,1.0,2.9751358032226562,0.0,0.0,0.0,1.0,1.0,6.5912517206348955,9.171869592002961,82.54682632802874,0.16757119108466192,0.0,1.7738967742841727,0.005811167792572888,0.07877287458844343,0.0040658195355548115,0.0,0.053702230373304884,0.0,0.0,0.0,0.0,0.0,3
IEEE69,tagconv,TP7,21,34080,921.4793700278109,-1267.7016537288823,-11409.314883559942,31.134866432778534,0.0,7.4878833778124045,0.5588007753507959,1.0980244477589924,0.9568062623341876,1.0035760005315144,2.6817545890808105,0.0,0.0,0.0,1.0,1.0,7.468715623396699,9.707315614788465,87.36584053309505,0.10321937783911593,0.0,1.7233739387113454,0.005323717988403911,0.05003701161501655,0.004620705484478122,0.0030137956871661505,0.0278476582341152,0.0,0.0,0.0,0.0,0.0,3
IEEE69,tagconv,TP7,22,34176,713.4594219637994,-984.4438246445799,-8859.994421801219,24.327902279672344,0.07792473217249447,7.9974683653159575,0.4555045138630602,0.9907378355662028,0.9603519241015116,1.0097899834314983,2.354341506958008,0.0,0.0,0.0,1.0,1.0,28.70876022034144,38.14614430012487,343.3152987011237,0.7560572744488052,0.1026207623305049,1.3940287487712646,0.00723033519009341,0.06246387942514038,0.004433154188028875,0.002153630440131429,0.06231495330915937,0.0,0.0,0.0,0.0,0.0,3
IEEE69,tagconv,TP7,23,34272,1652.1565003017247,-2257.229817390442,-20315.068356513977,47.89331093556999,0.0,7.013782093455319,0.8765879091289307,1.183559775352478,0.9542599320411682,1.0,2.9660021464029946,0.0,0.0,0.0,1.0,1.0,9.32782014324914,12.22289432798442,110.0060489518585,0.1667866442802493,0.0,1.843578276629471,0.005521628407021048,0.06842601481256899,0.004577353161048761,0.0,0.06007339233494576,0.0,0.0,0.0,0.0,0.0,3
IEEE69,tagconv,TP7,24,34368,1772.105253532139,-2416.7113887292367,-21750.40249856313,50.58027941772525,0.0,6.665959730266341,0.9050230545302232,1.2474682728449504,0.9518503546714783,1.0,3.134617646535238,0.0,0.0,0.0,1.0,1.0,6.038933703569466,7.929047999545788,71.36143199591088,0.18045697330724558,0.0,2.10330011515515,0.005874074771679279,0.08236036553703877,0.0023653527509411337,0.0,0.10683617880734686,0.0,0.0,0.0,0.0,0.0,3
IEEE69,tagconv,TP7,25,34464,1977.6926361824546,-2682.5096776043933,-24142.587098439533,50.702311786796905,0.0,5.956294258739363,0.8933363356110123,1.1694260040918987,0.954111635684967,1.0,2.984257777531942,0.0,0.0,0.0,1.0,1.0,12.933690108339098,17.818389501773588,160.36550551596412,0.257298153728005,0.0,1.3819227020723195,0.008193893551838737,0.053703560843293044,0.003096988886480549,0.0,0.10283613901052471,0.0,0.0,0.0,0.0,0.0,3
IEEE69,tagconv,TP7,26,34560,1527.46257519559,-2078.706186497653,-18708.355678478878,39.29547887757568,0.0,7.274925475707366,0.7450146983481116,1.1722358465194702,0.9544893304506937,1.0,2.8911312421162925,0.0,0.0,0.0,1.0,1.0,13.59554417414926,17.765977782912188,159.8938000462153,0.1293193877490249,0.0,1.7081130991415383,0.004540225406874839,0.06768421815129536,0.002625085869333862,0.0,0.0983133519889225,0.0,0.0,0.0,0.0,0.0,3
IEEE69,tagconv,TP7,27,34656,1187.2800464342256,-1637.8880371429302,-14740.992334286371,39.1892605880621,0.0,7.2705801767605855,0.7563774803032478,1.1883363326390586,0.9542210499445597,1.0,2.917086203893026,0.0,0.0,0.0,1.0,1.0,6.546540191607877,9.078108200830256,81.70297380747371,0.16179215093095364,0.0,1.7686598583590052,0.005627374754699067,0.06882957670003063,0.004069006840192398,0.0,0.0399513632619025,0.0,0.0,0.0,0.0,0.0,3
IEEE69,tagconv,TP7,28,34752,938.7398880374286,-1303.0397930145264,-11727.358137130737,38.1177785110843,0.0,6.6630649273677856,0.662337826564908,1.055125296115875,0.9580208659172058,1.0,2.5408740043640137,0.0,0.0,0.0,1.0,1.0,7.769851758121086,11.51257522237005,103.61317700133066,0.3874555064854999,0.0,2.118300864942445,0.012817168030008947,0.05199331468483715,0.005113990481506414,0.0,0.057413188170570076,0.0,0.0,0.0,0.0,0.0,3
IEEE69,tagconv,TP7,29,34848,954.1036905255845,-1316.166107301359,-11845.494965712229,35.77340696258701,0.0,6.5038588499623415,0.6074832276337677,0.993236243724823,0.9594413836797079,1.0,2.31639035542806,0.0,0.0,0.0,1.0,1.0,4.208010139548257,6.805047500293708,61.245427502643054,0.3436060253461847,0.0,2.038673256175189,0.011377605846947903,0.0765587321071028,0.005270428709368348,0.0,0.029739644691030565,0.0,0.0,0.0,0.0,0.0,3
IEEE69,tagconv,TP7,30,34944,1420.8779707288465,-1955.6095625029673,-17600.486062526703,46.29947159769048,0.0,6.735947049972392,0.8689212089197502,1.2268434762954712,0.9531179467837015,1.0,3.068205197652181,0.0,0.0,0.0,1.0,1.0,7.9870209588143615,10.716633729375795,96.449703564383,0.16122796364464065,0.0,1.6696576017454687,0.005467539853252925,0.046950077998354864,0.0032375308545373772,0.0,0.023928979471579476,0.0,0.0,0.0,0.0,0.0,3
IEEE69,tagconv,TP8,0,32064,1109.4969548831132,-1505.8992068292919,-13553.092861463627,29.351969862011174,0.0,7.266902780544714,0.5090947221550676,1.0444057782491047,0.9585097233454386,1.0051154295603435,2.608208258946737,0.0,0.0,0.0,1.0,1.0,7.711251386511961,10.250027250017608,92.25024525015793,0.1797232720759333,0.0,1.5883615346316224,0.002225954934844488,0.0354749047216258,0.0027880103707444634,0.0014627185277059384,0.014843940796771916,0.0,0.0,0.0,0.0,0.0,3
IEEE69,tagconv,TP8,1,32160,888.8617258154396,-1210.1198372802248,-10891.078535522023,24.263874588391747,0.042459758840358165,7.426851511515317,0.4371710829436779,1.0002878904342651,0.9588046669960022,1.009872595469157,2.3732874393463135,0.0,0.0,0.0,1.0,1.0,25.50028153466547,34.72819472634167,312.5537525370754,0.6888524982988422,0.07354245958862214,1.2797635509139,0.01592809167028411,0.007228015661888409,0.0007034098986167266,0.0023106783749703265,0.05204919130571559,0.0,0.0,0.0,0.0,0.0,3
IEEE69,tagconv,TP8,2,32256,1454.567129412614,-1982.1346632021443,-17839.2119688193,39.24242559143204,0.0,7.1234706821274765,0.7305280543449854,1.086517294247945,0.9561586380004883,1.0,2.780311663945516,0.0,0.0,0.0,1.0,1.0,12.644987060596598,16.444167014303684,147.99750312873357,0.1354688664026827,0.0,2.2487675946412313,0.0044398539380677456,0.0342379439563653,0.0007932202138611098,0.0,0.15372795755651514,0.0,0.0,0.0,0.0,0.0,3
IEEE69,tagconv,TP8,3,32352,1668.7031771079746,-2261.5636993514167,-20354.07329416275,38.66927786049988,0.0,7.151735928698769,0.7389823622587653,1.1489447752634685,0.9539377291997274,1.0,2.8670811653137207,0.0,0.0,0.0,1.0,1.0,12.359807966609637,16.19937670432709,145.79439033893982,0.11675656247153633,0.0,1.7655381492090143,0.0040734380106510135,0.05873969931979589,0.0023244800181378414,0.0,0.08995285969201816,0.0,0.0,0.0,0.0,0.0,3
IEEE69,tagconv,TP8,4,32448,2061.0969904106714,-2782.963890676145,-25046.675016085308,45.35307106809038,0.0,6.844561429317768,0.8294397989908854,1.1508496205012004,0.9543108940124511,1.0,2.8675456047058105,0.0,0.0,0.0,1.0,1.0,18.2305381476889,23.556357392320454,212.00721653088382,0.10552319086593623,0.0,1.7347431347284357,0.0033689261806221144,0.03370232553819561,0.0005744902433055146,0.0,0.08052177189221077,0.0,0.0,0.0,0.0,0.0,3
IEEE69,tagconv,TP8,5,32544,2780.479944249637,-3725.658028991134,-33530.922260920204,50.36459618713403,0.0,5.136803143549768,0.889553518137998,1.1512768268585205,0.9536148508389791,1.0,2.897465944290161,0.0,0.0,0.0,1.0,1.0,6.825612242858831,8.97006993933954,80.7306294540565,0.05014495136593318,0.0,0.26173993008864815,0.0018047544776320936,0.04833325800118446,0.0020020059197999266,0.0,0.07440399830302974,0.0,0.0,0.0,0.0,0.0,3
IEEE69,tagconv,TP8,6,32640,2518.706829335217,-3386.1878654338693,-30475.690788904827,50.86857009185769,0.0,5.451003756710651,0.8962241415348317,1.1379735469818115,0.9539891680081686,1.0,2.9659486611684165,0.0,0.0,0.0,1.0,1.0,4.037897077002203,5.549677048708928,49.947093438381,0.10256839849553388,0.0,0.770915812970157,0.0035795147411904755,0.05428760727999602,0.002373046095154146,0.0,0.0857231197339111,0.0,0.0,0.0,0.0,0.0,3
IEEE69,tagconv,TP8,7,32736,1834.9081792106263,-2468.84699122111,-22219.62292098999,39.031889677319974,0.0,7.142946791888368,0.6686023804876539,1.0687480370203655,0.9565937717755636,1.0,2.5642432371775308,0.0,0.0,0.0,1.0,1.0,16.14533557963764,20.64725395289215,185.82528557603268,0.14195714349129324,0.0,2.094780346732539,0.0045102210827155376,0.04423438084604006,0.00288385360602835,0.0,0.004606891209240728,0.0,0.0,0.0,0.0,0.0,3
IEEE69,tagconv,TP8,8,32832,1257.2075917929985,-1696.3431282573276,-15267.088154315948,27.50277375152109,0.040142257756511666,7.723727181363739,0.49637216453750926,1.0359389384587605,0.956818699836731,1.005031665166219,2.392404794692993,0.0,0.0,0.0,1.0,1.0,36.13857219916022,47.9734771151021,431.761294035919,0.5760625814874666,0.06952842996480407,1.603376437824993,0.008933323416535754,0.00875508428262086,0.0005807885426060836,0.004774489175954817,0.027559170598616213,0.0,0.0,0.0,0.0,0.0,3
IEEE69,tagconv,TP8,9,32928,1976.744848529401,-2666.8355986453867,-24001.520387808483,40.79638633784028,0.0,7.183881414171004,0.7776346324632565,1.1877125104268391,0.9530074199040731,1.0,3.019636869430542,0.0,0.0,0.0,1.0,1.0,16.002687781320716,20.83988790057135,187.55899110514167,0.10041930710321198,0.0,1.6895520635076207,0.0035241032880529467,0.05912573258078159,0.002713580204580115,0.0,0.10618567577065492,0.0,0.0,0.0,0.0,0.0,3
IEEE69,tagconv,TP8,10,33024,2278.9383686378133,-3064.088891859408,-27576.80002673467,43.01911535303831,0.0,6.970175501587522,0.8128702096227142,1.1967580318450928,0.9520235260327657,1.0,2.993861357371012,0.0,0.0,0.0,1.0,1.0,23.983894986080667,30.896987733652782,278.07288960287707,0.0832364902569009,0.0,1.9636379557303283,0.002653503623973754,0.03910387642174602,0.0015377467149207873,0.0,0.1299920569476498,0.0,0.0,0.0,0.0,0.0,3
IEEE69,tagconv,TP8,11,33120,2279.6456860226,-3067.9382884414104,-27611.444595972698,46.65726901317006,0.0,6.9390888083758915,0.8363405064576203,1.177194595336914,0.9531521201133728,1.0,2.9188272953033447,0.0,0.0,0.0,1.0,1.0,15.879086430997624,20.266169066040675,182.3955215943675,0.11929516598575163,0.0,2.0244192806332872,0.003546010921994266,0.03219978453951446,0.0015614697526868649,0.0,0.05887719819493049,0.0,0.0,0.0,0.0,0.0,3
IEEE69,tagconv,TP8,12,33216,1670.580588341898,-2259.3581276028244,-20334.22314842542,37.64515569963805,0.0,7.179045368049536,0.7017598624030749,1.1066038608551025,0.9556951721509298,1.0,2.75544540087382,0.0,0.0,0.0,1.0,1.0,7.593661025043247,10.179178353855582,91.61260518470237,0.1049085290613019,0.0,1.6003676263995867,0.0036772382824493827,0.073026289597895,0.0031387949694321256,0.0,0.12911338652076718,0.0,0.0,0.0,0.0,0.0,3
IEEE69,tagconv,TP8,13,33312,1884.6677083780378,-2558.942093036793,-23030.478837331135,48.44048241685838,0.0,6.614311501467145,0.8721916998426119,1.1573988596598308,0.9533238013585409,1.0,2.985494693120321,0.0,0.0,0.0,1.0,1.0,6.969884413932019,9.344127413239368,84.0971467191529,0.15986135895897943,0.0,2.0073479862845063,0.005297950704232433,0.059004565672076736,0.0029566198981011487,0.0,0.10188865607291188,0.0,0.0,0.0,0.0,0.0,3
IEEE69,tagconv,TP8,14,33408,1059.7144231542504,-1443.5772850966011,-12992.195565869411,28.916316247440893,0.0,7.283053067327143,0.5283183811439408,1.0940669775009155,0.9555708765983582,1.0042541821797688,2.622873624165853,0.0,0.0,0.0,1.0,1.0,17.49593577217178,22.94782749142717,206.53044742284507,0.3957972325987074,0.0,1.6566089397611263,0.0022292351936050387,0.055433308629601545,0.003762715193150532,0.0018473388525109167,0.007224276733369402,0.0,0.0,0.0,0.0,0.0,3
IEEE69,tagconv,TP8,15,33504,1120.9022079391714,-1522.8884604385605,-13705.996143947044,30.167755411753507,0.0,7.2237265733145835,0.526325303233332,1.0164064168930054,0.9576117992401123,1.0045645236968994,2.36653200785319,0.0,0.0,0.0,1.0,1.0,8.38418090963796,10.910779433021172,98.19701489719033,0.13566399316710123,0.0,2.1663708012639944,0.0032120559223910027,0.0035257327123720543,0.0002902049036237406,0.00530283719125208,0.06474009261642476,0.0,0.0,0.0,0.0,0.0,3
IEEE69,tagconv,TP8,16,33600,1629.0787989425808,-2216.3140483079133,-19946.82643477122,43.1980745723522,0.0,6.838341654705203,0.7891435811503066,1.134564479192098,0.9541884064674377,1.0,2.881361484527588,0.0,0.0,0.0,1.0,1.0,13.93182718110421,17.98093923296027,161.82845309664265,0.13267797855604438,0.0,1.9773621061643383,0.004438935673313565,0.05611197067816172,0.0018822090752037756,0.0,0.12990658447622908,0.0,0.0,0.0,0.0,0.0,3
IEEE69,tagconv,TP8,17,33696,1904.6328324172434,-2580.0426850495514,-23220.384165445965,45.02898261135609,0.0,7.007996187872261,0.8332748471034898,1.1964720487594604,0.952193558216095,1.0,3.026421387990316,0.0,0.0,0.0,1.0,1.0,19.500474731054844,25.22007689444137,226.9806920499695,0.1278103376666564,0.0,2.043889743996157,0.004129425008495985,0.05422166540115925,0.0022744880937039546,0.0,0.041522705620680285,0.0,0.0,0.0,0.0,0.0,3
IEEE69,tagconv,TP8,18,33792,1970.0531736782712,-2670.768801724469,-24036.91921552022,49.508362731105684,0.0,6.419114911174151,0.8787855234824948,1.1812238295873005,0.9531402389208475,1.0,2.9421958923339844,0.0,0.0,0.0,1.0,1.0,13.317197237347585,17.34759059823976,156.1283153841568,0.1658887197957897,0.0,1.727879914558188,0.005638341639410388,0.04742146943374267,0.0020804310678213924,0.0,0.07289911331317966,0.0,0.0,0.0,0.0,0.0,3
IEEE69,tagconv,TP8,19,33888,1300.4190532298007,-1783.2915274743682,-16049.623747269312,39.09492092494899,0.0,7.069178509975738,0.7429386923710505,1.1591366132100422,0.9541812141736349,1.0,2.909920851389567,0.0,0.0,0.0,1.0,1.0,8.915470331214667,11.955861753500086,107.60275578149984,0.1569017273150793,0.0,1.6879589580397838,0.005538068547400741,0.06196419532928336,0.0034823745767792362,0.0,0.07240265594360389,0.0,0.0,0.0,0.0,0.0,3
IEEE69,tagconv,TP8,20,33984,1270.8298624413085,-1748.3020413275117,-15734.718371947607,40.94873744419905,0.0,7.03306977184801,0.7707935168097416,1.1805376609166462,0.953470786412557,1.0,2.9735492865244546,0.0,0.0,0.0,1.0,1.0,6.294998933398736,8.844711726763839,79.6024055408754,0.16989220981419537,0.0,1.7131588302133967,0.005945366241481871,0.07749971235757779,0.003724890514061828,0.0,0.054299793932392704,0.0,0.0,0.0,0.0,0.0,3
IEEE69,tagconv,TP8,21,34080,921.3460719554464,-1266.3424174741463,-11397.081757267317,31.115867525496167,0.0,7.305755133997387,0.5493833008739682,1.0906575123469036,0.9564279715220133,1.0035252173741658,2.671733538309733,0.0,0.0,0.0,1.0,1.0,6.739138770148614,9.017704554883796,81.15934099395446,0.09981213991804948,0.0,1.7167663626908243,0.0046014913538580384,0.05853730181983642,0.00412901932000157,0.00157938050730197,0.03320183109837953,0.0,0.0,0.0,0.0,0.0,3
IEEE69,tagconv,TP8,22,34176,714.5715861265384,-984.7399536500925,-8862.659582850834,24.35269331956806,0.08358012692154444,7.772959247847321,0.4464248315327697,0.9830075899759928,0.9598641792933146,1.0097908973693848,2.3537115255991616,0.0,0.0,0.0,1.0,1.0,26.377481497302053,35.64102589692549,320.7692330723297,0.7060200496467468,0.11201312511595908,1.4307600467541284,0.011059616558870302,0.06712720704105082,0.00426805402836203,0.00229297112505399,0.06216850213528756,0.0,0.0,0.0,0.0,0.0,3
IEEE69,tagconv,TP8,23,34272,1651.4449899038375,-2255.1422280912047,-20296.280052820843,47.868876417121406,0.0,6.95382112305932,0.8672710145927137,1.1641767422358196,0.953815738360087,1.0,2.957005341847738,0.0,0.0,0.0,1.0,1.0,8.810718083698404,11.556492494262315,104.00843244836116,0.1762844127638392,0.0,2.0450778873869773,0.005771289978326211,0.06129176315830782,0.004223141692006793,0.0,0.018306009381591274,0.0,0.0,0.0,0.0,0.0,3
IEEE69,tagconv,TP8,24,34368,1770.9626828117327,-2413.878656669899,-21724.907910029095,50.553366137450816,0.0,6.6297858290162885,0.8942253426131274,1.2276047468185425,0.9515817364056905,1.0,3.115610678990682,0.0,0.0,0.0,1.0,1.0,5.729939623398401,7.484576396481326,67.36118756833193,0.1846690712274357,0.0,2.217212829753663,0.005978867766528718,0.07165387534099452,0.002043100028495338,0.0,0.07670422573840818,0.0,0.0,0.0,0.0,0.0,3
IEEE69,tagconv,TP8,25,34464,1978.0304479543347,-2681.6301679964417,-24134.671511967976,50.663898533359315,0.0,5.6432504705506465,0.8827738058235911,1.155700445175171,0.9538414080937704,1.0,2.969895839691162,0.0,0.0,0.0,1.0,1.0,11.958145721842453,16.617353277900325,149.55617950110445,0.26738944053201386,0.0,1.4903124407248165,0.008567312961093055,0.051840977385475696,0.00257893733893067,0.0,0.09560878188229574,0.0,0.0,0.0,0.0,0.0,3
IEEE69,tagconv,TP8,26,34560,1527.011417162362,-2076.7831393877664,-18691.0482544899,39.26205151604578,0.0,7.08967992054223,0.7343085244711903,1.1545664469401042,0.9539031982421875,1.0,2.8858249187469482,0.0,0.0,0.0,1.0,1.0,12.635729846093199,16.55627291800613,149.00645626205264,0.13201552018818605,0.0,1.6676765433708955,0.004656873241189249,0.061194810551302,0.0026877811865383397,0.0,0.10532444562750104,0.0,0.0,0.0,0.0,0.0,3
IEEE69,tagconv,TP8,27,34656,1186.6633111097979,-1635.8401911082092,-14722.561719973883,39.15465821754575,0.0,7.051768446265573,0.7463960616538922,1.1698697408040364,0.9537888964017233,1.0,2.900721708933512,0.0,0.0,0.0,1.0,1.0,6.2529522408172005,8.767324376359095,78.90591938723149,0.16714044267883607,0.0,1.778356421188488,0.005826528746978941,0.060563760285062454,0.0037336491991677334,0.0,0.03671516314473426,0.0,0.0,0.0,0.0,0.0,3
IEEE69,tagconv,TP8,28,34752,938.8962884439621,-1302.4718104998271,-11722.246294498444,38.108549085794344,0.0,6.804616773101489,0.6561540636337466,1.0505638122558594,0.957646389802297,1.0,2.540036678314209,0.0,0.0,0.0,1.0,1.0,7.437360086169127,11.1328072055831,100.19526485024731,0.3800127228086578,0.0,2.2385878801367842,0.012861868836135628,0.06264174280658232,0.004644379826862094,0.0,0.057315121402288186,0.0,0.0,0.0,0.0,0.0,3
IEEE69,tagconv,TP8,29,34848,953.9127923978682,-1315.2807667343704,-11837.526900609335,35.77231698575148,0.0,6.559150902270605,0.6023756346354882,0.9892391562461853,0.9590297738711039,1.0,2.316612958908081,0.0,0.0,0.0,1.0,1.0,4.263388140678921,6.923543857087184,62.31189471378428,0.3479449828921236,0.0,2.104638362991842,0.011690241359446803,0.08346485614802733,0.004952375914437274,0.0,0.030367977273257924,0.0,0.0,0.0,0.0,0.0,3
IEEE69,tagconv,TP8,30,34944,1419.70006024149,-1953.0298110644023,-17577.26829957962,46.27521945822203,0.0,6.6821314480520035,0.860518656257126,1.212025801340739,0.9525936444600424,1.0,3.0647095839182534,0.0,0.0,0.0,1.0,1.0,8.421344131240858,11.251765142513408,101.26588628261995,0.17069505981503094,0.0,1.8243104650806317,0.005750685774277632,0.04611835926351044,0.003040626177004038,0.0,0.023156099783039404,0.0,0.0,0.0,0.0,0.0,3
IEEE69,tagconv,TP9,0,32064,1109.0270407676046,-1505.7853094488382,-13552.067785039544,29.35303176690104,0.0,7.487327663034524,0.512995909485552,1.0532581011454265,0.958310623963674,1.0056240955988567,2.6087229251861572,0.0,0.0,0.0,1.0,1.0,4.358000253613937,5.296031379803288,47.66428241822845,0.07243330620139346,0.0,1.7818057668124851,0.003419279544970326,0.039420981428338484,0.002895397221758346,0.0016115448549988605,0.014279600391384175,0.0,0.0,0.0,0.0,0.0,3
IEEE69,tagconv,TP9,1,32160,886.8973184248531,-1207.79780156938,-10870.18021412442,24.222202927952214,0.0182757731252533,7.53868826369321,0.439119437088569,1.008931001027425,0.9586249192555746,1.0106836160024006,2.377924919128418,0.0,0.0,0.0,1.0,1.0,25.898860486841798,34.225069191666876,308.02562272500245,0.6918237139722435,0.03165456760054056,1.5974737543030608,0.008308865187125043,0.010622989865784666,0.0007901122698454236,0.0019590314820090715,0.044370820837981356,0.0,0.0,0.0,0.0,0.0,3
IEEE69,tagconv,TP9,2,32256,1455.4220809398767,-1983.870812071694,-17854.83730864525,39.29274332691057,0.0,7.566130844684376,0.7355184397763675,1.091802954673767,0.9561017354329427,1.0,2.7741872469584146,0.0,0.0,0.0,1.0,1.0,10.695220132527684,13.81894330075137,124.37048970676346,0.18291860566284704,0.0,2.421193324908412,0.00567518623276587,0.03489780557820016,0.0008007133094584017,0.0,0.15014116311131526,0.0,0.0,0.0,0.0,0.0,3
IEEE69,tagconv,TP9,3,32352,1669.143559676583,-2262.7377328696075,-20364.639595826466,38.70621028969921,0.0,7.36304595725944,0.7437750914444526,1.1558496157328289,0.9538197716077169,1.0,2.8673390547434487,0.0,0.0,0.0,1.0,1.0,11.565398475250667,15.041256178403733,135.3713056056335,0.15050788267810744,0.0,2.028838253035813,0.004870573002292884,0.059212207362351756,0.0023115749202380887,0.0,0.09018739403191604,0.0,0.0,0.0,0.0,0.0,3
IEEE69,tagconv,TP9,4,32448,2062.72136857783,-2785.758758792171,-25071.828829129536,45.37222256195977,0.0,6.746380051115341,0.8348787286215358,1.157820701599121,0.9541614254315695,1.0,2.860732316970825,0.0,0.0,0.0,1.0,1.0,15.534199161373923,19.97097111016755,179.73873999150874,0.1282536137494903,0.0,1.61180400544037,0.003911346213375823,0.034676295176839046,0.0006021026772789958,0.0,0.09431591086153963,0.0,0.0,0.0,0.0,0.0,3
IEEE69,tagconv,TP9,5,32544,2781.7263611815765,-3728.0476596973563,-33552.42893727621,50.38604316577463,0.0,5.155637438646128,0.8956754981643623,1.1717870235443115,0.952842116355896,1.0,2.899188280105591,0.0,0.0,0.0,1.0,1.0,8.199842768020527,10.838648203754593,97.54783383379124,0.05918971429471168,0.0,0.24612617303649256,0.0020068680993154684,0.05873520039592799,0.0024696470332345112,0.0,0.07221092199238399,0.0,0.0,0.0,0.0,0.0,3
IEEE69,tagconv,TP9,6,32640,2519.935414924445,-3388.5998756267404,-30497.398880640667,50.896248870996715,0.0,5.469660587952741,0.9027157278938426,1.1458866596221924,0.9538254340489706,1.0,2.9520731767018638,0.0,0.0,0.0,1.0,1.0,5.248394303066516,7.147426571196998,64.32683914077415,0.09904053910866865,0.0,0.6878369410104122,0.0034724146602379585,0.05474755883855971,0.0023789240900865174,0.0,0.06544509233058603,0.0,0.0,0.0,0.0,0.0,3
IEEE69,tagconv,TP9,7,32736,1836.19134334918,-2471.29303183379,-22241.63728650411,39.06187375966389,0.0,7.184443273832229,0.6747986403190427,1.077441136042277,0.95639040072759,1.0,2.565927028656006,0.0,0.0,0.0,1.0,1.0,14.081517647435248,17.80239073882751,160.2215166494482,0.17978942084998173,0.0,2.1783200425321447,0.0054635472867374186,0.04599763851260426,0.0029342566134420477,0.0,0.0026602437041838485,0.0,0.0,0.0,0.0,0.0,3
IEEE69,tagconv,TP9,8,32832,1257.5861909628466,-1697.4392658618315,-15276.953392756483,27.526823087878558,0.02507891763897767,7.849651680935864,0.5012373502055804,1.0447033246358235,0.9565821886062622,1.0051695505777996,2.3936781883239746,0.0,0.0,0.0,1.0,1.0,38.376680879636694,50.7377346486792,456.63961183811216,0.6038342150431044,0.04343795954954463,2.026461566888541,0.008076610220070706,0.00861302679354679,0.0005815354681864624,0.004989014185388331,0.02685203881176225,0.0,0.0,0.0,0.0,0.0,3
IEEE69,tagconv,TP9,9,32928,1977.334574885268,-2668.295457734002,-24014.659119606018,40.833511580306244,0.0,7.3927183247196355,0.7831454363962015,1.1962542533874512,0.9528261224428812,1.0,3.019517183303833,0.0,0.0,0.0,1.0,1.0,15.119007812691516,19.53319632820877,175.79876695387856,0.13753625683307313,0.0,1.9707646065021012,0.004424318470361612,0.05936219804236629,0.002740402339388731,0.0,0.1066031479863451,0.0,0.0,0.0,0.0,0.0,3
IEEE69,tagconv,TP9,10,33024,2279.8124781347256,-3065.910492950016,-27593.19443655014,43.04474223637832,0.0,7.021686328885662,0.818323384763466,1.2159123023351033,0.9513532320658366,1.0,2.9957356452941895,0.0,0.0,0.0,1.0,1.0,21.897037070292964,28.057212793638175,252.51491514274494,0.11821798843802007,0.0,1.974884742599542,0.003578432977992861,0.032244639274932645,0.0011624736463404016,0.0,0.13202900467169906,0.0,0.0,0.0,0.0,0.0,3
IEEE69,tagconv,TP9,11,33120,2281.097094426135,-3070.518844957705,-27634.669604619343,46.68245237531179,0.0,7.017607578406483,0.8418617267161608,1.1930735905965169,0.9527504444122314,1.0,2.902548392613729,0.0,0.0,0.0,1.0,1.0,13.805713988779496,17.428317825389414,156.8548604285057,0.15395346963715403,0.0,2.1440213634822185,0.0044651512134213246,0.02821098049312096,0.001286928048360628,0.0,0.03649022639566357,0.0,0.0,0.0,0.0,0.0,3
IEEE69,tagconv,TP9,12,33216,1672.2733933779753,-2262.114469351592,-20359.030224164326,37.689595355433994,0.0,7.475958496179257,0.7061652584622303,1.1137670675913494,0.9555737177530924,1.0001190900802612,2.763558785120646,0.0,0.0,0.0,1.0,1.0,6.21987940960841,8.392165033789935,75.52948530410904,0.14496870255471037,0.0,1.9984657988502437,0.0046257902763872484,0.07330551290255657,0.0031085890596068907,0.00020627006968990664,0.13068305749187523,0.0,0.0,0.0,0.0,0.0,3
IEEE69,tagconv,TP9,13,33312,1886.2925869802318,-2561.8794572971487,-23056.915115674336,48.478735814944834,0.0,6.660601466868539,0.8787724009404579,1.1764190196990967,0.9531556566556295,1.0,2.9841255346934,0.0,0.0,0.0,1.0,1.0,5.246332956649046,7.212944766867004,64.91650290180189,0.19186878749668176,0.0,2.0334528986979183,0.006055132210272907,0.06997762008991291,0.002968906598988407,0.0,0.10399617638035162,0.0,0.0,0.0,0.0,0.0,3
IEEE69,tagconv,TP9,14,33408,1059.397623019431,-1443.72061427931,-12993.48552851379,28.921019908966628,0.0,7.438556938478154,0.5326586421579123,1.1032192707061768,0.9553608695665995,1.0046688715616863,2.6244502862294516,0.0,0.0,0.0,1.0,1.0,15.179017658894885,19.361216265040877,174.2509463853662,0.30790408799945496,0.0,1.7784759196962252,0.0034678943547990795,0.05821252481198893,0.0038214341562222347,0.0018861046373936533,0.009513550697754952,0.0,0.0,0.0,0.0,0.0,3
IEEE69,tagconv,TP9,15,33504,1120.428660155011,-1522.6963408644551,-13704.267067780098,30.17303138207232,0.0,7.219377784782133,0.5296734331382645,1.023915966351827,0.9574516812960306,1.0041035016377766,2.366750796635946,0.0,0.0,0.0,1.0,1.0,4.4792570695811555,5.558229909795793,50.024069188161555,0.15132446431625307,0.0,2.2401355413539514,0.003478597889587294,0.0034414931773438283,0.00028337965298126747,0.005520760284674988,0.06478421379587188,0.0,0.0,0.0,0.0,0.0,3
IEEE69,tagconv,TP9,16,33600,1629.7460404607239,-2217.867137114207,-19960.804234027863,43.24169972069649,0.0,7.020384194941097,0.7946252812527947,1.142555594444275,0.9540496865908304,1.0,2.8731578985850015,0.0,0.0,0.0,1.0,1.0,12.499553845863083,15.924731900260069,143.32258710234277,0.17734852638197096,0.0,2.1977954160167306,0.005492207677298207,0.05771434080741502,0.0018948293552827659,0.0,0.13005342907340806,0.0,0.0,0.0,0.0,0.0,3
IEEE69,tagconv,TP9,17,33696,1905.4619793874663,-2581.799077634458,-23236.191698710125,45.059110307850766,0.0,7.037338345271659,0.8386952303763894,1.2026634613672893,0.9522140026092529,1.0,3.0262224674224854,0.0,0.0,0.0,1.0,1.0,17.42920888819608,22.421698433155285,201.7952858983994,0.16457374989788598,0.0,2.0927329865571047,0.0050479657964910924,0.05318927204603939,0.0020681390993518983,0.0,0.04713672742361996,0.0,0.0,0.0,0.0,0.0,3
IEEE69,tagconv,TP9,18,33792,1970.9366274955164,-2672.6513350451437,-24053.862015406292,49.542241379266976,0.0,6.517657679109234,0.8846605339397987,1.1905148029327393,0.9530666073163351,1.0,2.967628081639608,0.0,0.0,0.0,1.0,1.0,11.871819757660392,15.343875593791015,138.09488034411984,0.18864645907095492,0.0,1.8101988387622505,0.006182357813270736,0.04850638487364538,0.0021390765043979992,0.0,0.1008291638781655,0.0,0.0,0.0,0.0,0.0,3
IEEE69,tagconv,TP9,19,33888,1300.887480954053,-1784.4661502220013,-16060.19535199801,39.130962790940735,0.0,7.278067771018318,0.7474626226143705,1.167054573694865,0.9540505011876425,1.0,2.9090243180592856,0.0,0.0,0.0,1.0,1.0,8.23256414002988,10.973371426648505,98.76034283983593,0.17868116998883551,0.0,1.948316126048658,0.005992744724619821,0.06301551923954833,0.003481104186062965,0.0,0.07457188783285215,0.0,0.0,0.0,0.0,0.0,3
IEEE69,tagconv,TP9,20,33984,1271.4975699282784,-1749.7734661632114,-15747.961195468903,40.98553808325111,0.0,7.2448743680379835,0.7756204834828774,1.1887421210606892,0.9533237814903259,1.0,2.9718782107035318,0.0,0.0,0.0,1.0,1.0,6.008242717100155,8.503795066942704,76.53415560248398,0.19132591245827318,0.0,1.9829761316989805,0.006380430978954502,0.079066789034692,0.0037275876381110897,0.0,0.05385308902691317,0.0,0.0,0.0,0.0,0.0,3
IEEE69,tagconv,TP9,21,34080,920.6020831137497,-1265.8980990548928,-11393.082891494036,31.110165493487028,0.0,7.476839958292107,0.5534972486396631,1.0983325640360515,0.9562682112058004,1.003013014793396,2.672027587890625,0.0,0.0,0.0,1.0,1.0,5.913159761899765,7.87586792785352,70.88281135068193,0.13656818493009015,0.0,1.8839683159351726,0.006290606557800389,0.05957843849113443,0.004133448066723294,0.0025047489859089753,0.03313372657262685,0.0,0.0,0.0,0.0,0.0,3
IEEE69,tagconv,TP9,22,34176,712.3923052659852,-982.3745603564162,-8841.371043207744,24.305763844375786,0.04895709824943626,7.886832414360062,0.45024175983336234,0.989672044912974,0.9597425659497579,1.0102411111195881,2.3538074493408203,0.0,0.0,0.0,1.0,1.0,29.277214405063578,38.76039154570971,348.8435239113881,0.7798877520762297,0.05422319229239778,1.6569083038473407,0.0061298225497942215,0.06767676283237245,0.004250034896072117,0.002660651116779394,0.062248109175291805,0.0,0.0,0.0,0.0,0.0,3
IEEE69,tagconv,TP9,23,34272,1652.5829775437203,-2257.379931379248,-20316.419382413227,47.90299093842501,0.0,7.003836960646559,0.873342365026474,1.172606070836385,0.953645129998525,1.0,2.9571210543314614,0.0,0.0,0.0,1.0,1.0,7.019102097064982,9.164865531048367,82.4837897794308,0.2073102299494417,0.0,2.1114946739378264,0.0064859035298291704,0.062022270443487265,0.004207748633914787,0.0,0.018275440283185958,0.0,0.0,0.0,0.0,0.0,3
IEEE69,tagconv,TP9,24,34368,1772.0998708759228,-2416.082054950573,-21744.738494555157,50.586669525352896,0.0,6.660397298778073,0.9000312636295954,1.235658089319865,0.9514402945836385,1.0,3.1068103313446045,0.0,0.0,0.0,1.0,1.0,3.9652978555460257,5.203681474937322,46.83313327443204,0.21610587627185962,0.0,2.263866011016914,0.006734144731563111,0.07188778485608838,0.002038817843139076,0.0,0.08347533710835163,0.0,0.0,0.0,0.0,0.0,3
IEEE69,tagconv,TP9,25,34464,1978.1421266725208,-2682.423950901738,-24141.815558115642,50.67768637176414,0.0,5.725913857112384,0.8879639361467625,1.1625443299611409,0.953720211982727,1.0,2.9820732275644937,0.0,0.0,0.0,1.0,1.0,10.079926598987695,14.031082427071372,126.27974184364463,0.22359548489086384,0.0,1.4670596972214518,0.007419757401869213,0.0543107183103734,0.002658751982020385,0.0,0.09354052339535268,0.0,0.0,0.0,0.0,0.0,3
IEEE69,tagconv,TP9,26,34560,1527.2730730967885,-2077.6609983974035,-18698.94898557663,39.29941702599111,0.0,7.3235820226932695,0.7386027504172591,1.1614113648732503,0.9535902539889017,1.0,2.8822134335835776,0.0,0.0,0.0,1.0,1.0,12.085670821784909,15.717954676831033,141.4615920914788,0.1606797104289729,0.0,1.9292835784324667,0.0052913984173870625,0.0643877573400125,0.0031125722171184496,0.0,0.11195062346175966,0.0,0.0,0.0,0.0,0.0,3
IEEE69,tagconv,TP9,27,34656,1187.4794530714482,-1637.4837139889048,-14737.35342590014,39.191759973797765,0.0,7.283903020567454,0.7510564045773611,1.1780563195546467,0.9536430835723877,1.0,2.9004655679066977,0.0,0.0,0.0,1.0,1.0,5.894636079155927,8.329051903351942,74.96146713016769,0.18868751615901766,0.0,2.0236025041930885,0.006276298758268972,0.06164810580855832,0.0037369310052093626,0.0,0.03707284374869643,0.0,0.0,0.0,0.0,0.0,3
IEEE69,tagconv,TP9,28,34752,939.2279633152693,-1303.5707264829564,-11732.136538346609,38.12563247249151,0.0,6.788290980108257,0.6615034617069694,1.0581456422805786,0.9574830929438273,1.0,2.5402305920918784,0.0,0.0,0.0,1.0,1.0,5.36725944703922,8.370513236411758,75.33461912770727,0.34599058962273627,0.0,2.2222821752580444,0.011868477194991659,0.0636739275340267,0.004646993090277448,0.0,0.057344410562563536,0.0,0.0,0.0,0.0,0.0,3
IEEE69,tagconv,TP9,29,34848,954.2206383512997,-1316.3498065913166,-11847.148259321848,35.78911452790938,0.0,6.664851500487996,0.6077306676242086,0.9969246784845988,0.9588476220766703,1.0,2.317709525426229,0.0,0.0,0.0,1.0,1.0,2.9930186400015844,5.257524760723892,47.3177228465142,0.3238743586962224,0.0,2.210041537838772,0.01097691053151679,0.08422390773280099,0.004944786858433073,0.0,0.032279103428378676,0.0,0.0,0.0,0.0,0.0,3
IEEE69,tagconv,TP9,30,34944,1420.9888092286683,-1962.2030335885509,-17659.827302296955,46.313040052622455,0.0,6.764867623931239,0.8671756643388008,1.2097631295522053,0.9529611070950826,1.0,3.048655112584432,0.0,0.0,0.3333333333333333,1.0,1.0,6.668120437432898,8.526350678246567,76.737156104217,0.19213208127990836,0.0,1.8134515261698383,0.00618000312663434,0.034839204887616625,0.0024750222966733516,0.0,0.051415504722253876,0.0,0.0,0.5773502691896258,0.0,0.0,3
