topology_case,controller,episode_id,step,date_time,start_index,scenario_time_index,reward_mean,reward_sum,grid_import_kw,grid_import_mwh,energy_cost,curtailment_kw,curtailment_mwh,voltage_deviation,grid_stress,min_voltage_pu,max_voltage_pu,max_line_current_pu,max_voltage_violation,max_line_current_violation,feasible,converged,infeasible_action,throughput_mwh,solver_status,objective_value,solve_time_sec,smpc_network_feasible,smpc_network_corrected,smpc_correction_attempts,smpc_check_topology_case,smpc_check_worst_min_voltage_pu,smpc_check_worst_max_voltage_pu,smpc_check_worst_line_current_pu,smpc_check_max_voltage_violation,smpc_check_max_line_current_violation,requested_action_agent_0,accepted_action_agent_0,dess_power_kw_agent_0,soc_agent_0,beta_ch_kw_agent_0,beta_dis_kw_agent_0,requested_action_agent_1,accepted_action_agent_1,dess_power_kw_agent_1,soc_agent_1,beta_ch_kw_agent_1,beta_dis_kw_agent_1,requested_action_agent_2,accepted_action_agent_2,dess_power_kw_agent_2,soc_agent_2,beta_ch_kw_agent_2,beta_dis_kw_agent_2,requested_action_agent_3,accepted_action_agent_3,dess_power_kw_agent_3,soc_agent_3,beta_ch_kw_agent_3,beta_dis_kw_agent_3,requested_action_agent_4,accepted_action_agent_4,dess_power_kw_agent_4,soc_agent_4,beta_ch_kw_agent_4,beta_dis_kw_agent_4,warmup_excluded,requested_horizon,available_horizon,n_scenarios,controller_decision_time_s,controller_decision_time_ms,solver_time_s,solver_time_ms,non_solver_overhead_time_ms,control_interval_s,time_fraction_of_control_interval
TP1,mpc,0,0,2018-12-01 00:00:00+00:00,32064,0,-6.753451824188232,-33.76725912094116,485.85229006948794,0.12146307251737198,4.927756852029781,0.0,0.0,0.30707865953445435,0.0,0.9811621904373169,1.0,0.729897677898407,0.0,0.0,True,True,False,0.09375,optimal,143.3561534017354,0.018976688385009766,True,False,0,TP1,0.9816359877586365,1.0,0.5530158281326294,0.0,0.0,1.0,1.0,75.0,0.4605263157894737,0.0,75.0,1.0,1.0,75.0,0.4605263157894737,0.0,75.0,1.0,1.0,75.0,0.4605263157894737,0.0,75.0,1.0,1.0,75.0,0.4605263157894737,0.0,75.0,1.0,1.0,75.0,0.4605263157894737,0.0,75.0,True,24,24,1,0.034590288,34.590287999999994,0.018976688385009766,18.976688385009766,15.613599614990232,900.0,3.843365333333333e-05
TP1,mpc,0,1,2018-12-01 00:15:00+00:00,32064,1,-6.7023420333862305,-33.51171016693115,478.43862432455353,0.11960965608113838,4.852563747211784,0.0,0.0,0.3027324676513672,0.0,0.9814043641090393,1.0,0.7211126685142517,0.0,0.0,True,True,False,0.09375,optimal,145.2671286770693,0.031758785247802734,True,False,0,TP1,0.9820334315299988,1.0,0.5386717915534973,0.0,0.0,1.0,1.0,75.0,0.42105263157894735,0.0,75.0,1.0,1.0,75.0,0.42105263157894735,0.0,75.0,1.0,1.0,75.0,0.42105263157894735,0.0,75.0,1.0,1.0,75.0,0.42105263157894735,0.0,75.0,1.0,1.0,75.0,0.42105263157894735,0.0,75.0,True,24,24,1,0.046966462,46.966462,0.031758785247802734,31.758785247802734,15.207676752197266,900.0,5.218495777777778e-05
TP1,mpc,0,2,2018-12-01 00:30:00+00:00,32064,2,-6.582049369812012,-32.91024684906006,469.74364237371447,0.11743591059342862,4.764374892775399,0.0,0.0,0.29838836193084717,0.0,0.981667697429657,1.0,0.7109360694885254,0.0,0.0,True,True,False,0.09375,optimal,147.3142658185395,0.021793842315673828,True,False,0,TP1,0.9822913408279419,1.0,0.5302572846412659,0.0,0.0,1.0,1.0,75.0,0.381578947368421,0.0,75.0,1.0,1.0,75.0,0.381578947368421,0.0,75.0,1.0,1.0,75.0,0.381578947368421,0.0,75.0,1.0,1.0,75.0,0.381578947368421,0.0,75.0,1.0,1.0,75.0,0.381578947368421,0.0,75.0,True,24,24,1,0.037042231,37.042231,0.021793842315673828,21.793842315673828,15.248388684326173,900.0,4.115803444444445e-05
TP1,mpc,0,3,2018-12-01 00:45:00+00:00,32064,3,-6.504347801208496,-32.52173900604248,464.1687796556653,0.11604219491391632,4.707831847657585,0.0,0.0,0.29516124725341797,0.0,0.9818786978721619,1.0,0.7043099999427795,0.0,0.0,True,True,False,0.09375,optimal,149.41454583091314,0.02313399314880371,True,False,0,TP1,0.9825347065925598,1.0,0.5219167470932007,0.0,0.0,1.0,1.0,75.0,0.3421052631578947,0.0,75.0,1.0,1.0,75.0,0.3421052631578947,0.0,75.0,1.0,1.0,75.0,0.3421052631578947,0.0,75.0,1.0,1.0,75.0,0.3421052631578947,0.0,75.0,1.0,1.0,75.0,0.3421052631578947,0.0,75.0,True,24,24,1,0.038443797,38.443797,0.02313399314880371,23.13399314880371,15.30980385119629,900.0,4.271533e-05
TP1,mpc,0,4,2018-12-01 01:00:00+00:00,32064,4,-5.983004093170166,-29.91502046585083,458.86961641099333,0.11471740410274833,4.309932872140255,0.0,0.0,0.2920266389846802,0.0,0.9820757508277893,1.0,0.6979515552520752,0.0,0.0,True,True,False,0.09375,optimal,151.64631691837448,0.01978611946105957,True,False,0,TP1,0.9827445149421692,1.0,0.5161705613136292,0.0,0.0,1.0,1.0,75.0,0.30263157894736836,0.0,75.0,1.0,1.0,75.0,0.30263157894736836,0.0,75.0,1.0,1.0,75.0,0.30263157894736836,0.0,75.0,1.0,1.0,75.0,0.30263157894736836,0.0,75.0,1.0,1.0,75.0,0.30263157894736836,0.0,75.0,True,24,24,1,0.041048478,41.048478,0.01978611946105957,19.78611946105957,21.26235853894043,900.0,4.560942e-05
TP1,mpc,0,5,2018-12-01 01:15:00+00:00,32064,5,-5.858867645263672,-29.29433822631836,449.23710102239056,0.11230927525559764,4.2194594713528035,0.0,0.0,0.28701019287109375,0.0,0.9823959469795227,1.0,0.6867847442626953,0.0,0.0,True,True,False,0.09375,optimal,154.80926709302898,0.013505697250366211,True,False,0,TP1,0.983037531375885,1.0,0.5075186491012573,0.0,0.0,1.0,1.0,75.0,0.26315789473684204,0.0,75.0,1.0,1.0,75.0,0.26315789473684204,0.0,75.0,1.0,1.0,75.0,0.26315789473684204,0.0,75.0,1.0,1.0,75.0,0.26315789473684204,0.0,75.0,1.0,1.0,75.0,0.26315789473684204,0.0,75.0,True,24,24,1,0.028779093,28.779093,0.013505697250366211,13.505697250366211,15.273395749633787,900.0,3.197677e-05
TP1,mpc,0,6,2018-12-01 01:30:00+00:00,32064,6,-5.772708415985107,-28.863542079925537,442.595005600424,0.110648751400106,4.157073590101982,0.0,0.0,0.28311973810195923,0.0,0.9826544523239136,1.0,0.6789807677268982,0.0,0.0,True,True,False,0.09375,optimal,158.06325811848873,0.033172607421875,True,False,0,TP1,0.9833053350448608,1.0,0.49944910407066345,0.0,0.0,1.0,1.0,75.0,0.2236842105263157,0.0,75.0,1.0,1.0,75.0,0.2236842105263157,0.0,75.0,1.0,1.0,75.0,0.2236842105263157,0.0,75.0,1.0,1.0,75.0,0.2236842105263157,0.0,75.0,1.0,1.0,75.0,0.2236842105263157,0.0,75.0,True,24,24,1,0.049833448,49.833448000000004,0.033172607421875,33.172607421875,16.660840578125004,900.0,5.537049777777778e-05
TP1,mpc,0,7,2018-12-01 01:45:00+00:00,32064,7,-5.690707683563232,-28.453538417816162,436.2757989626971,0.10906894974067427,4.097720441757132,0.0,0.0,0.27939558029174805,0.0,0.9829005002975464,1.0,0.6715377569198608,0.0,0.0,True,True,False,0.09375,optimal,159.64422480021983,0.02050018310546875,True,False,0,TP1,0.9835852384567261,1.0,0.49168989062309265,0.0,0.0,1.0,1.0,75.0,0.18421052631578938,0.0,75.0,1.0,1.0,75.0,0.18421052631578938,0.0,75.0,1.0,1.0,75.0,0.18421052631578938,0.0,75.0,1.0,1.0,75.0,0.18421052631578938,0.0,75.0,1.0,1.0,75.0,0.18421052631578938,0.0,75.0,True,24,24,1,0.036658708,36.658708,0.02050018310546875,20.50018310546875,16.158524894531247,900.0,4.073189777777778e-05
TP1,mpc,0,8,2018-12-01 02:00:00+00:00,32064,8,-10.050317764282227,-50.25158882141113,810.144648144842,0.2025361620362105,7.250794600896335,0.0,0.0,0.4401053190231323,0.0,0.9736450910568237,1.0,0.9572001099586487,0.0,0.0,True,True,False,0.0,optimal,158.49955432972695,0.019294023513793945,True,False,0,TP1,0.9743064641952515,1.0,0.8396751880645752,0.0,0.0,0.0,0.0,0.0,0.18421052631578938,0.0,0.0,0.0,0.0,0.0,0.18421052631578938,0.0,0.0,0.0,0.0,0.0,0.18421052631578938,0.0,0.0,0.0,0.0,0.0,0.18421052631578938,0.0,0.0,0.0,0.0,0.0,0.18421052631578938,0.0,0.0,True,24,24,1,0.037666795,37.666795,0.019294023513793945,19.294023513793945,18.37277148620606,900.0,4.185199444444445e-05
TP1,mpc,0,9,2018-12-01 02:15:00+00:00,32064,9,-9.922880172729492,-49.61440086364746,804.066726736437,0.20101668168410924,7.19639720429111,0.0,0.0,0.4365878105163574,0.0,0.9738766551017761,1.0,0.949785590171814,0.0,0.0,True,True,False,0.0,optimal,151.31315785225388,0.020310163497924805,True,False,0,TP1,0.9745481014251709,1.0,0.8321898579597473,0.0,0.0,0.0,0.0,0.0,0.18421052631578938,0.0,0.0,0.0,0.0,0.0,0.18421052631578938,0.0,0.0,0.0,0.0,0.0,0.18421052631578938,0.0,0.0,0.0,0.0,0.0,0.18421052631578938,0.0,0.0,0.0,0.0,0.0,0.18421052631578938,0.0,0.0,True,24,24,1,0.036927293,36.927293,0.020310163497924805,20.310163497924805,16.617129502075194,900.0,4.1030325555555555e-05
TP1,mpc,0,10,2018-12-01 02:30:00+00:00,32064,10,-9.857898712158203,-49.289493560791016,798.8226309425954,0.19970565773564886,7.1494625469362285,0.0,0.0,0.43353646993637085,0.0,0.9740684628486633,1.0,0.9433473348617554,0.0,0.0,True,True,False,0.0,optimal,144.23945655036584,0.022495746612548828,True,False,0,TP1,0.974833071231842,1.0,0.8244946599006653,0.0,0.0,0.0,0.0,0.0,0.18421052631578938,0.0,0.0,0.0,0.0,0.0,0.18421052631578938,0.0,0.0,0.0,0.0,0.0,0.18421052631578938,0.0,0.0,0.0,0.0,0.0,0.18421052631578938,0.0,0.0,0.0,0.0,0.0,0.18421052631578938,0.0,0.0,True,24,24,1,0.038248324,38.248324,0.022495746612548828,22.495746612548828,15.752577387451172,900.0,4.249813777777778e-05
TP1,mpc,0,11,2018-12-01 02:45:00+00:00,32064,11,-9.755688667297363,-48.778443336486816,790.5505771602748,0.1976376442900687,7.075427665584459,0.0,0.0,0.42894792556762695,0.0,0.9743740558624268,1.0,0.9333374500274658,0.0,0.0,True,True,False,0.0,optimal,152.7686113759953,0.02285456657409668,True,False,0,TP1,0.9750691652297974,1.0,0.8171389102935791,0.0,0.0,0.0,0.0,0.0,0.18421052631578938,0.0,0.0,0.0,0.0,0.0,0.18421052631578938,0.0,0.0,0.0,0.0,0.0,0.18421052631578938,0.0,0.0,0.0,0.0,0.0,0.18421052631578938,0.0,0.0,0.0,0.0,0.0,0.18421052631578938,0.0,0.0,True,24,24,1,0.038036325,38.036325000000005,0.02285456657409668,22.85456657409668,15.181758425903324,900.0,4.2262583333333334e-05
TP1,mpc,0,12,2018-12-01 03:00:00+00:00,32064,12,-9.961273193359375,-49.806365966796875,792.443342364777,0.19811083559119425,7.2330266074345015,0.0,0.0,0.42949092388153076,0.0,0.9743528962135315,1.0,0.9355645179748535,0.0,0.0,True,True,False,0.0,optimal,188.84234452272008,0.020969629287719727,True,False,0,TP1,0.9750365614891052,1.0,0.8195351362228394,0.0,0.0,0.0,0.0,0.0,0.18421052631578938,0.0,0.0,0.0,0.0,0.0,0.18421052631578938,0.0,0.0,0.0,0.0,0.0,0.18421052631578938,0.0,0.0,0.0,0.0,0.0,0.18421052631578938,0.0,0.0,0.0,0.0,0.0,0.18421052631578938,0.0,0.0,True,24,24,1,0.036138808,36.138808000000004,0.020969629287719727,20.969629287719727,15.169178712280274,900.0,4.015423111111111e-05
TP1,mpc,0,13,2018-12-01 03:15:00+00:00,32064,13,-9.970138549804688,-49.85069274902344,793.1799546847742,0.19829498867119355,7.239750036385276,0.0,0.0,0.42958706617355347,0.0,0.974343478679657,1.0,0.9364314675331116,0.0,0.0,True,True,False,0.0,optimal,259.32649251976324,0.03535652160644531,True,False,0,TP1,0.9750447869300842,1.0,0.8202225565910339,0.0,0.0,0.0,0.0,0.0,0.18421052631578938,0.0,0.0,0.0,0.0,0.0,0.18421052631578938,0.0,0.0,0.0,0.0,0.0,0.18421052631578938,0.0,0.0,0.0,0.0,0.0,0.18421052631578938,0.0,0.0,0.0,0.0,0.0,0.18421052631578938,0.0,0.0,True,24,24,1,0.050786854,50.786854,0.03535652160644531,35.35652160644531,15.430332393554687,900.0,5.642983777777778e-05
TP1,mpc,0,14,2018-12-01 03:30:00+00:00,32064,14,-9.966327667236328,-49.83163833618164,792.8448429920536,0.1982112107480134,7.236691304409969,0.0,0.0,0.4297148585319519,0.0,0.9743313193321228,1.0,0.9360379576683044,0.0,0.0,True,True,False,0.0,optimal,359.19304701533486,0.014761209487915039,True,False,0,TP1,0.9750208258628845,1.0,0.821071982383728,0.0,0.0,0.0,0.0,0.0,0.18421052631578938,0.0,0.0,0.0,0.0,0.0,0.18421052631578938,0.0,0.0,0.0,0.0,0.0,0.18421052631578938,0.0,0.0,0.0,0.0,0.0,0.18421052631578938,0.0,0.0,0.0,0.0,0.0,0.18421052631578938,0.0,0.0,True,24,24,1,0.029771477,29.771477,0.014761209487915039,14.761209487915039,15.010267512084962,900.0,3.307941888888889e-05
TP1,mpc,0,15,2018-12-01 03:45:00+00:00,32064,15,-10.002642631530762,-50.01321315765381,795.7560385157194,0.19893900962892985,7.263263241552228,0.0,0.0,0.431077241897583,0.0,0.9742586612701416,1.0,0.9394646286964417,0.0,0.0,True,True,False,0.0,optimal,483.8694738967274,0.014917612075805664,True,False,0,TP1,0.9750031232833862,1.0,0.8218165040016174,0.0,0.0,0.0,0.0,0.0,0.18421052631578938,0.0,0.0,0.0,0.0,0.0,0.18421052631578938,0.0,0.0,0.0,0.0,0.0,0.18421052631578938,0.0,0.0,0.0,0.0,0.0,0.18421052631578938,0.0,0.0,0.0,0.0,0.0,0.18421052631578938,0.0,0.0,True,24,24,1,0.029827075,29.827075,0.014917612075805664,14.917612075805664,14.909462924194337,900.0,3.3141194444444446e-05
TP1,mpc,0,16,2018-12-01 04:00:00+00:00,32064,16,-10.0770902633667,-50.385451316833496,797.9921398361967,0.19949803495904916,7.319582902647514,0.0,0.0,0.4320249557495117,0.0,0.9742144346237183,1.0,0.9420958161354065,0.0,0.0,True,True,False,0.0,optimal,631.6167322064177,0.01620006561279297,True,False,0,TP1,0.9748852849006653,1.0,0.8255689144134521,0.0,0.0,0.0,0.0,0.0,0.18421052631578938,0.0,0.0,0.0,0.0,0.0,0.18421052631578938,0.0,0.0,0.0,0.0,0.0,0.18421052631578938,0.0,0.0,0.0,0.0,0.0,0.18421052631578938,0.0,0.0,0.0,0.0,0.0,0.18421052631578938,0.0,0.0,True,24,24,1,0.031622002,31.622002000000002,0.01620006561279297,16.20006561279297,15.421936387207035,900.0,3.5135557777777784e-05
TP1,mpc,0,17,2018-12-01 04:15:00+00:00,32064,17,-10.064329147338867,-50.321645736694336,796.9305327480924,0.1992326331870231,7.309845311631878,0.0,0.0,0.43194615840911865,0.0,0.9742046594619751,1.0,0.9408476948738098,0.0,0.0,True,True,False,0.0,optimal,805.0472978654193,0.019094228744506836,True,False,0,TP1,0.9748777151107788,1.0,0.8255215883255005,0.0,0.0,0.0,0.0,0.0,0.18421052631578938,0.0,0.0,0.0,0.0,0.0,0.18421052631578938,0.0,0.0,0.0,0.0,0.0,0.18421052631578938,0.0,0.0,0.0,0.0,0.0,0.18421052631578938,0.0,0.0,0.0,0.0,0.0,0.18421052631578938,0.0,0.0,True,24,24,1,0.034215787,34.215787,0.019094228744506836,19.094228744506836,15.121558255493161,900.0,3.801754111111111e-05
TP1,mpc,0,18,2018-12-01 04:30:00+00:00,32064,18,-10.09279727935791,-50.46398639678955,799.2026970559891,0.19980067426399728,7.33068673874606,0.0,0.0,0.4330037236213684,0.0,0.9741430878639221,1.0,0.9435225129127502,0.0,0.0,True,True,False,0.0,optimal,999.6431540163525,0.014017820358276367,True,False,0,TP1,0.9748072624206543,1.0,0.8272200226783752,0.0,0.0,0.0,0.0,0.0,0.18421052631578938,0.0,0.0,0.0,0.0,0.0,0.18421052631578938,0.0,0.0,0.0,0.0,0.0,0.18421052631578938,0.0,0.0,0.0,0.0,0.0,0.18421052631578938,0.0,0.0,0.0,0.0,0.0,0.18421052631578938,0.0,0.0,True,24,24,1,0.028999555,28.999555,0.014017820358276367,14.017820358276367,14.981734641723632,900.0,3.2221727777777776e-05
TP1,mpc,0,19,2018-12-01 04:45:00+00:00,32064,19,-10.132184982299805,-50.66092491149902,802.3634611270154,0.20059086528175385,7.359678847187548,0.0,0.0,0.4343096613883972,0.0,0.9740765690803528,1.0,0.9472410082817078,0.0,0.0,True,True,False,0.0,optimal,1211.608186308155,0.019029855728149414,True,False,0,TP1,0.9747854471206665,1.0,0.8301987051963806,0.0,0.0,0.0,0.0,0.0,0.18421052631578938,0.0,0.0,0.0,0.0,0.0,0.18421052631578938,0.0,0.0,0.0,0.0,0.0,0.18421052631578938,0.0,0.0,0.0,0.0,0.0,0.18421052631578938,0.0,0.0,0.0,0.0,0.0,0.18421052631578938,0.0,0.0,True,24,24,1,0.034291732,34.291731999999996,0.019029855728149414,19.029855728149414,15.261876271850584,900.0,3.810192444444444e-05
TP1,mpc,0,20,2018-12-01 05:00:00+00:00,32064,20,-9.489660263061523,-47.44830131530762,802.4224810906162,0.20060562027265405,6.864724325730221,0.0,0.0,0.43501412868499756,0.0,0.9740021824836731,1.0,0.9473137259483337,0.0,0.0,True,True,False,0.0,optimal,1438.7135990514444,0.01369929313659668,True,False,0,TP1,0.9746337532997131,1.0,0.8326839208602905,0.0,0.0,0.0,0.0,0.0,0.18421052631578938,0.0,0.0,0.0,0.0,0.0,0.18421052631578938,0.0,0.0,0.0,0.0,0.0,0.18421052631578938,0.0,0.0,0.0,0.0,0.0,0.18421052631578938,0.0,0.0,0.0,0.0,0.0,0.18421052631578938,0.0,0.0,True,24,24,1,0.028662467,28.662467,0.01369929313659668,13.69929313659668,14.963173863403322,900.0,3.1847185555555555e-05
TP1,mpc,0,21,2018-12-01 05:15:00+00:00,32064,21,-9.5304536819458,-47.652268409729004,805.8645918285947,0.20146614795714868,6.894171583093628,0.0,0.0,0.4369467496871948,0.0,0.9738497734069824,1.0,0.9513694047927856,0.0,0.0,True,True,False,0.0,optimal,1681.5148634988032,0.020840883255004883,True,False,0,TP1,0.9745451211929321,1.0,0.8341624736785889,0.0,0.0,0.0,0.0,0.0,0.18421052631578938,0.0,0.0,0.0,0.0,0.0,0.18421052631578938,0.0,0.0,0.0,0.0,0.0,0.18421052631578938,0.0,0.0,0.0,0.0,0.0,0.18421052631578938,0.0,0.0,0.0,0.0,0.0,0.18421052631578938,0.0,0.0,True,24,24,1,0.035790779,35.790779,0.020840883255004883,20.840883255004883,14.94989574499512,900.0,3.976753222222223e-05
TP1,mpc,0,22,2018-12-01 05:30:00+00:00,32064,22,-9.629430770874023,-48.14715385437012,814.2224442108272,0.2035556110527068,6.965673010223627,0.0,0.0,0.4415815472602844,0.0,0.9735575318336487,1.0,0.9612091779708862,0.0,0.0,True,True,False,0.0,optimal,1936.214420961237,0.013413667678833008,True,False,0,TP1,0.9742689728736877,1.0,0.8412917256355286,0.0,0.0,0.0,0.0,0.0,0.18421052631578938,0.0,0.0,0.0,0.0,0.0,0.18421052631578938,0.0,0.0,0.0,0.0,0.0,0.18421052631578938,0.0,0.0,0.0,0.0,0.0,0.18421052631578938,0.0,0.0,0.0,0.0,0.0,0.18421052631578938,0.0,0.0,True,24,24,1,0.027981282,27.981282,0.013413667678833008,13.413667678833008,14.567614321166992,900.0,3.1090313333333335e-05
TP1,mpc,0,23,2018-12-01 05:45:00+00:00,32064,23,-9.633909225463867,-48.169546127319336,814.4995521347482,0.20362488803368706,6.968043668512771,0.0,0.0,0.4426559805870056,0.0,0.9734213948249817,1.0,0.9616500735282898,0.0,0.0,True,True,False,0.0,optimal,2200.0164834832603,0.014208078384399414,True,False,0,TP1,0.9740197062492371,1.0,0.8429437279701233,0.0,0.0,0.0,0.0,0.0,0.18421052631578938,0.0,0.0,0.0,0.0,0.0,0.18421052631578938,0.0,0.0,0.0,0.0,0.0,0.18421052631578938,0.0,0.0,0.0,0.0,0.0,0.18421052631578938,0.0,0.0,0.0,0.0,0.0,0.18421052631578938,0.0,0.0,True,24,24,1,0.029042864,29.042864,0.014208078384399414,14.208078384399414,14.834785615600588,900.0,3.226984888888889e-05
TP1,mpc,0,24,2018-12-01 06:00:00+00:00,32064,24,-9.93078899383545,-49.653944969177246,825.4922608550714,0.20637306521376786,7.187973861395534,0.0,0.0,0.4510948657989502,0.0,0.9727765321731567,1.0,0.9744959473609924,0.0,0.0,True,True,False,0.0,optimal,2468.724667691232,0.026288509368896484,True,False,0,TP1,0.9736413955688477,1.0,0.8526981472969055,0.0,0.0,0.0,0.0,0.0,0.18421052631578938,0.0,0.0,0.0,0.0,0.0,0.18421052631578938,0.0,0.0,0.0,0.0,0.0,0.18421052631578938,0.0,0.0,0.0,0.0,0.0,0.18421052631578938,0.0,0.0,0.0,0.0,0.0,0.18421052631578938,0.0,0.0,True,24,24,1,0.041984203,41.984203,0.026288509368896484,26.288509368896484,15.695693631103513,900.0,4.664911444444444e-05
TP1,mpc,0,25,2018-12-01 06:15:00+00:00,32064,25,-9.848928451538086,-49.24464225769043,818.9096353028162,0.20472740882570406,7.130655649399272,0.0,0.0,0.4454430937767029,0.0,0.9731849431991577,1.0,0.9667372107505798,0.0,0.0,True,True,False,0.0,optimal,2741.3139496688154,0.018166780471801758,True,False,0,TP1,0.9734426140785217,1.0,0.8516355156898499,0.0,0.0,0.0,0.0,0.0,0.18421052631578938,0.0,0.0,0.0,0.0,0.0,0.18421052631578938,0.0,0.0,0.0,0.0,0.0,0.18421052631578938,0.0,0.0,0.0,0.0,0.0,0.18421052631578938,0.0,0.0,0.0,0.0,0.0,0.18421052631578938,0.0,0.0,True,24,24,1,0.034194712,34.194712,0.018166780471801758,18.166780471801758,16.027931528198245,900.0,3.7994124444444444e-05
TP1,mpc,0,26,2018-12-01 06:30:00+00:00,32064,26,-9.783049583435059,-48.91524791717529,813.5525506675094,0.20338813766687736,7.084008834937338,0.0,0.0,0.44141387939453125,0.0,0.9734800457954407,1.0,0.9604254364967346,0.0,0.0,True,True,False,0.0,optimal,3014.227026631076,0.02098393440246582,True,False,0,TP1,0.9738954305648804,1.0,0.846608579158783,0.0,0.0,0.0,0.0,0.0,0.18421052631578938,0.0,0.0,0.0,0.0,0.0,0.18421052631578938,0.0,0.0,0.0,0.0,0.0,0.18421052631578938,0.0,0.0,0.0,0.0,0.0,0.18421052631578938,0.0,0.0,0.0,0.0,0.0,0.18421052631578938,0.0,0.0,True,24,24,1,0.036552496,36.552496,0.02098393440246582,20.98393440246582,15.568561597534176,900.0,4.061388444444444e-05
TP1,mpc,0,27,2018-12-01 06:45:00+00:00,32064,27,-9.934418678283691,-49.67209339141846,826.0688117038626,0.20651720292596565,7.192994177911383,0.0,0.0,0.44886666536331177,0.0,0.9729617834091187,1.0,0.9751646518707275,0.0,0.0,True,True,False,0.0,optimal,3285.3167895597962,0.020216703414916992,True,False,0,TP1,0.9737070798873901,1.0,0.8518456220626831,0.0,0.0,0.0,0.0,0.0,0.18421052631578938,0.0,0.0,0.0,0.0,0.0,0.18421052631578938,0.0,0.0,0.0,0.0,0.0,0.18421052631578938,0.0,0.0,0.0,0.0,0.0,0.18421052631578938,0.0,0.0,0.0,0.0,0.0,0.18421052631578938,0.0,0.0,True,24,24,1,0.036172823,36.172823,0.020216703414916992,20.216703414916992,15.956119585083007,900.0,4.019202555555555e-05
TP1,mpc,0,28,2018-12-01 07:00:00+00:00,32064,28,-7.637324619293213,-38.186623096466064,600.0232265364502,0.15000580663411256,5.553214961594848,0.0,0.0,0.34732717275619507,0.0,0.9774811267852783,1.0,0.796341598033905,0.0,0.0,True,True,False,0.05875000013038516,optimal,3551.9058850576002,0.021004438400268555,True,False,0,TP1,0.9782999753952026,1.0,0.6371654868125916,0.0,0.0,1.0,1.0,75.0,0.14473684210526305,0.0,75.0,0.0,0.0,0.0,0.18421052631578938,0.0,0.0,0.13333334028720856,0.13333334028720856,10.000000521540642,0.17894736814655746,0.0,10.0,1.0,1.0,75.0,0.14473684210526305,0.0,75.0,1.0,1.0,75.0,0.14473684210526305,0.0,75.0,True,24,24,1,0.036955474,36.955474,0.021004438400268555,21.004438400268555,15.951035599731448,900.0,4.106163777777778e-05
TP1,mpc,0,29,2018-12-01 07:15:00+00:00,32064,29,-6.7200323104858395,-33.6001615524292,524.8425867509923,0.13121064668774807,4.8574181403804335,0.0,0.0,0.31880855560302734,0.0,0.9813171625137329,1.0,0.741141140460968,0.0,0.0,True,True,False,0.07750000013038516,optimal,3812.947251785426,0.01924872398376465,True,False,0,TP1,0.9820541143417358,1.0,0.567733883857727,0.0,0.0,1.0,1.0,75.0,0.10526315789473674,0.0,75.0,1.0,1.0,75.0,0.14473684210526305,0.0,75.0,1.0,1.0,75.0,0.13947368393603116,0.0,75.0,1.0,1.0,75.0,0.10526315789473674,0.0,75.0,0.13333334028720856,0.13333334028720856,10.000000521540642,0.13947368393603113,0.0,10.0,True,24,24,1,0.035711509,35.711509,0.01924872398376465,19.24872398376465,16.462785016235355,900.0,3.967945444444445e-05
TP1,mpc,0,30,2018-12-01 07:30:00+00:00,32064,30,-8.775003433227539,-43.875017166137695,683.6017841810644,0.1709004460452661,6.326734512595752,0.0,0.0,0.3917052149772644,0.0,0.9769028425216675,1.0,0.859808087348938,0.0,0.0,True,True,False,0.0025000001303851606,optimal,4064.4849388408475,0.0303952693939209,True,False,0,TP1,0.978306233882904,1.0,0.6824612021446228,0.0,0.0,0.0,0.0,0.0,0.10526315789473674,0.0,0.0,0.13333334028720856,0.13333334028720856,10.000000521540642,0.13947368393603113,0.0,10.0,0.0,0.0,0.0,0.13947368393603116,0.0,0.0,0.0,0.0,0.0,0.10526315789473674,0.0,0.0,0.0,0.0,0.0,0.13947368393603113,0.0,0.0,True,24,24,1,0.046170689,46.170689,0.0303952693939209,30.3952693939209,15.775419606079103,900.0,5.1300765555555554e-05
TP1,mpc,0,31,2018-12-01 07:45:00+00:00,32064,31,-0.005579646863043308,-0.02789823431521654,-311.0025190385386,0.0,0.0,0.0,0.0,0.026738882064819336,0.0,0.9975913763046265,1.0010210275650024,0.6039477586746216,0.0,0.0,True,True,False,0.06124999960884426,optimal,4304.972505366596,0.019759654998779297,True,False,0,TP1,0.9902633428573608,1.0000938177108765,0.27351951599121094,0.0,0.0,0.13333334028720856,0.13333334028720856,9.999999999999792,0.1,0.0,10.0,1.0,1.0,74.99999947845913,0.1,0.0,75.0,1.0,1.0,74.99999947845919,0.1,0.0,75.0,0.13333334028720856,0.13333334028720856,9.999999999999792,0.1,0.0,10.0,1.0,1.0,74.99999947845913,0.1,0.0,75.0,True,24,24,1,0.035521971,35.521971,0.019759654998779297,19.759654998779297,15.762316001220702,900.0,3.946885666666666e-05
TP1,mpc,0,32,2018-12-01 08:00:00+00:00,32064,32,-0.019286927953362464,-0.09643463976681232,-410.635721501194,0.0,0.0,9.281668996225562,0.0023204172490563905,0.023494422435760498,0.0,0.998153567314148,1.001861333847046,0.6611608862876892,0.0,0.0,True,True,False,0.004188255686312914,optimal,4543.091800506272,0.022519588470458984,True,False,0,TP1,1.0,1.0024490356445312,0.4854547381401062,0.0,0.0,-0.2233736366033554,-0.2233736366033554,-16.753022745251656,0.10795768580399454,16.753022670745906,0.0,0.0,0.0,0.0,0.1,0.0,0.0,0.0,0.0,0.0,0.1,0.0,0.0,0.0,0.0,0.0,0.1,0.0,0.0,0.0,0.0,0.0,0.1,0.0,0.0,True,24,24,1,0.038288474,38.288474,0.022519588470458984,22.519588470458984,15.768885529541018,900.0,4.254274888888889e-05
TP1,mpc,0,33,2018-12-01 08:15:00+00:00,32064,33,-0.03998495265841484,-0.1999247632920742,-406.1405220443248,0.0,0.0,78.89773233396431,0.019724433083491078,0.026517093181610107,0.0,0.9972692131996155,1.0020111799240112,0.6613460779190063,0.0,0.0,True,True,False,0.057724192303838205,optimal,4800.626144283663,0.022575855255126953,True,False,0,TP1,0.9998139142990112,1.0022730827331543,0.47805193066596985,0.0,0.0,0.20159471035003662,0.20159471035003662,15.119603027589605,0.1,0.0,15.119603027589607,-1.0,-1.0,-75.0,0.135625,75.0,0.0,-0.8770288825035095,-0.8770288825035095,-65.77716618776321,0.13124415393918754,65.77716790605166,0.0,-1.0,-1.0,-75.0,0.135625,75.0,0.0,0.0,0.0,0.0,0.1,0.0,0.0,True,24,24,1,0.038737262,38.737262,0.022575855255126953,22.575855255126953,16.161406744873048,900.0,4.304140222222222e-05
TP1,mpc,0,34,2018-12-01 08:30:00+00:00,32064,34,-0.07926637679338455,-0.39633188396692276,-403.1591751506767,0.0,0.0,181.6295177602951,0.045407379440073774,0.04167938232421875,0.0,0.9958930611610413,1.0021700859069824,0.6628334522247314,0.0,0.0,True,True,False,0.09375,optimal,5037.157174730432,0.13343572616577148,True,False,0,TP1,0.9993193745613098,1.0023977756500244,0.47580450773239136,0.0,0.0,-1.0,-1.0,-75.0,0.135625,75.0,0.0,-1.0,-1.0,-75.0,0.17124999999999999,75.0,0.0,-1.0,-1.0,-75.0,0.16686915393918753,75.0,0.0,-1.0,-1.0,-75.0,0.17124999999999999,75.0,0.0,-1.0,-1.0,-75.0,0.135625,75.0,0.0,True,24,24,1,0.148605267,148.60526700000003,0.13343572616577148,133.43572616577148,15.16954083422853,900.0,0.00016511696333333336
TP1,mpc,0,35,2018-12-01 08:45:00+00:00,32064,35,-0.13473645150661467,-0.6736822575330734,-411.81871024059546,0.0,0.0,437.49077242877047,0.10937269310719262,0.04710167646408081,0.0,0.9955244660377502,1.0019484758377075,0.6725771427154541,0.0,0.0,True,True,False,0.08788396306335926,optimal,5237.663585612549,0.23416757583618164,True,False,0,TP1,0.999287486076355,1.0021636486053467,0.4857673943042755,0.0,0.0,-1.0,-1.0,-75.0,0.17124999999999999,75.0,0.0,-1.0,-1.0,-75.0,0.20687499999999998,75.0,0.0,-0.6871446967124939,-0.6871446967124939,-51.53585225343704,0.19134868375957012,51.5358532028179,0.0,-1.0,-1.0,-75.0,0.20687499999999998,75.0,0.0,-1.0,-1.0,-75.0,0.17124999999999999,75.0,0.0,True,24,24,1,0.249485854,249.48585400000002,0.23416757583618164,234.16757583618164,15.318278163818366,900.0,0.00027720650444444444
TP1,mpc,0,36,2018-12-01 09:00:00+00:00,32064,36,-0.16265594959259033,-0.8132797479629517,-420.6839271539593,0.0,0.0,726.2930375967483,0.18157325939918706,0.034683823585510254,0.0,0.9964434504508972,1.0017114877700806,0.6790310740470886,0.0,0.0,True,True,False,0.07740650922060013,optimal,5385.965902330168,0.33092212677001953,True,False,0,TP1,0.9999525547027588,1.00192391872406,0.49246466159820557,0.0,0.0,-0.5641735792160034,-0.5641735792160034,-42.313018441200256,0.1913486837595701,42.31301939058114,0.0,-1.0,-1.0,-75.0,0.24249999999999997,75.0,0.0,-1.0,-1.0,-75.0,0.2269736837595701,75.0,0.0,-1.0,-1.0,-75.0,0.24249999999999997,75.0,0.0,-0.5641735792160034,-0.5641735792160034,-42.313018441200256,0.1913486837595701,42.31301939058114,0.0,True,24,24,1,0.347133539,347.133539,0.33092212677001953,330.92212677001953,16.21141222998046,900.0,0.0003857039322222222
TP1,mpc,0,37,2018-12-01 09:15:00+00:00,32064,37,-0.20198757946491241,-1.009937897324562,-423.4795329159624,0.0,0.0,870.751068836508,0.217687767209127,0.04713249206542969,0.0,0.9955114126205444,1.0016734600067139,0.6848976016044617,0.0,0.0,True,True,False,0.09375,optimal,5469.9447540681585,0.3745424747467041,True,False,0,TP1,0.9992536902427673,1.0019065141677856,0.4975374639034271,0.0,0.0,-1.0,-1.0,-75.0,0.22697368375957008,75.0,0.0,-1.0,-1.0,-75.0,0.27812499999999996,75.0,0.0,-1.0,-1.0,-75.0,0.26259868375957013,75.0,0.0,-1.0,-1.0,-75.0,0.27812499999999996,75.0,0.0,-1.0,-1.0,-75.0,0.22697368375957008,75.0,0.0,True,24,24,1,0.393236508,393.23650799999996,0.3745424747467041,374.5424747467041,18.694033253295885,900.0,0.0004369294533333333
TP1,mpc,0,38,2018-12-01 09:30:00+00:00,32064,38,-0.2400747537612915,-1.2003737688064575,-429.20687315813666,0.0,0.0,1087.7012585918308,0.2719253146479577,0.04836374521255493,0.0,0.9954676032066345,1.0015331506729126,0.690075695514679,0.0,0.0,True,True,False,0.09375,optimal,5507.495387599136,0.377291202545166,True,False,0,TP1,0.9991323351860046,1.0017709732055664,0.5025726556777954,0.0,0.0,-1.0,-1.0,-75.0,0.2625986837595701,75.0,0.0,-1.0,-1.0,-75.0,0.31375,75.0,0.0,-1.0,-1.0,-75.0,0.29822368375957015,75.0,0.0,-1.0,-1.0,-75.0,0.31375,75.0,0.0,-1.0,-1.0,-75.0,0.2625986837595701,75.0,0.0,True,24,24,1,0.396068851,396.068851,0.377291202545166,377.291202545166,18.777648454833983,900.0,0.0004400765011111111
TP1,mpc,0,39,2018-12-01 09:45:00+00:00,32064,39,-0.27184775471687317,-1.3592387735843658,-434.36356855022495,0.0,0.0,1275.0387465651775,0.3187596866412944,0.049387335777282715,0.0,0.9954403042793274,1.0014111995697021,0.6954366564750671,0.0,0.0,True,True,False,0.09375,optimal,5492.812334340138,0.6432583332061768,True,False,0,TP1,0.9990172982215881,1.001645565032959,0.5071637630462646,0.0,0.0,-1.0,-1.0,-75.0,0.2982236837595701,75.0,0.0,-1.0,-1.0,-75.0,0.349375,75.0,0.0,-1.0,-1.0,-75.0,0.33384868375957016,75.0,0.0,-1.0,-1.0,-75.0,0.349375,75.0,0.0,-1.0,-1.0,-75.0,0.2982236837595701,75.0,0.0,True,24,24,1,0.661394289,661.394289,0.6432583332061768,643.2583332061768,18.13595579382321,900.0,0.0007348825433333333
TP1,mpc,0,40,2018-12-01 10:00:00+00:00,32064,40,-0.33262079358100893,-1.6631039679050446,-441.5856949933641,0.0,0.0,1520.9815586585094,0.38024538966462734,0.06135755777359009,0.0,0.9949094653129578,1.0012153387069702,0.6999155282974243,0.0,0.0,True,True,False,0.07905124677345157,optimal,5424.427549853197,0.5957322120666504,True,False,0,TP1,0.9979923367500305,1.0014296770095825,0.5137531757354736,0.0,0.0,-1.0,-1.0,-75.0,0.3338486837595701,75.0,0.0,-1.0,-1.0,-75.0,0.385,75.0,0.0,-0.21606649458408356,-0.21606649458408356,-16.204987093806267,0.3415460526291281,16.204987098965532,0.0,-1.0,-1.0,-75.0,0.385,75.0,0.0,-1.0,-1.0,-75.0,0.3338486837595701,75.0,0.0,True,24,24,1,0.614002121,614.002121,0.5957322120666504,595.7322120666504,18.269908933349566,900.0,0.0006822245788888888
TP1,mpc,0,41,2018-12-01 10:15:00+00:00,32064,41,-0.3209017515182495,-1.6045087575912476,-443.78588818130993,0.0,0.0,1622.4799851057921,0.405619996276448,0.047829508781433105,0.0,0.9955296516418457,1.0011895895004272,0.7013850808143616,0.0,0.0,True,True,False,0.09375,optimal,5292.366673867597,0.5491929054260254,True,False,0,TP1,0.9989575147628784,1.0014278888702393,0.5154414772987366,0.0,0.0,-1.0,-1.0,-75.0,0.3694736837595701,75.0,0.0,-1.0,-1.0,-75.0,0.420625,75.0,0.0,-1.0,-1.0,-75.0,0.37717105262912815,75.0,0.0,-1.0,-1.0,-75.0,0.420625,75.0,0.0,-1.0,-1.0,-75.0,0.3694736837595701,75.0,0.0,True,24,24,1,0.567942426,567.942426,0.5491929054260254,549.1929054260254,18.74952057397461,900.0,0.00063104714
TP1,mpc,0,42,2018-12-01 10:30:00+00:00,32064,42,-0.3502734899520874,-1.751367449760437,-448.0697334095112,0.0,0.0,1775.7678845655857,0.44394197114139644,0.04712367057800293,0.0,0.9955569505691528,1.001115322113037,0.7037650942802429,0.0,0.0,True,True,False,0.09375,optimal,5118.087877074278,0.0207979679107666,True,False,0,TP1,0.9990464448928833,1.0013234615325928,0.519034743309021,0.0,0.0,-1.0,-1.0,-75.0,0.40509868375957014,75.0,0.0,-1.0,-1.0,-75.0,0.45625000000000004,75.0,0.0,-1.0,-1.0,-75.0,0.41279605262912816,75.0,0.0,-1.0,-1.0,-75.0,0.45625000000000004,75.0,0.0,-1.0,-1.0,-75.0,0.40509868375957014,75.0,0.0,True,24,24,1,0.036293526,36.293526,0.0207979679107666,20.7979679107666,15.495558089233398,900.0,4.032614e-05
TP1,mpc,0,43,2018-12-01 10:45:00+00:00,32064,43,-0.45732506513595583,-2.286625325679779,-456.7553811136804,0.0,0.0,2057.078837580392,0.514269709395098,0.08312302827835083,0.0,0.9940965175628662,1.001528024673462,0.7080709934234619,0.0,0.0,True,True,False,0.09375,optimal,4898.594070035282,0.017573833465576172,True,False,0,TP1,0.9965488910675049,1.0027929544448853,0.526836633682251,0.0,0.0,-1.0,-1.0,-75.0,0.44072368375957016,75.0,0.0,-1.0,-1.0,-75.0,0.49187500000000006,75.0,0.0,1.0,1.0,75.0,0.37332236841860184,0.0,75.0,-1.0,-1.0,-75.0,0.49187500000000006,75.0,0.0,-1.0,-1.0,-75.0,0.44072368375957016,75.0,0.0,True,24,24,1,0.032944118,32.944118,0.017573833465576172,17.573833465576172,15.37028453442383,900.0,3.660457555555556e-05
TP1,mpc,0,44,2018-12-01 11:00:00+00:00,32064,44,-0.38565974235534667,-1.9282987117767334,-460.1353286718677,0.0,0.0,2173.3779660062874,0.5433444915015718,0.03240537643432617,0.0,0.9972681403160095,1.0008544921875,0.7096560001373291,0.0,0.0,True,True,False,0.09375,optimal,4645.75398511628,0.03560447692871094,True,False,0,TP1,0.9978365302085876,1.0035617351531982,0.5302097201347351,0.0,0.0,-1.0,-1.0,-75.0,0.4763486837595702,75.0,0.0,-1.0,-1.0,-75.0,0.5275000000000001,75.0,0.0,-1.0,-1.0,-75.0,0.40894736841860185,75.0,0.0,-1.0,-1.0,-75.0,0.5275000000000001,75.0,0.0,1.0,1.0,75.0,0.40124999954904383,0.0,75.0,True,24,24,1,0.051356564,51.356564,0.03560447692871094,35.60447692871094,15.752087071289063,900.0,5.706284888888889e-05
TP1,mpc,0,45,2018-12-01 11:15:00+00:00,32064,45,-0.40197935700416565,-2.0098967850208282,-461.8014456370929,0.0,0.0,2168.185300251255,0.5420463250628137,0.040089964866638184,0.0,0.9971390962600708,1.000925064086914,0.7091966271400452,0.0,0.0,True,True,False,0.07905124677345157,optimal,4379.092466603555,0.01739501953125,True,False,0,TP1,0.9984362125396729,1.0013436079025269,0.530797004699707,0.0,0.0,-1.0,-1.0,-75.0,0.5119736837595702,75.0,0.0,-1.0,-1.0,-75.0,0.5631250000000001,75.0,0.0,-1.0,-1.0,-75.0,0.44457236841860187,75.0,0.0,-1.0,-1.0,-75.0,0.5631250000000001,75.0,0.0,-0.21606649458408356,-0.21606649458408356,-16.204987093806267,0.4089473684186018,16.204987098965564,0.0,True,24,24,1,0.032784149,32.784149,0.01739501953125,17.39501953125,15.38912946875,900.0,3.642683222222222e-05
TP1,mpc,0,46,2018-12-01 11:30:00+00:00,32064,46,-0.40817817449569704,-2.040890872478485,-465.23829446459786,0.0,0.0,2228.7593505582886,0.5571898376395722,0.03594738245010376,0.0,0.9956878423690796,1.0008995532989502,0.7101446390151978,0.0,0.0,True,True,False,0.08107687029987573,optimal,4114.482808274192,0.0186307430267334,True,False,0,TP1,0.9994222521781921,1.0012640953063965,0.5336736440658569,0.0,0.0,-0.32409974932670593,-0.32409974932670593,-24.307481199502945,0.5235197373293341,24.307480173757938,0.0,-1.0,-1.0,-75.0,0.5987500000000001,75.0,0.0,-1.0,-1.0,-75.0,0.4801973684186019,75.0,0.0,-1.0,-1.0,-75.0,0.5987500000000001,75.0,0.0,-1.0,-1.0,-75.0,0.4445723684186018,75.0,0.0,True,24,24,1,0.034286203,34.286203,0.0186307430267334,18.6307430267334,15.655459973266602,900.0,3.8095781111111116e-05
TP1,mpc,0,47,2018-12-01 11:45:00+00:00,32064,47,-0.5069100737571717,-2.534550368785858,-470.85434073051147,0.0,0.0,2371.6463028558846,0.5929115757139711,0.08227962255477905,0.0,0.9941571950912476,1.001713752746582,0.7141292691230774,0.0,0.0,True,True,False,0.09375,optimal,3842.860425327318,0.01909804344177246,True,False,0,TP1,0.9963244199752808,1.0029751062393188,0.5383546352386475,0.0,0.0,-1.0,-1.0,-75.0,0.5591447373293341,75.0,0.0,-1.0,-1.0,-75.0,0.6343750000000001,75.0,0.0,1.0,1.0,75.0,0.44072368420807556,0.0,75.0,-1.0,-1.0,-75.0,0.6343750000000001,75.0,0.0,-1.0,-1.0,-75.0,0.48019736841860183,75.0,0.0,True,24,24,1,0.035203526,35.203526,0.01909804344177246,19.09804344177246,16.10548255822754,900.0,3.911502888888889e-05
TP1,mpc,0,48,2018-12-01 12:00:00+00:00,32064,48,-0.49727761149406435,-2.4863880574703217,-474.2621627817698,0.0,0.0,2399.2048587657523,0.5998012146914381,0.08227545022964478,0.0,0.9941290020942688,1.001752257347107,0.716401219367981,0.0,0.0,True,True,False,0.09368074759840965,optimal,3554.922351808611,0.021781206130981445,True,False,0,TP1,0.9963486790657043,1.0030103921890259,0.5408172011375427,0.0,0.0,-1.0,-1.0,-75.0,0.5947697373293341,75.0,0.0,-0.9963065385818481,-0.9963065385818481,-74.72299039363861,0.6698684204369785,74.72299168975042,0.0,1.0,1.0,75.0,0.40124999999754923,0.0,75.0,-1.0,-1.0,-75.0,0.6700000000000002,75.0,0.0,-1.0,-1.0,-75.0,0.5158223684186019,75.0,0.0,True,24,24,1,0.037499394,37.499393999999995,0.021781206130981445,21.781206130981445,15.718187869018553,900.0,4.1665993333333335e-05
TP1,mpc,0,49,2018-12-01 12:15:00+00:00,32064,49,-0.45626587271690366,-2.2813293635845184,-479.7664970997175,0.0,0.0,2556.4794215387665,0.6391198553846916,0.03282725811004639,0.0,0.9983144402503967,1.0028820037841797,0.7172433137893677,0.0,0.0,True,True,False,0.09375,optimal,3261.082631683912,0.020936012268066406,True,False,0,TP1,1.0,1.0035353899002075,0.5449345707893372,0.0,0.0,-1.0,-1.0,-75.0,0.6303947373293342,75.0,0.0,1.0,1.0,75.0,0.6303947362264521,0.0,75.0,-1.0,-1.0,-75.0,0.43687499999754925,75.0,0.0,1.0,1.0,75.0,0.6305263157894738,0.0,75.0,-1.0,-1.0,-75.0,0.5514473684186019,75.0,0.0,True,24,24,1,0.036561056,36.561056,0.020936012268066406,20.936012268066406,15.625043731933594,900.0,4.0623395555555555e-05
TP1,mpc,0,50,2018-12-01 12:30:00+00:00,32064,50,-0.4100945293903351,-2.0504726469516754,-479.57742792436875,0.0,0.0,2241.43832557602,0.560359581394005,0.04452919960021973,0.0,0.9956413507461548,1.0008362531661987,0.7162030935287476,0.0,0.0,True,True,False,0.09375,optimal,2949.0050972410904,0.024957656860351562,True,False,0,TP1,0.998801052570343,1.0012561082839966,0.5445212721824646,0.0,0.0,-1.0,-1.0,-75.0,0.6660197373293342,75.0,0.0,-1.0,-1.0,-75.0,0.6660197362264522,75.0,0.0,-1.0,-1.0,-75.0,0.47249999999754927,75.0,0.0,-1.0,-1.0,-75.0,0.6661513157894738,75.0,0.0,-1.0,-1.0,-75.0,0.5870723684186019,75.0,0.0,True,24,24,1,0.04045903,40.45903,0.024957656860351562,24.957656860351562,15.501373139648438,900.0,4.495447777777778e-05
TP1,mpc,0,51,2018-12-01 12:45:00+00:00,32064,51,-0.5081696152687073,-2.5408480763435364,-488.86776160202317,0.0,0.0,2651.21822117884,0.6628045552947099,0.04245758056640625,0.0,0.9968298673629761,1.001771330833435,0.7205713391304016,0.0,0.0,True,True,False,0.09375,optimal,2676.0286810662024,0.05391550064086914,True,False,0,TP1,0.9975507855415344,1.0030157566070557,0.5522415637969971,0.0,0.0,1.0,1.0,75.0,0.6265460531188078,0.0,75.0,-1.0,-1.0,-75.0,0.7016447362264522,75.00000060912971,-6.098439979369869e-07,1.0,1.0,75.0,0.43302631578702294,0.0,75.0,1.0,1.0,75.0,0.6266776315789475,0.0,75.0,-1.0,-1.0,-75.0,0.6226973684186019,75.0,0.0,True,24,24,1,0.069450493,69.45049300000001,0.05391550064086914,53.91550064086914,15.534992359130861,900.0,7.716721444444445e-05
TP1,mpc,0,52,2018-12-01 13:00:00+00:00,32064,52,-0.4262883305549622,-2.131441652774811,-490.0201804430253,0.0,0.0,2435.7260575610962,0.608931514390274,0.03070533275604248,0.0,0.9989097714424133,1.002901315689087,0.7205692529678345,0.0,0.0,True,True,False,0.09192187450826168,optimal,2351.455302440244,0.019744157791137695,True,False,0,TP1,1.0,1.003563404083252,0.5531629920005798,0.0,0.0,-1.0,-1.0,-75.0,0.6621710531188079,75.0,0.0,1.0,1.0,75.0,0.6621710520159259,0.0,75.0,-1.0,-1.0,-75.0,0.46865131578702296,75.0,0.0,-1.0,-1.0,-75.0,0.6623026315789475,75.0,0.0,0.9024999737739563,0.9024999737739563,67.68749803304672,0.5870723694538404,0.0,67.6874999953439,True,24,24,1,0.035562893,35.562892999999995,0.019744157791137695,19.744157791137695,15.818735208862304,900.0,3.951432555555555e-05
TP1,mpc,0,53,2018-12-01 13:15:00+00:00,32064,53,-0.3995704710483551,-1.9978523552417755,-493.63663674648706,0.0,0.0,2242.7494668257455,0.5606873667064364,0.03154611587524414,0.0,0.9971984624862671,1.0007725954055786,0.7138926982879639,0.0,0.0,True,True,False,0.08969875238835812,optimal,2053.2331337475307,0.017742395401000977,True,False,0,TP1,0.9976893663406372,1.0027662515640259,0.5541533827781677,0.0,0.0,-1.0,-1.0,-75.0,0.6977960531188079,75.0,0.0,-1.0,-1.0,-75.0,0.6977960520159259,75.0,0.0,-1.0,-1.0,-75.0,0.5042763157870229,75.0,0.0,1.0,1.0,75.0,0.6228289473684212,0.0,75.0,-0.7839334607124329,-0.7839334607124329,-58.795009553432465,0.6149999989917209,58.79501167612551,0.0,True,24,24,1,0.032937305,32.937305,0.017742395401000977,17.742395401000977,15.194909598999024,900.0,3.6597005555555557e-05
TP1,mpc,0,54,2018-12-01 13:30:00+00:00,32064,54,-0.3987235903739929,-1.9936179518699646,-497.429404606919,0.0,0.0,2131.972808123621,0.5329932020309052,0.03874272108078003,0.0,0.9958070516586304,1.001645803451538,0.7168681621551514,0.0,0.0,True,True,False,0.09220868200063706,optimal,1780.7995620205195,0.03042888641357422,True,False,0,TP1,0.9993107318878174,1.0025190114974976,0.5557564496994019,0.0,0.0,1.0,1.0,75.0,0.6583223689082816,0.0,75.0,-1.0,-1.0,-75.0,0.7334210520159259,75.0,0.0,-0.9177963733673096,-0.9177963733673096,-68.83472800254822,0.5369728115882333,68.83472658908325,0.0,-1.0,-1.0,-75.0,0.6584539473684212,75.0,0.0,-1.0,-1.0,-75.0,0.6506249989917209,75.0,0.0,True,24,24,1,0.046276506,46.276506000000005,0.03042888641357422,30.42888641357422,15.847619586425783,900.0,5.1418340000000005e-05
TP1,mpc,0,55,2018-12-01 13:45:00+00:00,32064,55,-0.47411085963249205,-2.3705542981624603,-499.16130660290037,0.0,0.0,2162.28013631288,0.54057003407822,0.08202308416366577,0.0,0.995893657207489,1.0065383911132812,0.7130932211875916,0.0,0.0,True,True,False,0.09375,optimal,1519.6142456210387,0.025149822235107422,True,False,0,TP1,0.999347448348999,1.0071122646331787,0.5574089884757996,0.0,0.0,1.0,1.0,75.0,0.6188486846977552,0.0,75.0,1.0,1.0,75.0,0.6939473678053996,0.0,75.0,-1.0,-1.0,-75.0,0.5725978115882333,75.0,0.0,-1.0,-1.0,-75.0,0.6940789473684212,75.0,0.0,-1.0,-1.0,-75.0,0.6862499989917209,75.0,0.0,True,24,24,1,0.041625792,41.625792000000004,0.025149822235107422,25.149822235107422,16.47596976489258,900.0,4.625088e-05
TP1,mpc,0,56,2018-12-01 14:00:00+00:00,32064,56,-0.3180085778236389,-1.5900428891181946,-501.3193072679769,0.0,0.0,1815.7165241007203,0.45392913102518007,0.03285032510757446,0.0,0.9972378015518188,1.0007059574127197,0.714289665222168,0.0,0.0,True,True,False,0.07486500176601112,optimal,1256.0308940555615,0.020779848098754883,True,False,0,TP1,0.9984899759292603,1.0016447305679321,0.5579448342323303,0.0,0.0,-0.8919667601585388,-0.8919667601585388,-66.89750701189041,0.6506250005284032,66.89750589946287,0.0,-1.0,-1.0,-75.0,0.7295723678053996,75.0,0.0,-1.0,-1.0,-75.0,0.6082228115882333,75.0,0.0,0.10083333402872086,0.10083333402872086,7.562500052154064,0.690098684183077,0.0,7.562500000000553,-1.0,-1.0,-75.0,0.7218749989917209,75.0,0.0,True,24,24,1,0.044438133,44.438133,0.020779848098754883,20.779848098754883,23.658284901245114,900.0,4.9375703333333334e-05
TP1,mpc,0,57,2018-12-01 14:15:00+00:00,32064,57,-0.30541378259658813,-1.5270689129829407,-500.74905981682605,0.0,0.0,1556.5721745093667,0.3891430436273417,0.04228013753890991,0.0,0.9955728650093079,1.0006598234176636,0.71990966796875,0.0,0.0,True,True,False,0.09375,optimal,1034.4106187576751,0.05926632881164551,True,False,0,TP1,0.9988753199577332,1.0015885829925537,0.5594713687896729,0.0,0.0,-1.0,-1.0,-75.0,0.6862500005284032,75.0,0.0,-1.0,-1.0,-75.0,0.7651973678053996,75.0,0.0,-1.0,-1.0,-75.0,0.6438478115882333,75.0,0.0,-1.0,-1.0,-75.0,0.725723684183077,75.0,0.0,-1.0,-1.0,-75.0,0.7574999989917209,75.0,0.0,True,24,24,1,0.074996523,74.996523,0.05926632881164551,59.26632881164551,15.730194188354488,900.0,8.332947e-05
TP1,mpc,0,58,2018-12-01 14:30:00+00:00,32064,58,-0.2837056636810303,-1.4185283184051514,-500.2788362241972,0.0,0.0,1417.5087507929043,0.35437718769822607,0.04082226753234863,0.0,0.9953638315200806,1.000666856765747,0.7175769209861755,0.0,0.0,True,True,False,0.08969875350594521,optimal,846.4714368469146,0.029418230056762695,True,False,0,TP1,0.998970627784729,1.0016145706176758,0.5592869520187378,0.0,0.0,-1.0,-1.0,-75.0,0.7218750005284033,75.0,0.0,-0.7839335203170776,-0.7839335203170776,-58.79501402378082,0.7931249994666955,58.795015146527255,0.0,-1.0,-1.0,-75.0,0.6794728115882334,75.0,0.0,-1.0,-1.0,-75.0,0.761348684183077,75.0,0.0,-1.0,-1.0,-75.0,0.793124998991721,75.0,0.0,True,24,24,1,0.044697878,44.697878,0.029418230056762695,29.418230056762695,15.279647943237308,900.0,4.966430888888889e-05
TP1,mpc,0,59,2018-12-01 14:45:00+00:00,32064,59,-0.27637248635292055,-1.3818624317646027,-500.55697094671814,0.0,0.0,1495.4770828909404,0.3738692707227351,0.019378840923309326,0.0,0.9984840750694275,1.0009182691574097,0.7186961770057678,0.0,0.0,True,True,False,0.08820312470197678,optimal,677.590051774332,0.03629350662231445,True,False,0,TP1,0.999685525894165,1.002563714981079,0.5598335862159729,0.0,0.0,0.8991667032241821,0.8991667032241821,67.43750274181366,0.6863815780327118,0.0,67.43750227961787,-1.0,-1.0,-75.0,0.8287499994666955,75.0,0.0,-1.0,-1.0,-75.0,0.7150978115882334,75.0,0.0,-1.0,-1.0,-75.0,0.796973684183077,75.0,0.0,0.8049999475479126,0.8049999475479126,60.374996066093445,0.7613486852727244,0.0,60.37499808426985,True,24,24,1,0.051754241,51.754241,0.03629350662231445,36.29350662231445,15.460734377685545,900.0,5.750471222222222e-05
TP1,mpc,0,60,2018-12-01 15:00:00+00:00,32064,60,-0.25454298257827757,-1.272714912891388,-500.269536637461,0.0,0.0,1311.8463397901498,0.32796158494753747,0.029635310173034668,0.0,0.9977200031280518,1.0021252632141113,0.7210144400596619,0.0,0.0,True,True,False,0.09009375013411045,optimal,497.4693633690921,0.0389409065246582,True,False,0,TP1,1.0,1.002827525138855,0.559993326663971,0.0,0.0,-1.0,-1.0,-75.0,0.7220065780327118,75.0,0.0,0.8050000071525574,0.8050000071525574,60.3750005364418,0.796973683394884,0.0,60.3749989867215,-1.0,-1.0,-75.0,0.7507228115882334,75.0,0.0,1.0,1.0,75.0,0.7574999999725507,0.0,75.0,-1.0,-1.0,-75.0,0.7969736852727244,75.0,0.0,True,24,24,1,0.053918091,53.918091000000004,0.0389409065246582,38.9409065246582,14.977184475341797,900.0,5.9908990000000005e-05
TP1,mpc,0,61,2018-12-01 15:15:00+00:00,32064,61,-0.19947143495082856,-0.9973571747541428,-500.5442925089483,0.0,0.0,968.9639199249991,0.24224097998124977,0.03628849983215332,0.0,0.9969659447669983,1.0007140636444092,0.7165312170982361,0.0,0.0,True,True,False,0.09375,optimal,340.52423168403084,0.04180312156677246,True,False,0,TP1,0.997514009475708,1.002478003501892,0.558417797088623,0.0,0.0,-1.0,-1.0,-75.0,0.7576315780327119,75.0,0.0,-1.0,-1.0,-75.0,0.832598683394884,75.0,0.0,-1.0,-1.0,-75.0,0.7863478115882334,75.0,0.0,-1.0,-1.0,-75.0,0.7931249999725507,75.0,0.0,1.0,1.0,75.0,0.7575000010621981,0.0,75.00000155026609,True,24,24,1,0.057005487,57.005487,0.04180312156677246,41.80312156677246,15.20236543322754,900.0,6.333943e-05
TP1,mpc,0,62,2018-12-01 15:30:00+00:00,32064,62,-0.1665785163640976,-0.832892581820488,-500.10320951105314,0.0,0.0,609.6997272322789,0.1524249318080697,0.05475693941116333,0.0,0.9943757653236389,1.0008008480072021,0.7122665047645569,0.0,0.0,True,True,False,0.09375,optimal,225.52167899505145,0.03225564956665039,True,False,0,TP1,0.9978588819503784,1.00180983543396,0.5581318736076355,0.0,0.0,-1.0,-1.0,-75.0,0.7932565780327119,75.0,0.0,-1.0,-1.0,-75.0,0.868223683394884,75.0,0.0,-1.0,-1.0,-75.0,0.8219728115882334,75.0,0.0,-1.0,-1.0,-75.0,0.8287499999725507,75.0,0.0,-1.0,-1.0,-75.0,0.7931250010621981,75.0,0.0,True,24,24,1,0.04726907,47.269070000000006,0.03225564956665039,32.25564956665039,15.013420433349612,900.0,5.252118888888889e-05
TP1,mpc,0,63,2018-12-01 15:45:00+00:00,32064,63,-0.16511636078357697,-0.8255818039178848,-498.9744183978928,0.0,0.0,503.6593556621016,0.1259148389155254,0.05793255567550659,0.0,0.9942542910575867,1.00356924533844,0.7194981575012207,0.0,0.0,True,True,False,0.09375,optimal,156.89760147052576,0.02878260612487793,True,False,0,TP1,0.9977614283561707,1.0043690204620361,0.5589014291763306,0.0,0.0,-1.0,-1.0,-75.0,0.8288815780327119,75.0,0.0,1.0,1.0,75.0,0.8287499991843577,0.0,74.99999845027959,-1.0,-1.0,-75.0,0.8575978115882334,75.00000026464028,-2.6535455090876187e-07,-1.0,-1.0,-75.0,0.8643749999725507,75.0,0.0,-1.0,-1.0,-75.0,0.8287500010621981,75.0,0.0,True,24,24,1,0.043812084,43.812084,0.02878260612487793,28.78260612487793,15.02947787512207,900.0,4.868009333333333e-05
TP1,mpc,0,64,2018-12-01 16:00:00+00:00,32064,64,-0.09396346658468246,-0.4698173329234123,-499.0650301160713,0.0,0.0,127.26116354929263,0.031815290887323155,0.06173354387283325,0.0,0.9936193823814392,1.000901460647583,0.718772828578949,0.0,0.0,True,True,False,0.09375,optimal,100.27825570945889,0.02065253257751465,True,False,0,TP1,0.9972548484802246,1.0019252300262451,0.557998776435852,0.0,0.0,-1.0,-1.0,-75.0,0.8645065780327119,75.0,0.0,-1.0,-1.0,-75.0,0.8643749991843577,75.0,0.0,-1.0,-1.0,-75.0,0.8932228115882335,75.0,0.0,-1.0,-1.0,-75.0,0.8999999999725508,75.0,0.0,-1.0,-1.0,-75.0,0.8643750010621981,75.0,0.0,True,24,24,1,0.035594168,35.594168,0.02065253257751465,20.65253257751465,14.941635422485353,900.0,3.9549075555555556e-05
TP1,mpc,0,65,2018-12-01 16:15:00+00:00,32064,65,-0.08229837864637375,-0.41149189323186874,-500.13340704254006,0.0,0.0,4.867892571276968,0.001216973142819242,0.07182967662811279,0.0,0.9941840171813965,1.0014036893844604,0.7181804776191711,0.0,0.0,True,True,False,0.05974768909117457,optimal,92.5292641334047,0.018904447555541992,True,False,0,TP1,0.9971021413803101,1.0026042461395264,0.5585942268371582,0.0,0.0,-0.9963065981864929,-0.9963065981864929,-74.72299361534338,0.9,74.72299361534338,0.0,-1.0,-1.0,-75.0,0.8999999991843577,74.99999943571798,0.0,-0.1902368664741516,-0.1902368664741516,-14.26776498556137,0.8999999999563751,14.267765077403274,0.0,0.0,0.0,0.0,0.8999999999725508,0.0,0.0,-1.0,-1.0,-74.9999977637935,0.9,75.0,0.0,True,24,24,1,0.03362031,33.62031,0.018904447555541992,18.904447555541992,14.715862444458008,900.0,3.73559e-05
TP1,mpc,0,66,2018-12-01 16:30:00+00:00,32064,66,-0.016759512946009636,-0.08379756473004818,-480.08897998556677,0.0,0.0,0.0,0.0,0.03932666778564453,0.0,0.9958668351173401,1.0013121366500854,0.7158265113830566,0.0,0.0,True,True,False,0.0,optimal,98.90808816491572,0.013785362243652344,True,False,0,TP1,0.9991673827171326,1.0024304389953613,0.5230925679206848,0.0,0.0,0.0,0.0,0.0,0.9,0.0,0.0,0.0,0.0,0.0,0.8999999991843577,0.0,0.0,-0.0,-0.0,0.0,0.8999999999563751,0.0,-7.717301131170513e-08,-0.0,-0.0,0.0,0.8999999999725508,0.0,-4.715362364197063e-08,0.0,0.0,0.0,0.9,0.0,0.0,True,24,24,1,0.02844524,28.445240000000002,0.013785362243652344,13.785362243652344,14.659877756347656,900.0,3.160582222222222e-05
TP1,mpc,0,67,2018-12-01 16:45:00+00:00,32064,67,-0.158090740442276,-0.79045370221138,-192.21217576955496,0.0,0.0,0.0,0.0,0.12160825729370117,0.0,0.9923123717308044,1.0000642538070679,0.5604376196861267,0.0,0.0,True,True,False,0.0,optimal,105.28079749272351,0.022034645080566406,True,False,0,TP1,0.9940456748008728,1.0012608766555786,0.31968942284584045,0.0,0.0,0.0,0.0,0.0,0.9,0.0,0.0,0.0,0.0,0.0,0.8999999991843577,0.0,0.0,-0.0,-0.0,0.0,0.8999999999563751,0.0,-7.717303973341456e-08,-0.0,-0.0,0.0,0.8999999999725508,0.0,-4.715362364197063e-08,0.0,0.0,0.0,0.9,0.0,0.0,True,24,24,1,0.03689138,36.89138,0.022034645080566406,22.034645080566406,14.856734919433595,900.0,4.0990422222222224e-05
TP1,mpc,0,68,2018-12-01 17:00:00+00:00,32064,68,-0.19028555154800414,-0.9514277577400208,-3.8742540057228325,0.0,0.0,0.0,0.0,0.16040021181106567,0.0,0.9907171726226807,1.0,0.5201228260993958,0.0,0.0,True,True,False,0.03059656620025635,optimal,111.59429869705525,0.0226442813873291,True,False,0,TP1,0.991324245929718,1.000314712524414,0.25705572962760925,0.0,0.0,1.0,1.0,75.0,0.8605263157894737,0.0,75.0,0.0,0.0,0.0,0.8999999991843577,0.0,0.0,0.0,0.0,0.0,0.8999999999563751,0.0,0.0,0.0,0.0,0.0,0.8999999999725508,0.0,0.0,0.6318168640136719,0.6318168640136719,47.38626480102539,0.8750598606310392,0.0,47.38626539707093,True,24,24,1,0.038949478,38.949478,0.0226442813873291,22.6442813873291,16.3051966126709,900.0,4.327719777777778e-05
TP1,mpc,0,69,2018-12-01 17:15:00+00:00,32064,69,-7.416861057281494,-37.08430528640747,465.37621117272465,0.11634405279318116,5.4367575870253555,0.0,0.0,0.29385507106781006,0.0,0.9822534918785095,1.0,0.7024380564689636,0.0,0.0,True,True,False,0.09375,optimal,118.15176147808626,0.021312952041625977,True,False,0,TP1,0.9833759069442749,1.0,0.5008699893951416,0.0,0.0,1.0,1.0,75.0,0.8210526315789474,0.0,75.0,1.0,1.0,75.0,0.8605263149738314,0.0,75.0,1.0,1.0,75.0,0.8605263157458488,0.0,75.0,1.0,1.0,75.0,0.8605263157620244,0.0,75.0,1.0,1.0,75.0,0.8355861764205129,0.0,75.0,True,24,24,1,0.036284168,36.284168,0.021312952041625977,21.312952041625977,14.971215958374023,900.0,4.0315742222222223e-05
TP1,mpc,0,70,2018-12-01 17:30:00+00:00,32064,70,-7.420432090759277,-37.10216045379639,463.3452403068077,0.11583631007670192,5.413030769884281,0.0,0.0,0.29464244842529297,0.0,0.982155978679657,1.0,0.7001290321350098,0.0,0.0,True,True,False,0.09375,optimal,119.63699245953856,0.017567873001098633,True,False,0,TP1,0.9830155968666077,1.0,0.5184230804443359,0.0,0.0,1.0,1.0,75.0,0.781578947368421,0.0,75.0,1.0,1.0,75.0,0.821052630763305,0.0,75.0,1.0,1.0,75.0,0.8210526315353225,0.0,75.0,1.0,1.0,75.0,0.8210526315514981,0.0,75.0,1.0,1.0,75.0,0.7961124922099866,0.0,75.0,True,24,24,1,0.032301059,32.301059,0.017567873001098633,17.567873001098633,14.733185998901368,900.0,3.5890065555555556e-05
TP1,mpc,0,71,2018-12-01 17:45:00+00:00,32064,71,-7.466170787811279,-37.3308539390564,466.25789579911725,0.11656447394977931,5.447057867673187,0.0,0.0,0.2957988977432251,0.0,0.982107937335968,1.0,0.7034021019935608,0.0,0.0,True,True,False,0.09375,optimal,120.86911992920867,0.021784543991088867,True,False,0,TP1,0.983014702796936,1.0,0.518660306930542,0.0,0.0,1.0,1.0,75.0,0.7421052631578947,0.0,75.0,1.0,1.0,75.0,0.7815789465527787,0.0,75.0,1.0,1.0,75.0,0.7815789473247962,0.0,75.0,1.0,1.0,75.0,0.7815789473409718,0.0,75.0,1.0,1.0,75.0,0.7566388079994603,0.0,75.0,True,24,24,1,0.036672733,36.672733,0.021784543991088867,21.784543991088867,14.888189008911132,900.0,4.074748111111111e-05
TP1,mpc,0,72,2018-12-01 18:00:00+00:00,32064,72,-7.212060928344727,-36.06030464172363,470.8131974271055,0.11770329935677637,5.250744184305794,0.0,0.0,0.29664361476898193,0.0,0.9822080731391907,1.0,0.7085269093513489,0.0,0.0,True,True,False,0.09375,optimal,122.04508663096132,0.02203845977783203,True,False,0,TP1,0.9826732873916626,1.0,0.5346216559410095,0.0,0.0,1.0,1.0,75.0,0.7026315789473684,0.0,75.0,1.0,1.0,75.0,0.7421052623422524,0.0,75.0,1.0,1.0,75.0,0.7421052631142698,0.0,75.0,1.0,1.0,75.0,0.7421052631304454,0.0,75.0,1.0,1.0,75.0,0.7171651237889339,0.0,75.0,True,24,24,1,0.038568699,38.568698999999995,0.02203845977783203,22.03845977783203,16.530239222167967,900.0,4.285411e-05
TP1,mpc,0,73,2018-12-01 18:15:00+00:00,32064,73,-7.22255802154541,-36.11279010772705,471.49869557392776,0.11787467389348194,5.258389202388229,0.0,0.0,0.2970730662345886,0.0,0.9822813272476196,1.0,0.7096989154815674,0.0,0.0,True,True,False,0.09375,optimal,123.64679226501013,0.015235424041748047,True,False,0,TP1,0.9829778671264648,1.0,0.5301988124847412,0.0,0.0,1.0,1.0,75.0,0.6631578947368421,0.0,75.0,1.0,1.0,75.0,0.702631578131726,0.0,75.0,1.0,1.0,75.0,0.7026315789037435,0.0,75.0,1.0,1.0,75.0,0.7026315789199191,0.0,75.0,1.0,1.0,75.0,0.6776914395784076,0.0,75.0,True,24,24,1,0.031470914,31.470914000000004,0.015235424041748047,15.235424041748047,16.235489958251957,900.0,3.496768222222222e-05
TP1,mpc,0,74,2018-12-01 18:30:00+00:00,32064,74,-7.243814945220947,-36.219074726104736,473.0217653936961,0.11825544134842403,5.275375238553196,0.0,0.0,0.29643863439559937,0.0,0.9823445081710815,1.0,0.7114137411117554,0.0,0.0,True,True,False,0.09375,optimal,125.27055087295275,0.019420862197875977,True,False,0,TP1,0.9831430912017822,1.0,0.5296562314033508,0.0,0.0,1.0,1.0,75.0,0.6236842105263157,0.0,75.0,1.0,1.0,75.0,0.6631578939211997,0.0,75.0,1.0,1.0,75.0,0.6631578946932172,0.0,75.0,1.0,1.0,75.0,0.6631578947093928,0.0,75.0,1.0,1.0,75.0,0.6382177553678813,0.0,75.0,True,24,24,1,0.034900942,34.900942,0.019420862197875977,19.420862197875977,15.48007980212402,900.0,3.877882444444444e-05
TP1,mpc,0,75,2018-12-01 18:45:00+00:00,32064,75,-7.1801862716674805,-35.9009313583374,468.86737926774913,0.11721684481693728,5.229043447283572,0.0,0.0,0.2938251495361328,0.0,0.9825186729431152,1.0,0.7067258954048157,0.0,0.0,True,True,False,0.09375,optimal,126.86177468076852,0.016123294830322266,True,False,0,TP1,0.9832102060317993,1.0,0.5303308963775635,0.0,0.0,1.0,1.0,75.0,0.5842105263157894,0.0,75.0,1.0,1.0,75.0,0.6236842097106734,0.0,75.0,1.0,1.0,75.0,0.6236842104826908,0.0,75.0,1.0,1.0,75.0,0.6236842104988665,0.0,75.0,1.0,1.0,75.0,0.598744071157355,0.0,75.0,True,24,24,1,0.031191405,31.191405,0.016123294830322266,16.123294830322266,15.068110169677732,900.0,3.465711666666667e-05
TP1,mpc,0,76,2018-12-01 19:00:00+00:00,32064,76,-6.436212539672852,-32.18106269836426,468.93588840134726,0.11723397210033681,4.656533371825378,0.0,0.0,0.2940477132797241,0.0,0.9825036525726318,1.0,0.7068039178848267,0.0,0.0,True,True,False,0.09375,optimal,128.39590265469656,0.020139217376708984,True,False,0,TP1,0.9834032654762268,1.0,0.5255680084228516,0.0,0.0,1.0,1.0,75.0,0.5447368421052631,0.0,75.0,1.0,1.0,75.0,0.5842105255001471,0.0,75.0,1.0,1.0,75.0,0.5842105262721645,0.0,75.0,1.0,1.0,75.0,0.5842105262883401,0.0,75.0,1.0,1.0,75.0,0.5592703869468286,0.0,75.0,True,24,24,1,0.035106306,35.106306,0.020139217376708984,20.139217376708984,14.967088623291012,900.0,3.9007006666666664e-05
TP1,mpc,0,77,2018-12-01 19:15:00+00:00,32064,77,-6.389327049255371,-31.946635246276855,465.4407527391413,0.11636018818478533,4.6218266746996735,0.0,0.0,0.29268890619277954,0.0,0.9825277924537659,1.0,0.7028682827949524,0.0,0.0,True,True,False,0.09375,optimal,130.27826535014339,0.021631717681884766,True,False,0,TP1,0.9834004640579224,1.0,0.5249807834625244,0.0,0.0,1.0,1.0,75.0,0.5052631578947367,0.0,75.0,1.0,1.0,75.0,0.5447368412896207,0.0,75.0,1.0,1.0,75.0,0.5447368420616382,0.0,75.0,1.0,1.0,75.0,0.5447368420778138,0.0,75.0,1.0,1.0,75.0,0.5197967027363023,0.0,75.0,True,24,24,1,0.037034571,37.034571,0.021631717681884766,21.631717681884766,15.402853318115236,900.0,4.1149523333333336e-05
TP1,mpc,0,78,2018-12-01 19:30:00+00:00,32064,78,-6.29401969909668,-31.4700984954834,458.5608143695481,0.11464020359238702,4.553508886689612,0.0,0.0,0.2876932621002197,0.0,0.9829025864601135,1.0,0.6951119303703308,0.0,0.0,True,True,False,0.09375,optimal,132.1482753190819,0.022336244583129883,True,False,0,TP1,0.9835782051086426,1.0,0.5208653211593628,0.0,0.0,1.0,1.0,75.0,0.4657894736842104,0.0,75.0,1.0,1.0,75.0,0.5052631570790944,0.0,75.0,1.0,1.0,75.0,0.5052631578511119,0.0,75.0,1.0,1.0,75.0,0.5052631578672875,0.0,75.0,1.0,1.0,75.0,0.48032301852577597,0.0,75.0,True,24,24,1,0.038350573,38.350573,0.022336244583129883,22.336244583129883,16.014328416870114,900.0,4.261174777777778e-05
TP1,mpc,0,79,2018-12-01 19:45:00+00:00,32064,79,-6.272949695587158,-31.36474847793579,456.9909470806124,0.1142477367701531,4.537920104510481,0.0,0.0,0.28707432746887207,0.0,0.9829349517822266,1.0,0.6933459639549255,0.0,0.0,True,True,False,0.09375,optimal,134.0211929506554,0.019686460494995117,True,False,0,TP1,0.9837634563446045,1.0,0.5158653855323792,0.0,0.0,1.0,1.0,75.0,0.4263157894736841,0.0,75.0,1.0,1.0,75.0,0.4657894728685681,0.0,75.0,1.0,1.0,75.0,0.46578947364058554,0.0,75.0,1.0,1.0,75.0,0.46578947365676115,0.0,75.0,1.0,1.0,75.0,0.44084933431524964,0.0,75.0,True,24,24,1,0.036936692,36.936692,0.019686460494995117,19.686460494995117,17.250231505004884,900.0,4.104076888888889e-05
TP1,mpc,0,80,2018-12-01 20:00:00+00:00,32064,80,-9.852560043334961,-49.262800216674805,776.9929441051318,0.19424823602628294,7.117255368003007,0.0,0.0,0.4275466203689575,0.0,0.9749383330345154,1.0,0.9376863837242126,0.0,0.0,True,True,False,0.014999999664723873,optimal,135.89053491174764,0.02198171615600586,True,False,0,TP1,0.9758185744285583,1.0,0.8094526529312134,0.0,0.0,0.0,0.0,0.0,0.4263157894736841,0.0,0.0,0.2666666507720947,0.2666666507720947,19.999998807907104,0.4552631577065117,0.0,19.99999845027921,0.2666666507720947,0.2666666507720947,19.999998807907104,0.45526315847852916,0.0,19.999999917112365,0.2666666805744171,0.2666666805744171,20.000001043081284,0.4552631573182973,0.0,19.99999994784604,0.0,0.0,0.0,0.44084933431524964,0.0,0.0,True,24,24,1,0.03705726,37.05726,0.02198171615600586,21.98171615600586,15.075543843994142,900.0,4.117473333333334e-05
TP1,mpc,0,81,2018-12-01 20:15:00+00:00,32064,81,-10.506856918334961,-52.534284591674805,832.71536713778,0.208178841784445,7.6276727629820655,0.0,0.0,0.44841498136520386,0.0,0.9735767245292664,1.0,0.9829866290092468,0.0,0.0,True,True,False,2.7730131524350556e-10,optimal,135.34035910990093,0.015488386154174805,True,False,0,TP1,0.9743306040763855,1.0,0.8662727475166321,0.0,0.0,0.0,0.0,0.0,0.4263157894736841,0.0,0.0,0.0,0.0,0.0,0.4552631577065117,0.0,0.0,1.4789403479653629e-08,1.4789403479653629e-08,1.1092052609740222e-06,0.4552631578947369,0.0,1.109205249871792e-06,-0.0,-0.0,0.0,0.4552631573182973,0.0,-1.0902352746951278e-06,0.0,0.0,0.0,0.44084933431524964,0.0,0.0,True,24,24,1,0.030289352,30.289351999999997,0.015488386154174805,15.488386154174805,14.800965845825194,900.0,3.365483555555555e-05
TP1,mpc,0,82,2018-12-01 20:30:00+00:00,32064,82,-10.47482967376709,-52.37414836883545,830.7967224700405,0.20769918061751014,7.610097977825571,0.0,0.0,0.4474632143974304,0.0,0.9736256003379822,1.0,0.980729341506958,0.0,0.0,True,True,False,0.0,optimal,134.32190125199395,0.018219947814941406,True,False,0,TP1,0.9743779897689819,1.0,0.8630844950675964,0.0,0.0,0.0,0.0,0.0,0.4263157894736841,0.0,0.0,0.0,0.0,0.0,0.4552631577065117,0.0,0.0,0.0,0.0,0.0,0.4552631578947369,0.0,0.0,0.0,0.0,0.0,0.4552631573182973,0.0,0.0,0.0,0.0,0.0,0.44084933431524964,0.0,0.0,True,24,24,1,0.034997906,34.997906,0.018219947814941406,18.219947814941406,16.777958185058598,900.0,3.888656222222222e-05
TP1,mpc,0,83,2018-12-01 20:45:00+00:00,32064,83,-10.444377899169922,-52.22188949584961,828.3566555630841,0.20708916389077103,7.587746964957851,0.0,0.0,0.4463895559310913,0.0,0.9736673831939697,1.0,0.97785884141922,0.0,0.0,True,True,False,0.0,optimal,133.27256202401048,0.019501686096191406,True,False,0,TP1,0.9745017886161804,1.0,0.8586140275001526,0.0,0.0,0.0,0.0,0.0,0.4263157894736841,0.0,0.0,0.0,0.0,0.0,0.4552631577065117,0.0,0.0,0.0,0.0,0.0,0.4552631578947369,0.0,0.0,0.0,0.0,0.0,0.4552631573182973,0.0,0.0,0.0,0.0,0.0,0.44084933431524964,0.0,0.0,True,24,24,1,0.038635316,38.635316,0.019501686096191406,19.501686096191406,19.133629903808597,900.0,4.2928128888888894e-05
TP1,mpc,0,84,2018-12-01 21:00:00+00:00,32064,84,-10.133447647094727,-50.66723823547363,823.1601645522915,0.20579004113807287,7.350820269451963,0.0,0.0,0.44413912296295166,0.0,0.9738083481788635,1.0,0.9717556834220886,0.0,0.0,True,True,False,0.0,optimal,132.21478076606746,0.02080702781677246,True,False,0,TP1,0.9745423793792725,1.0,0.8552677035331726,0.0,0.0,0.0,0.0,0.0,0.4263157894736841,0.0,0.0,0.0,0.0,0.0,0.4552631577065117,0.0,0.0,0.0,0.0,0.0,0.4552631578947369,0.0,0.0,0.0,0.0,0.0,0.4552631573182973,0.0,0.0,0.0,0.0,0.0,0.44084933431524964,0.0,0.0,True,24,24,1,0.037797082,37.797082,0.02080702781677246,20.80702781677246,16.990054183227542,900.0,4.199675777777778e-05
TP1,mpc,0,85,2018-12-01 21:15:00+00:00,32064,85,-10.010462760925293,-50.052313804626465,813.181178754121,0.20329529468853025,7.2617079262743,0.0,0.0,0.438647985458374,0.0,0.9741195440292358,1.0,0.9600904583930969,0.0,0.0,True,True,False,0.0,optimal,131.21337651503558,0.018901824951171875,True,False,0,TP1,0.974750280380249,1.0,0.8474077582359314,0.0,0.0,0.0,0.0,0.0,0.4263157894736841,0.0,0.0,0.0,0.0,0.0,0.4552631577065117,0.0,0.0,0.0,0.0,0.0,0.4552631578947369,0.0,0.0,0.0,0.0,0.0,0.4552631573182973,0.0,0.0,0.0,0.0,0.0,0.44084933431524964,0.0,0.0,True,24,24,1,0.035879718,35.879718,0.018901824951171875,18.901824951171875,16.977893048828122,900.0,3.986635333333333e-05
TP1,mpc,0,86,2018-12-01 21:30:00+00:00,32064,86,-9.897696495056152,-49.48848247528076,804.0408679798929,0.20101021699497323,7.180084951060444,0.0,0.0,0.43352800607681274,0.0,0.9744136929512024,1.0,0.9492343068122864,0.0,0.0,True,True,False,0.0,optimal,130.27182286424744,0.01941061019897461,True,False,0,TP1,0.9750479459762573,1.0,0.8373340368270874,0.0,0.0,0.0,0.0,0.0,0.4263157894736841,0.0,0.0,0.0,0.0,0.0,0.4552631577065117,0.0,0.0,0.0,0.0,0.0,0.4552631578947369,0.0,0.0,0.0,0.0,0.0,0.4552631573182973,0.0,0.0,0.0,0.0,0.0,0.44084933431524964,0.0,0.0,True,24,24,1,0.035872736,35.872736,0.01941061019897461,19.41061019897461,16.462125801025394,900.0,3.985859555555556e-05
TP1,mpc,0,87,2018-12-01 21:45:00+00:00,32064,87,-9.788318634033203,-48.941593170166016,795.1613995148819,0.19879034987872046,7.100791297667895,0.0,0.0,0.4286845326423645,0.0,0.9746556878089905,1.0,0.9387811422348022,0.0,0.0,True,True,False,0.0,optimal,129.4095969330416,0.03491926193237305,True,False,0,TP1,0.9752669334411621,1.0,0.8288735747337341,0.0,0.0,0.0,0.0,0.0,0.4263157894736841,0.0,0.0,0.0,0.0,0.0,0.4552631577065117,0.0,0.0,0.0,0.0,0.0,0.4552631578947369,0.0,0.0,0.0,0.0,0.0,0.4552631573182973,0.0,0.0,0.0,0.0,0.0,0.44084933431524964,0.0,0.0,True,24,24,1,0.052040685,52.040685,0.03491926193237305,34.91926193237305,17.121423067626957,900.0,5.7822983333333335e-05
TP1,mpc,0,88,2018-12-01 22:00:00+00:00,32064,88,-9.0570707321167,-45.285353660583496,788.8077545319447,0.19720193863298618,6.541188304456152,0.0,0.0,0.4257895350456238,0.0,0.9747820496559143,1.0,0.931304395198822,0.0,0.0,True,True,False,0.0,optimal,128.61592770440024,0.025446653366088867,True,False,0,TP1,0.9754686951637268,1.0,0.8199630379676819,0.0,0.0,0.0,0.0,0.0,0.4263157894736841,0.0,0.0,0.0,0.0,0.0,0.4552631577065117,0.0,0.0,0.0,0.0,0.0,0.4552631578947369,0.0,0.0,0.0,0.0,0.0,0.4552631573182973,0.0,0.0,0.0,0.0,0.0,0.44084933431524964,0.0,0.0,True,24,24,1,0.042402326,42.402325999999995,0.025446653366088867,25.446653366088867,16.95567263391113,900.0,4.711369555555555e-05
TP1,mpc,0,89,2018-12-01 22:15:00+00:00,32064,89,-8.966618537902832,-44.83309268951416,780.8918848563735,0.19522297121409338,6.475545955171477,0.0,0.0,0.4218527674674988,0.0,0.9750090837478638,1.0,0.9219874739646912,0.0,0.0,True,True,False,0.0,optimal,128.08587476331792,0.01747417449951172,True,False,0,TP1,0.9756208658218384,1.0,0.8126163482666016,0.0,0.0,0.0,0.0,0.0,0.4263157894736841,0.0,0.0,0.0,0.0,0.0,0.4552631577065117,0.0,0.0,0.0,0.0,0.0,0.4552631578947369,0.0,0.0,0.0,0.0,0.0,0.4552631573182973,0.0,0.0,0.0,0.0,0.0,0.44084933431524964,0.0,0.0,True,24,24,1,0.033649375,33.649375,0.01747417449951172,17.47417449951172,16.175200500488284,900.0,3.738819444444445e-05
TP1,mpc,0,90,2018-12-01 22:30:00+00:00,32064,90,-8.866731643676758,-44.33365821838379,772.1345714305698,0.19303364285764246,6.402925933588,0.0,0.0,0.41763657331466675,0.0,0.9752291440963745,1.0,0.91168212890625,0.0,0.0,True,True,False,0.0,optimal,127.60811513231067,0.019313573837280273,True,False,0,TP1,0.975822925567627,1.0,0.8041035532951355,0.0,0.0,0.0,0.0,0.0,0.4263157894736841,0.0,0.0,0.0,0.0,0.0,0.4552631577065117,0.0,0.0,0.0,0.0,0.0,0.4552631578947369,0.0,0.0,0.0,0.0,0.0,0.4552631573182973,0.0,0.0,0.0,0.0,0.0,0.44084933431524964,0.0,0.0,True,24,24,1,0.03626578,36.26578,0.019313573837280273,19.313573837280273,16.952206162719722,900.0,4.029531111111111e-05
TP1,mpc,0,91,2018-12-01 22:45:00+00:00,32064,91,-8.787224769592285,-43.936123847961426,765.1597232766107,0.1912899308191527,6.345087005271295,0.0,0.0,0.4143167734146118,0.0,0.97539883852005,1.0,0.9034740924835205,0.0,0.0,True,True,False,0.0,optimal,127.19468997143574,0.021881103515625,True,False,0,TP1,0.9759725332260132,1.0,0.7965223789215088,0.0,0.0,0.0,0.0,0.0,0.4263157894736841,0.0,0.0,0.0,0.0,0.0,0.4552631577065117,0.0,0.0,0.0,0.0,0.0,0.4552631578947369,0.0,0.0,0.0,0.0,0.0,0.4552631573182973,0.0,0.0,0.0,0.0,0.0,0.44084933431524964,0.0,0.0,True,24,24,1,0.038921163,38.921163,0.021881103515625,21.881103515625,17.040059484375,900.0,4.324573666666667e-05
TP1,mpc,0,92,2018-12-01 23:00:00+00:00,32064,92,-9.43191146850586,-47.1595573425293,758.9831263546785,0.18974578158866962,6.8441303419033135,0.0,0.0,0.4111858606338501,0.0,0.97556072473526,1.0,0.8962047100067139,0.0,0.0,True,True,False,0.0,optimal,126.84821239311712,0.015630245208740234,True,False,0,TP1,0.9761220812797546,1.0,0.789637565612793,0.0,0.0,0.0,0.0,0.0,0.4263157894736841,0.0,0.0,0.0,0.0,0.0,0.4552631577065117,0.0,0.0,0.0,0.0,0.0,0.4552631578947369,0.0,0.0,0.0,0.0,0.0,0.4552631573182973,0.0,0.0,0.0,0.0,0.0,0.44084933431524964,0.0,0.0,True,24,24,1,0.032606891,32.606891,0.015630245208740234,15.630245208740234,16.976645791259763,900.0,3.622987888888889e-05
TP1,mpc,0,93,2018-12-01 23:15:00+00:00,32064,93,-9.3526029586792,-46.763014793395996,752.5833163217612,0.1881458290804403,6.786420054931482,0.0,0.0,0.4078901410102844,0.0,0.975732147693634,1.0,0.8886721134185791,0.0,0.0,True,True,False,0.0,optimal,126.03218126836924,0.014274120330810547,True,False,0,TP1,0.9761973023414612,1.0,0.7843529582023621,0.0,0.0,0.0,0.0,0.0,0.4263157894736841,0.0,0.0,0.0,0.0,0.0,0.4552631577065117,0.0,0.0,0.0,0.0,0.0,0.4552631578947369,0.0,0.0,0.0,0.0,0.0,0.4552631573182973,0.0,0.0,0.0,0.0,0.0,0.44084933431524964,0.0,0.0,True,24,24,1,0.031033945,31.033945,0.014274120330810547,14.274120330810547,16.759824669189452,900.0,3.448216111111111e-05
TP1,mpc,0,94,2018-12-01 23:30:00+00:00,32064,94,-9.28535270690918,-46.4267635345459,747.0929130931836,0.1867732282732959,6.736910343817783,0.0,0.0,0.40566855669021606,0.0,0.9758028388023376,1.0,0.8822135925292969,0.0,0.0,True,True,False,0.0,optimal,125.2775216819089,0.021764278411865234,True,False,0,TP1,0.9763247966766357,1.0,0.7782647609710693,0.0,0.0,0.0,0.0,0.0,0.4263157894736841,0.0,0.0,0.0,0.0,0.0,0.4552631577065117,0.0,0.0,0.0,0.0,0.0,0.4552631578947369,0.0,0.0,0.0,0.0,0.0,0.4552631573182973,0.0,0.0,0.0,0.0,0.0,0.44084933431524964,0.0,0.0,True,24,24,1,0.038078338,38.078338,0.021764278411865234,21.764278411865234,16.314059588134768,900.0,4.230926444444445e-05
TP1,mpc,0,95,2018-12-01 23:45:00+00:00,32064,95,-9.229866027832031,-46.149330139160156,742.5868930422439,0.18564672326056098,6.696277308008434,0.0,0.0,0.4036197066307068,0.0,0.9758662581443787,1.0,0.8769124150276184,0.0,0.0,True,True,False,0.0,optimal,124.62882071229919,0.01859903335571289,True,False,0,TP1,0.9763451814651489,1.0,0.7716625928878784,0.0,0.0,0.0,0.0,0.0,0.4263157894736841,0.0,0.0,0.0,0.0,0.0,0.4552631577065117,0.0,0.0,0.0,0.0,0.0,0.4552631578947369,0.0,0.0,0.0,0.0,0.0,0.4552631573182973,0.0,0.0,0.0,0.0,0.0,0.44084933431524964,0.0,0.0,True,24,24,1,0.035145452,35.145452,0.01859903335571289,18.59903335571289,16.54641864428711,900.0,3.9050502222222225e-05
TP1,smpc,0,0,2018-12-01 00:00:00+00:00,32064,0,-6.753451824188232,-33.76725912094116,485.85229006948794,0.12146307251737198,4.927756852029781,0.0,0.0,0.30707865953445435,0.0,0.9811621904373169,1.0,0.729897677898407,0.0,0.0,True,True,False,0.09375,optimal,131.34644628552851,0.11389827728271484,True,False,0,TP1,0.9818897843360901,1.0,0.5327693819999695,0.0,0.0,1.0,1.0,75.0,0.4605263157894737,0.0,75.0,1.0,1.0,75.0,0.4605263157894737,0.0,75.0,1.0,1.0,75.0,0.4605263157894737,0.0,75.0,1.0,1.0,75.0,0.4605263157894737,0.0,75.0,1.0,1.0,75.0,0.4605263157894737,0.0,75.0,True,24,24,10,0.152325593,152.325593,0.11389827728271484,113.89827728271484,38.42731571728517,900.0,0.0001692506588888889
TP1,smpc,0,1,2018-12-01 00:15:00+00:00,32064,1,-6.7023420333862305,-33.51171016693115,478.43862432455353,0.11960965608113838,4.852563747211784,0.0,0.0,0.3027324676513672,0.0,0.9814043641090393,1.0,0.7211126685142517,0.0,0.0,True,True,False,0.09375,optimal,133.2135874687836,0.11248922348022461,True,False,0,TP1,0.9824733138084412,1.0,0.5099111795425415,0.0,0.0,1.0,1.0,75.0,0.42105263157894735,0.0,75.0,1.0,1.0,75.0,0.42105263157894735,0.0,75.0,1.0,1.0,75.0,0.42105263157894735,0.0,75.0,1.0,1.0,75.0,0.42105263157894735,0.0,75.0,1.0,1.0,75.0,0.42105263157894735,0.0,75.0,True,24,24,10,0.15114074,151.14074,0.11248922348022461,112.48922348022461,38.651516519775384,900.0,0.00016793415555555556
TP1,smpc,0,2,2018-12-01 00:30:00+00:00,32064,2,-6.582049369812012,-32.91024684906006,469.74364237371447,0.11743591059342862,4.764374892775399,0.0,0.0,0.29838836193084717,0.0,0.981667697429657,1.0,0.7109360694885254,0.0,0.0,True,True,False,0.09375,optimal,135.28734309359015,0.11467671394348145,True,False,0,TP1,0.9825617671012878,1.0,0.4971840977668762,0.0,0.0,1.0,1.0,75.0,0.381578947368421,0.0,75.0,1.0,1.0,75.0,0.381578947368421,0.0,75.0,1.0,1.0,75.0,0.381578947368421,0.0,75.0,1.0,1.0,75.0,0.381578947368421,0.0,75.0,1.0,1.0,75.0,0.381578947368421,0.0,75.0,True,24,24,10,0.153005653,153.005653,0.11467671394348145,114.67671394348145,38.32893905651854,900.0,0.0001700062811111111
TP1,smpc,0,3,2018-12-01 00:45:00+00:00,32064,3,-6.504347801208496,-32.52173900604248,464.1687796556653,0.11604219491391632,4.707831847657585,0.0,0.0,0.29516124725341797,0.0,0.9818786978721619,1.0,0.7043099999427795,0.0,0.0,True,True,False,0.09375,optimal,137.4465647781791,0.1293942928314209,True,False,0,TP1,0.9831767678260803,1.0,0.4914202392101288,0.0,0.0,1.0,1.0,75.0,0.3421052631578947,0.0,75.0,1.0,1.0,75.0,0.3421052631578947,0.0,75.0,1.0,1.0,75.0,0.3421052631578947,0.0,75.0,1.0,1.0,75.0,0.3421052631578947,0.0,75.0,1.0,1.0,75.0,0.3421052631578947,0.0,75.0,True,24,24,10,0.168020774,168.02077400000002,0.1293942928314209,129.3942928314209,38.62648116857911,900.0,0.0001866897488888889
TP1,smpc,0,4,2018-12-01 01:00:00+00:00,32064,4,-5.983004093170166,-29.91502046585083,458.86961641099333,0.11471740410274833,4.309932872140255,0.0,0.0,0.2920266389846802,0.0,0.9820757508277893,1.0,0.6979515552520752,0.0,0.0,True,True,False,0.09375,optimal,139.82045575318136,0.11417150497436523,True,False,0,TP1,0.9833795428276062,1.0,0.48462218046188354,0.0,0.0,1.0,1.0,75.0,0.30263157894736836,0.0,75.0,1.0,1.0,75.0,0.30263157894736836,0.0,75.0,1.0,1.0,75.0,0.30263157894736836,0.0,75.0,1.0,1.0,75.0,0.30263157894736836,0.0,75.0,1.0,1.0,75.0,0.30263157894736836,0.0,75.0,True,24,24,10,0.153480439,153.480439,0.11417150497436523,114.17150497436523,39.30893402563476,900.0,0.0001705338211111111
TP1,smpc,0,5,2018-12-01 01:15:00+00:00,32064,5,-5.858867645263672,-29.29433822631836,449.23710102239056,0.11230927525559764,4.2194594713528035,0.0,0.0,0.28701019287109375,0.0,0.9823959469795227,1.0,0.6867847442626953,0.0,0.0,True,True,False,0.09375,optimal,143.07437312543578,0.11953091621398926,True,False,0,TP1,0.9833064079284668,1.0,0.4841390550136566,0.0,0.0,1.0,1.0,75.0,0.26315789473684204,0.0,75.0,1.0,1.0,75.0,0.26315789473684204,0.0,75.0,1.0,1.0,75.0,0.26315789473684204,0.0,75.0,1.0,1.0,75.0,0.26315789473684204,0.0,75.0,1.0,1.0,75.0,0.26315789473684204,0.0,75.0,True,24,24,10,0.156967274,156.967274,0.11953091621398926,119.53091621398926,37.43635778601073,900.0,0.00017440808222222222
TP1,smpc,0,6,2018-12-01 01:30:00+00:00,32064,6,-5.772708415985107,-28.863542079925537,442.595005600424,0.110648751400106,4.157073590101982,0.0,0.0,0.28311973810195923,0.0,0.9826544523239136,1.0,0.6789807677268982,0.0,0.0,True,True,False,0.09375,optimal,146.1931681111376,0.13816618919372559,True,False,0,TP1,0.9837527275085449,1.0,0.47357866168022156,0.0,0.0,1.0,1.0,75.0,0.2236842105263157,0.0,75.0,1.0,1.0,75.0,0.2236842105263157,0.0,75.0,1.0,1.0,75.0,0.2236842105263157,0.0,75.0,1.0,1.0,75.0,0.2236842105263157,0.0,75.0,1.0,1.0,75.0,0.2236842105263157,0.0,75.0,True,24,24,10,0.175914733,175.91473299999998,0.13816618919372559,138.1661891937256,37.748543806274405,900.0,0.00019546081444444442
TP1,smpc,0,7,2018-12-01 01:45:00+00:00,32064,7,-5.690707683563232,-28.453538417816162,436.2757989626971,0.10906894974067427,4.097720441757132,0.0,0.0,0.27939558029174805,0.0,0.9829005002975464,1.0,0.6715377569198608,0.0,0.0,True,True,False,0.09375,optimal,147.03254290380627,0.11459660530090332,True,False,0,TP1,0.9840787649154663,1.0,0.47093379497528076,0.0,0.0,1.0,1.0,75.0,0.18421052631578938,0.0,75.0,1.0,1.0,75.0,0.18421052631578938,0.0,75.0,1.0,1.0,75.0,0.18421052631578938,0.0,75.0,1.0,1.0,75.0,0.18421052631578938,0.0,75.0,1.0,1.0,75.0,0.18421052631578938,0.0,75.0,True,24,24,10,0.154689096,154.689096,0.11459660530090332,114.59660530090332,40.09249069909668,900.0,0.00017187677333333333
TP1,smpc,0,8,2018-12-01 02:00:00+00:00,32064,8,-10.050317764282227,-50.25158882141113,810.144648144842,0.2025361620362105,7.250794600896335,0.0,0.0,0.4401053190231323,0.0,0.9736450910568237,1.0,0.9572001099586487,0.0,0.0,True,True,False,0.0,optimal,146.1182536929208,0.116058349609375,True,False,0,TP1,0.9742480516433716,1.0,0.8152718544006348,0.0,0.0,0.0,0.0,0.0,0.18421052631578938,0.0,0.0,0.0,0.0,0.0,0.18421052631578938,0.0,0.0,0.0,0.0,0.0,0.18421052631578938,0.0,0.0,0.0,0.0,0.0,0.18421052631578938,0.0,0.0,0.0,0.0,0.0,0.18421052631578938,0.0,0.0,True,24,24,10,0.154495331,154.49533100000002,0.116058349609375,116.058349609375,38.436981390625014,900.0,0.0001716614788888889
TP1,smpc,0,9,2018-12-01 02:15:00+00:00,32064,9,-9.922880172729492,-49.61440086364746,804.066726736437,0.20101668168410924,7.19639720429111,0.0,0.0,0.4365878105163574,0.0,0.9738766551017761,1.0,0.949785590171814,0.0,0.0,True,True,False,0.0,optimal,139.32585038491925,0.13334941864013672,True,False,0,TP1,0.9748794436454773,1.0,0.8081426024436951,0.0,0.0,0.0,0.0,0.0,0.18421052631578938,0.0,0.0,0.0,0.0,0.0,0.18421052631578938,0.0,0.0,0.0,0.0,0.0,0.18421052631578938,0.0,0.0,0.0,0.0,0.0,0.18421052631578938,0.0,0.0,0.0,0.0,0.0,0.18421052631578938,0.0,0.0,True,24,24,10,0.171485606,171.48560600000002,0.13334941864013672,133.34941864013672,38.13618735986329,900.0,0.00019053956222222224
TP1,smpc,0,10,2018-12-01 02:30:00+00:00,32064,10,-9.857898712158203,-49.289493560791016,798.8226309425954,0.19970565773564886,7.1494625469362285,0.0,0.0,0.43353646993637085,0.0,0.9740684628486633,1.0,0.9433473348617554,0.0,0.0,True,True,False,0.0,optimal,132.72663706265328,0.11860990524291992,True,False,0,TP1,0.9750975370407104,1.0,0.7922592759132385,0.0,0.0,0.0,0.0,0.0,0.18421052631578938,0.0,0.0,0.0,0.0,0.0,0.18421052631578938,0.0,0.0,0.0,0.0,0.0,0.18421052631578938,0.0,0.0,0.0,0.0,0.0,0.18421052631578938,0.0,0.0,0.0,0.0,0.0,0.18421052631578938,0.0,0.0,True,24,24,10,0.157726589,157.726589,0.11860990524291992,118.60990524291992,39.116683757080075,900.0,0.00017525176555555555
TP1,smpc,0,11,2018-12-01 02:45:00+00:00,32064,11,-9.755688667297363,-48.778443336486816,790.5505771602748,0.1976376442900687,7.075427665584459,0.0,0.0,0.42894792556762695,0.0,0.9743740558624268,1.0,0.9333374500274658,0.0,0.0,True,True,False,0.0,optimal,141.63667506117105,0.1194925308227539,True,False,0,TP1,0.9756073951721191,1.0,0.7810810208320618,0.0,0.0,0.0,0.0,0.0,0.18421052631578938,0.0,0.0,0.0,0.0,0.0,0.18421052631578938,0.0,0.0,0.0,0.0,0.0,0.18421052631578938,0.0,0.0,0.0,0.0,0.0,0.18421052631578938,0.0,0.0,0.0,0.0,0.0,0.18421052631578938,0.0,0.0,True,24,24,10,0.158165146,158.165146,0.1194925308227539,119.4925308227539,38.6726151772461,900.0,0.00017573905111111112
TP1,smpc,0,12,2018-12-01 03:00:00+00:00,32064,12,-9.961273193359375,-49.806365966796875,792.443342364777,0.19811083559119425,7.2330266074345015,0.0,0.0,0.42949092388153076,0.0,0.9743528962135315,1.0,0.9355645179748535,0.0,0.0,True,True,False,0.0,optimal,175.79906264490663,0.1674633026123047,True,False,0,TP1,0.9755165576934814,1.0,0.7881562113761902,0.0,0.0,0.0,0.0,0.0,0.18421052631578938,0.0,0.0,0.0,0.0,0.0,0.18421052631578938,0.0,0.0,0.0,0.0,0.0,0.18421052631578938,0.0,0.0,0.0,0.0,0.0,0.18421052631578938,0.0,0.0,0.0,0.0,0.0,0.18421052631578938,0.0,0.0,True,24,24,10,0.206410817,206.410817,0.1674633026123047,167.4633026123047,38.94751438769531,900.0,0.00022934535222222222
TP1,smpc,0,13,2018-12-01 03:15:00+00:00,32064,13,-9.970138549804688,-49.85069274902344,793.1799546847742,0.19829498867119355,7.239750036385276,0.0,0.0,0.42958706617355347,0.0,0.974343478679657,1.0,0.9364314675331116,0.0,0.0,True,True,False,0.0,optimal,244.1863565791727,0.14240574836730957,True,False,0,TP1,0.9755668044090271,1.0,0.7838996648788452,0.0,0.0,0.0,0.0,0.0,0.18421052631578938,0.0,0.0,0.0,0.0,0.0,0.18421052631578938,0.0,0.0,0.0,0.0,0.0,0.18421052631578938,0.0,0.0,0.0,0.0,0.0,0.18421052631578938,0.0,0.0,0.0,0.0,0.0,0.18421052631578938,0.0,0.0,True,24,24,10,0.181212842,181.21284200000002,0.14240574836730957,142.40574836730957,38.807093632690446,900.0,0.00020134760222222223
TP1,smpc,0,14,2018-12-01 03:30:00+00:00,32064,14,-9.966327667236328,-49.83163833618164,792.8448429920536,0.1982112107480134,7.236691304409969,0.0,0.0,0.4297148585319519,0.0,0.9743313193321228,1.0,0.9360379576683044,0.0,0.0,True,True,False,0.0,optimal,349.16749018147453,0.12774920463562012,True,False,0,TP1,0.9753528237342834,1.0,0.7888274192810059,0.0,0.0,0.0,0.0,0.0,0.18421052631578938,0.0,0.0,0.0,0.0,0.0,0.18421052631578938,0.0,0.0,0.0,0.0,0.0,0.18421052631578938,0.0,0.0,0.0,0.0,0.0,0.18421052631578938,0.0,0.0,0.0,0.0,0.0,0.18421052631578938,0.0,0.0,True,24,24,10,0.165982849,165.982849,0.12774920463562012,127.74920463562012,38.23364436437987,900.0,0.00018442538777777777
TP1,smpc,0,15,2018-12-01 03:45:00+00:00,32064,15,-10.002642631530762,-50.01321315765381,795.7560385157194,0.19893900962892985,7.263263241552228,0.0,0.0,0.431077241897583,0.0,0.9742586612701416,1.0,0.9394646286964417,0.0,0.0,True,True,False,0.0,optimal,476.301648307416,0.11655139923095703,True,False,0,TP1,0.9752918481826782,1.0,0.7855063676834106,0.0,0.0,0.0,0.0,0.0,0.18421052631578938,0.0,0.0,0.0,0.0,0.0,0.18421052631578938,0.0,0.0,0.0,0.0,0.0,0.18421052631578938,0.0,0.0,0.0,0.0,0.0,0.18421052631578938,0.0,0.0,0.0,0.0,0.0,0.18421052631578938,0.0,0.0,True,24,24,10,0.154766586,154.76658600000002,0.11655139923095703,116.55139923095703,38.21518676904298,900.0,0.00017196287333333334
TP1,smpc,0,16,2018-12-01 04:00:00+00:00,32064,16,-10.0770902633667,-50.385451316833496,797.9921398361967,0.19949803495904916,7.319582902647514,0.0,0.0,0.4320249557495117,0.0,0.9742144346237183,1.0,0.9420958161354065,0.0,0.0,True,True,False,0.0,optimal,626.7436302337476,0.1316661834716797,True,False,0,TP1,0.9755042791366577,1.0,0.7884504795074463,0.0,0.0,0.0,0.0,0.0,0.18421052631578938,0.0,0.0,0.0,0.0,0.0,0.18421052631578938,0.0,0.0,0.0,0.0,0.0,0.18421052631578938,0.0,0.0,0.0,0.0,0.0,0.18421052631578938,0.0,0.0,0.0,0.0,0.0,0.18421052631578938,0.0,0.0,True,24,24,10,0.170639473,170.639473,0.1316661834716797,131.6661834716797,38.97328952832033,900.0,0.00018959941444444446
TP1,smpc,0,17,2018-12-01 04:15:00+00:00,32064,17,-10.064329147338867,-50.321645736694336,796.9305327480924,0.1992326331870231,7.309845311631878,0.0,0.0,0.43194615840911865,0.0,0.9742046594619751,1.0,0.9408476948738098,0.0,0.0,True,True,False,0.0,optimal,802.2173017509057,0.11777353286743164,True,False,0,TP1,0.9751354455947876,1.0,0.7966939806938171,0.0,0.0,0.0,0.0,0.0,0.18421052631578938,0.0,0.0,0.0,0.0,0.0,0.18421052631578938,0.0,0.0,0.0,0.0,0.0,0.18421052631578938,0.0,0.0,0.0,0.0,0.0,0.18421052631578938,0.0,0.0,0.0,0.0,0.0,0.18421052631578938,0.0,0.0,True,24,24,10,0.155820643,155.82064300000002,0.11777353286743164,117.77353286743164,38.04711013256837,900.0,0.0001731340477777778
TP1,smpc,0,18,2018-12-01 04:30:00+00:00,32064,18,-10.09279727935791,-50.46398639678955,799.2026970559891,0.19980067426399728,7.33068673874606,0.0,0.0,0.4330037236213684,0.0,0.9741430878639221,1.0,0.9435225129127502,0.0,0.0,True,True,False,0.0,optimal,999.4366147323828,0.1150367259979248,True,False,0,TP1,0.975335419178009,1.0,0.7923134565353394,0.0,0.0,0.0,0.0,0.0,0.18421052631578938,0.0,0.0,0.0,0.0,0.0,0.18421052631578938,0.0,0.0,0.0,0.0,0.0,0.18421052631578938,0.0,0.0,0.0,0.0,0.0,0.18421052631578938,0.0,0.0,0.0,0.0,0.0,0.18421052631578938,0.0,0.0,True,24,24,10,0.152729154,152.729154,0.1150367259979248,115.0367259979248,37.692428002075204,900.0,0.00016969906
TP1,smpc,0,19,2018-12-01 04:45:00+00:00,32064,19,-10.132184982299805,-50.66092491149902,802.3634611270154,0.20059086528175385,7.359678847187548,0.0,0.0,0.4343096613883972,0.0,0.9740765690803528,1.0,0.9472410082817078,0.0,0.0,True,True,False,0.0,optimal,1212.1614683218354,0.14732146263122559,True,False,0,TP1,0.9756515026092529,1.0,0.7930728793144226,0.0,0.0,0.0,0.0,0.0,0.18421052631578938,0.0,0.0,0.0,0.0,0.0,0.18421052631578938,0.0,0.0,0.0,0.0,0.0,0.18421052631578938,0.0,0.0,0.0,0.0,0.0,0.18421052631578938,0.0,0.0,0.0,0.0,0.0,0.18421052631578938,0.0,0.0,True,24,24,10,0.185310448,185.31044799999998,0.14732146263122559,147.3214626312256,37.9889853687744,900.0,0.00020590049777777775
TP1,smpc,0,20,2018-12-01 05:00:00+00:00,32064,20,-9.489660263061523,-47.44830131530762,802.4224810906162,0.20060562027265405,6.864724325730221,0.0,0.0,0.43501412868499756,0.0,0.9740021824836731,1.0,0.9473137259483337,0.0,0.0,True,True,False,0.0,optimal,1440.2240391880814,0.1167306900024414,True,False,0,TP1,0.9754272103309631,1.0,0.7813217043876648,0.0,0.0,0.0,0.0,0.0,0.18421052631578938,0.0,0.0,0.0,0.0,0.0,0.18421052631578938,0.0,0.0,0.0,0.0,0.0,0.18421052631578938,0.0,0.0,0.0,0.0,0.0,0.18421052631578938,0.0,0.0,0.0,0.0,0.0,0.18421052631578938,0.0,0.0,True,24,24,10,0.154157107,154.157107,0.1167306900024414,116.7306900024414,37.42641699755858,900.0,0.00017128567444444444
TP1,smpc,0,21,2018-12-01 05:15:00+00:00,32064,21,-9.5304536819458,-47.652268409729004,805.8645918285947,0.20146614795714868,6.894171583093628,0.0,0.0,0.4369467496871948,0.0,0.9738497734069824,1.0,0.9513694047927856,0.0,0.0,True,True,False,0.0,optimal,1682.5735441576167,0.11899447441101074,True,False,0,TP1,0.9753531813621521,1.0,0.7903985977172852,0.0,0.0,0.0,0.0,0.0,0.18421052631578938,0.0,0.0,0.0,0.0,0.0,0.18421052631578938,0.0,0.0,0.0,0.0,0.0,0.18421052631578938,0.0,0.0,0.0,0.0,0.0,0.18421052631578938,0.0,0.0,0.0,0.0,0.0,0.18421052631578938,0.0,0.0,True,24,24,10,0.157183033,157.183033,0.11899447441101074,118.99447441101074,38.18855858898926,900.0,0.00017464781444444445
TP1,smpc,0,22,2018-12-01 05:30:00+00:00,32064,22,-9.629430770874023,-48.14715385437012,814.2224442108272,0.2035556110527068,6.965673010223627,0.0,0.0,0.4415815472602844,0.0,0.9735575318336487,1.0,0.9612091779708862,0.0,0.0,True,True,False,0.0,optimal,1935.759973323648,0.11766672134399414,True,False,0,TP1,0.9748228788375854,1.0,0.8115354180335999,0.0,0.0,0.0,0.0,0.0,0.18421052631578938,0.0,0.0,0.0,0.0,0.0,0.18421052631578938,0.0,0.0,0.0,0.0,0.0,0.18421052631578938,0.0,0.0,0.0,0.0,0.0,0.18421052631578938,0.0,0.0,0.0,0.0,0.0,0.18421052631578938,0.0,0.0,True,24,24,10,0.156514277,156.51427700000002,0.11766672134399414,117.66672134399414,38.847555656005866,900.0,0.00017390475222222224
TP1,smpc,0,23,2018-12-01 05:45:00+00:00,32064,23,-9.633909225463867,-48.169546127319336,814.4995521347482,0.20362488803368706,6.968043668512771,0.0,0.0,0.4426559805870056,0.0,0.9734213948249817,1.0,0.9616500735282898,0.0,0.0,True,True,False,0.0,optimal,2199.4388460721975,0.13314223289489746,True,False,0,TP1,0.9744222164154053,1.0,0.8091350793838501,0.0,0.0,0.0,0.0,0.0,0.18421052631578938,0.0,0.0,0.0,0.0,0.0,0.18421052631578938,0.0,0.0,0.0,0.0,0.0,0.18421052631578938,0.0,0.0,0.0,0.0,0.0,0.18421052631578938,0.0,0.0,0.0,0.0,0.0,0.18421052631578938,0.0,0.0,True,24,24,10,0.171454122,171.45412199999998,0.13314223289489746,133.14223289489746,38.31188910510252,900.0,0.00019050458
TP1,smpc,0,24,2018-12-01 06:00:00+00:00,32064,24,-9.93078899383545,-49.653944969177246,825.4922608550714,0.20637306521376786,7.187973861395534,0.0,0.0,0.4510948657989502,0.0,0.9727765321731567,1.0,0.9744959473609924,0.0,0.0,True,True,False,0.0,optimal,2469.0582077633203,0.12177133560180664,True,False,0,TP1,0.974032998085022,1.0,0.8149757385253906,0.0,0.0,0.0,0.0,0.0,0.18421052631578938,0.0,0.0,0.0,0.0,0.0,0.18421052631578938,0.0,0.0,0.0,0.0,0.0,0.18421052631578938,0.0,0.0,0.0,0.0,0.0,0.18421052631578938,0.0,0.0,0.0,0.0,0.0,0.18421052631578938,0.0,0.0,True,24,24,10,0.160124103,160.124103,0.12177133560180664,121.77133560180664,38.35276739819335,900.0,0.00017791566999999999
TP1,smpc,0,25,2018-12-01 06:15:00+00:00,32064,25,-9.848928451538086,-49.24464225769043,818.9096353028162,0.20472740882570406,7.130655649399272,0.0,0.0,0.4454430937767029,0.0,0.9731849431991577,1.0,0.9667372107505798,0.0,0.0,True,True,False,0.0,optimal,2741.831787875827,0.11671829223632812,True,False,0,TP1,0.9742540121078491,1.0,0.804895281791687,0.0,0.0,0.0,0.0,0.0,0.18421052631578938,0.0,0.0,0.0,0.0,0.0,0.18421052631578938,0.0,0.0,0.0,0.0,0.0,0.18421052631578938,0.0,0.0,0.0,0.0,0.0,0.18421052631578938,0.0,0.0,0.0,0.0,0.0,0.18421052631578938,0.0,0.0,True,24,24,10,0.155407855,155.407855,0.11671829223632812,116.71829223632812,38.68956276367189,900.0,0.00017267539444444446
TP1,smpc,0,26,2018-12-01 06:30:00+00:00,32064,26,-9.783049583435059,-48.91524791717529,813.5525506675094,0.20338813766687736,7.084008834937338,0.0,0.0,0.44141387939453125,0.0,0.9734800457954407,1.0,0.9604254364967346,0.0,0.0,True,True,False,0.0,optimal,3014.3443438458426,0.13846087455749512,True,False,0,TP1,0.9742454290390015,1.0,0.8147222995758057,0.0,0.0,0.0,0.0,0.0,0.18421052631578938,0.0,0.0,0.0,0.0,0.0,0.18421052631578938,0.0,0.0,0.0,0.0,0.0,0.18421052631578938,0.0,0.0,0.0,0.0,0.0,0.18421052631578938,0.0,0.0,0.0,0.0,0.0,0.18421052631578938,0.0,0.0,True,24,24,10,0.177891543,177.891543,0.13846087455749512,138.46087455749512,39.430668442504896,900.0,0.00019765727000000001
TP1,smpc,0,27,2018-12-01 06:45:00+00:00,32064,27,-9.934418678283691,-49.67209339141846,826.0688117038626,0.20651720292596565,7.192994177911383,0.0,0.0,0.44886666536331177,0.0,0.9729617834091187,1.0,0.9751646518707275,0.0,0.0,True,True,False,0.0,optimal,3284.5574811952256,0.11761832237243652,True,False,0,TP1,0.9740902781486511,1.0,0.8233850598335266,0.0,0.0,0.0,0.0,0.0,0.18421052631578938,0.0,0.0,0.0,0.0,0.0,0.18421052631578938,0.0,0.0,0.0,0.0,0.0,0.18421052631578938,0.0,0.0,0.0,0.0,0.0,0.18421052631578938,0.0,0.0,0.0,0.0,0.0,0.18421052631578938,0.0,0.0,True,24,24,10,0.159048855,159.048855,0.11761832237243652,117.61832237243652,41.430532627563466,900.0,0.00017672095
TP1,smpc,0,28,2018-12-01 07:00:00+00:00,32064,28,-10.573164939880371,-52.865824699401855,830.1768757385162,0.20754421893462904,7.683286984959968,0.0,0.0,0.45100265741348267,0.0,0.9726983308792114,1.0,0.9833424687385559,0.0,0.0,True,True,False,0.0025000001303851606,optimal,3546.669407935528,0.12173104286193848,True,False,0,TP1,0.9736630916595459,1.0,0.8240806460380554,0.0,0.0,0.0,0.0,0.0,0.18421052631578938,0.0,0.0,0.0,0.0,0.0,0.18421052631578938,0.0,0.0,0.0,0.0,0.0,0.18421052631578938,0.0,0.0,0.0,0.0,0.0,0.18421052631578938,0.0,0.0,0.13333334028720856,0.13333334028720856,10.000000521540642,0.17894736814655746,0.0,10.0,True,24,24,10,0.159940112,159.940112,0.12173104286193848,121.73104286193848,38.209069138061516,900.0,0.00017771123555555555
TP1,smpc,0,29,2018-12-01 07:15:00+00:00,32064,29,-8.851134300231934,-44.25567150115967,695.126961717051,0.17378174042926275,6.433400030691308,0.0,0.0,0.38964951038360596,0.0,0.9756097197532654,1.0,0.8714773058891296,0.0,0.0,True,True,False,0.03576438557356596,optimal,3803.450089599286,0.13522648811340332,True,False,0,TP1,0.9775273203849792,1.0,0.6872127056121826,0.0,0.0,0.33902785181999207,0.33902785181999207,25.427088886499405,0.1708278479544739,0.0,25.42708785831904,0.13333334028720856,0.13333334028720856,10.000000521540642,0.17894736814655746,0.0,10.0,0.13333334028720856,0.13333334028720856,10.000000521540642,0.17894736814655746,0.0,10.0,0.301739364862442,0.301739364862442,22.63045236468315,0.17229976191332455,0.0,22.630452275276042,1.0,1.0,75.0,0.13947368393603116,0.0,75.0,True,24,24,10,0.174224174,174.224174,0.13522648811340332,135.22648811340332,38.99768588659669,900.0,0.00019358241555555557
TP1,smpc,0,30,2018-12-01 07:30:00+00:00,32064,30,-4.037738800048828,-20.18869400024414,312.90557464012636,0.07822639366003159,2.8959410932943697,0.0,0.0,0.23397022485733032,0.0,0.9857984185218811,1.0,0.6048558354377747,0.0,0.0,True,True,False,0.0937499998696148,optimal,4050.8904109734654,0.1175992488861084,True,False,0,TP1,0.9891867637634277,1.0002580881118774,0.2918553948402405,0.0,0.0,1.0,1.0,75.0,0.1313541637439476,0.0,75.0,1.0,1.0,75.0,0.13947368393603116,0.0,75.0,1.0,1.0,75.0,0.13947368393603116,0.0,75.0,1.0,1.0,75.0,0.13282607770279825,0.0,75.0,1.0,1.0,74.99999947845919,0.1,0.0,75.0,True,24,24,10,0.156606839,156.606839,0.1175992488861084,117.5992488861084,39.0075901138916,900.0,0.0001740075988888889
TP1,smpc,0,31,2018-12-01 07:45:00+00:00,32064,31,-0.03980760723352432,-0.1990380361676216,-337.82523556101296,0.0,0.0,0.0,0.0,0.028615117073059082,0.0,0.9976166486740112,1.001752257347107,0.6182058453559875,0.0,0.0,True,True,False,0.06798561442643387,optimal,4292.4208685839685,0.11874914169311523,True,False,0,TP1,0.9911879301071167,1.0004626512527466,0.26174572110176086,0.0,0.0,0.7943055033683777,0.7943055033683777,59.57291111350042,0.1,0.0,59.57291111350043,1.0,1.0,74.99999947845919,0.1,0.0,75.0,1.0,1.0,74.99999947845919,0.1,0.0,75.0,0.8315939903259277,0.8315939903259277,62.369547635316664,0.1,0.0,62.36954763531668,0.0,0.0,0.0,0.1,0.0,0.0,True,24,24,10,0.157377852,157.37785200000002,0.11874914169311523,118.74914169311523,38.62871030688478,900.0,0.00017486428000000002
TP1,smpc,0,32,2018-12-01 08:00:00+00:00,32064,32,-0.0211926132440567,-0.10596306622028351,-411.6145923228487,0.0,0.0,23.793124684851136,0.005948281171212784,0.025315463542938232,0.0,0.9981686472892761,1.0020167827606201,0.6617805361747742,0.0,0.0,True,True,False,0.0005603917641565203,optimal,4522.391171171369,0.15926694869995117,True,False,0,TP1,1.0,1.0028553009033203,0.499065637588501,0.0,0.0,0.0,0.0,0.0,0.1,0.0,0.0,-0.02988756075501442,-0.02988756075501442,-2.2415670566260815,0.1010647443518974,2.2415670972093427,0.0,0.0,0.0,0.0,0.1,0.0,0.0,0.0,0.0,0.0,0.1,0.0,0.0,0.0,0.0,0.0,0.1,0.0,0.0,True,24,24,10,0.200322752,200.32275199999998,0.15926694869995117,159.26694869995117,41.05580330004882,900.0,0.00022258083555555554
TP1,smpc,0,33,2018-12-01 08:15:00+00:00,32064,33,-0.06342651247978211,-0.3171325623989105,-410.04318907198467,0.0,0.0,136.77468736910694,0.034193671842276736,0.03477984666824341,0.0,0.996507465839386,1.0018953084945679,0.6635921597480774,0.0,0.0,True,True,False,0.03670665915124118,optimal,4777.172159328715,0.16941285133361816,True,False,0,TP1,0.9996786117553711,1.0026944875717163,0.4846476912498474,0.0,0.0,-0.9307149648666382,-0.9307149648666382,-69.80362236499786,0.133156720623374,69.80362196895294,0.0,0.026973523199558258,0.026973523199558258,2.0230142399668694,0.10000000001507273,0.0,2.023014268605046,0.0,0.0,0.0,0.1,0.0,0.0,0.0,0.0,0.0,0.1,0.0,0.0,-1.0,-1.0,-75.0,0.135625,75.0,0.0,True,24,24,10,0.208851201,208.85120099999997,0.16941285133361816,169.41285133361816,39.438349666381825,900.0,0.00023205688999999998
TP1,smpc,0,34,2018-12-01 08:30:00+00:00,32064,34,-0.07498701512813569,-0.3749350756406784,-405.0888622209641,0.0,0.0,214.31649931909487,0.05357912482977372,0.037239909172058105,0.0,0.9965353608131409,1.0021084547042847,0.663996696472168,0.0,0.0,True,True,False,0.08557825461030007,optimal,5011.432375164963,0.3942139148712158,True,False,0,TP1,0.9992390275001526,1.0024604797363281,0.48327335715293884,0.0,0.0,-1.0,-1.0,-75.0,0.168781720623374,75.0,0.0,-1.0,-1.0,-75.0,0.13562500001507272,75.0,0.0,-1.0,-1.0,-75.0,0.135625,75.0,0.0,-1.0,-1.0,-75.0,0.135625,75.0,0.0,-0.5641735792160034,-0.5641735792160034,-42.313018441200256,0.15572368375957013,42.313019390581154,0.0,True,24,24,10,0.437078296,437.07829599999997,0.3942139148712158,394.2139148712158,42.86438112878416,900.0,0.00048564255111111106
TP1,smpc,0,35,2018-12-01 08:45:00+00:00,32064,35,-0.13132375180721284,-0.6566187590360641,-421.55964605080953,0.0,0.0,629.4005877998071,0.15735014694995178,0.01852947473526001,0.0,0.998725175857544,1.001607060432434,0.6789824962615967,0.0,0.0,True,True,False,0.07740650922060013,optimal,5203.9918171193785,0.6241493225097656,True,False,0,TP1,0.9996231198310852,1.0045366287231445,0.49782779812812805,0.0,0.0,-1.0,-1.0,-75.0,0.20440672062337398,75.0,0.0,-0.5641735792160034,-0.5641735792160034,-42.313018441200256,0.15572368377464285,42.313019358849104,0.0,-1.0,-1.0,-75.0,0.17124999999999999,75.0,0.0,-0.5641735792160034,-0.5641735792160034,-42.313018441200256,0.15572368375957013,42.313019390581154,0.0,1.0,1.0,75.0,0.11624999954904382,0.0,74.99999914318374,True,24,24,10,0.667654615,667.654615,0.6241493225097656,624.1493225097656,43.50529249023438,900.0,0.0007418384611111111
TP1,smpc,0,36,2018-12-01 09:00:00+00:00,32064,36,-0.23084698021411895,-1.1542349010705948,-433.52451054124685,0.0,0.0,980.3071835478074,0.24507679588695186,0.04690629243850708,0.0,0.9955167174339294,1.0012855529785156,0.6869608163833618,0.0,0.0,True,True,False,0.051402972732835416,optimal,5329.68735449238,0.5590472221374512,True,False,0,TP1,0.9987819790840149,1.002232551574707,0.5070404410362244,0.0,0.0,-0.7414918541908264,-0.7414918541908264,-55.61188906431198,0.23082236792892216,55.61189010037554,0.0,-1.2235317647935062e-08,-1.2235317647935062e-08,-9.176488235951297e-07,0.15572368421052604,9.176488224264739e-07,0.0,1.0,1.0,75.0,0.13177631578947369,0.0,75.0,-1.2658411208121834e-08,-1.2658411208121834e-08,-9.493808406091375e-07,0.15572368421052604,9.493808663195654e-07,0.0,-1.0,-1.0,-75.0,0.15187499954904382,75.0,0.0,True,24,24,10,0.597885502,597.885502,0.5590472221374512,559.0472221374512,38.838279862548845,900.0,0.0006643172244444445
TP1,smpc,0,37,2018-12-01 09:15:00+00:00,32064,37,-0.2280014932155609,-1.1400074660778046,-439.9431355791421,0.0,0.0,1245.7510678004446,0.31143776695011116,0.021820068359375,0.0,0.9989684224128723,1.0014830827713013,0.695724606513977,0.0,0.0,True,True,False,0.03750000025901588,optimal,5385.136456572693,0.944002628326416,True,False,0,TP1,1.0,1.0049430131912231,0.5145087838172913,0.0,0.0,-1.3814180022109213e-08,-1.3814180022109213e-08,-1.036063501658191e-06,0.23082236842105233,1.0360635156820608e-06,0.0,0.0,0.0,0.0,0.15572368421052604,0.0,0.0,-1.0,-1.0,-75.0,0.16740131578947368,75.0,0.0,0.0,0.0,0.0,0.15572368421052604,0.0,0.0,1.0,1.0,75.0,0.11240131533851751,0.0,75.0,True,24,24,10,0.982575198,982.575198,0.944002628326416,944.002628326416,38.57256967358402,900.0,0.00109175022
TP1,smpc,0,38,2018-12-01 09:30:00+00:00,32064,38,-0.3011156678199768,-1.505578339099884,-442.1152292043189,0.0,0.0,1387.701258591831,0.3469253146479577,0.055339038372039795,0.0,0.9953492879867554,1.001158595085144,0.6981472373008728,0.0,0.0,True,True,False,0.05625,optimal,5367.004233601601,0.711555004119873,True,False,0,TP1,0.9983893036842346,1.0025042295455933,0.515859842300415,0.0,0.0,-1.0,-1.0,-75.0,0.2664473684210523,75.0,0.0,0.0,0.0,0.0,0.15572368421052604,0.0,0.0,1.0,1.0,75.0,0.12792763157894738,0.0,75.0,0.0,0.0,0.0,0.15572368421052604,0.0,0.0,-1.0,-1.0,-75.0,0.1480263153385175,75.0,0.0,True,24,24,10,0.749730428,749.730428,0.711555004119873,711.555004119873,38.17542388012696,900.0,0.0008330338088888889
TP1,smpc,0,39,2018-12-01 09:45:00+00:00,32064,39,-0.32542442083358764,-1.6271221041679382,-451.1731804423107,0.0,0.0,1725.0387465651775,0.4312596866412944,0.03259354829788208,0.0,0.99913489818573,1.0022056102752686,0.7067152261734009,0.0,0.0,True,True,False,0.05625,optimal,5309.556189967083,0.7767448425292969,True,False,0,TP1,1.0,1.004944920539856,0.5263515114784241,0.0,0.0,1.0,1.0,75.0,0.226973684210526,0.0,75.0,0.0,0.0,0.0,0.15572368421052604,0.0,0.0,-1.0,-1.0,-75.0,0.16355263157894737,75.0,0.0,0.0,0.0,0.0,0.15572368421052604,0.0,0.0,1.0,1.0,75.0,0.1085526311279912,0.0,75.0,True,24,24,10,0.816305216,816.305216,0.7767448425292969,776.7448425292969,39.56037347070307,900.0,0.0009070057955555555
TP1,smpc,0,40,2018-12-01 10:00:00+00:00,32064,40,-0.35272516012191774,-1.7636258006095886,-452.81117036006435,0.0,0.0,1829.084052764206,0.4572710131910515,0.04390472173690796,0.0,0.9953528642654419,1.0013165473937988,0.7071666121482849,0.0,0.0,True,True,False,0.039525623247027394,optimal,5180.640294955067,0.687103271484375,True,False,0,TP1,0.9988651275634766,1.0026296377182007,0.52646803855896,0.0,0.0,-0.10803323984146118,-0.10803323984146118,-8.102492988109589,0.23082236837987805,8.102493074792347,0.0,0.0,0.0,0.0,0.15572368421052604,0.0,0.0,1.0,1.0,75.0,0.12407894736842105,0.0,75.0,0.0,0.0,0.0,0.15572368421052604,0.0,0.0,-1.0,-1.0,-75.0,0.1441776311279912,75.0,0.0,True,24,24,10,0.735452101,735.452101,0.687103271484375,687.103271484375,48.34882951562503,900.0,0.0008171690011111112
TP1,smpc,0,41,2018-12-01 10:15:00+00:00,32064,41,-0.344750714302063,-1.723753571510315,-455.7986880770386,0.0,0.0,1997.4799850191096,0.4993699962547774,0.018805623054504395,0.0,0.9992778897285461,1.0010343790054321,0.7095884680747986,0.0,0.0,True,True,False,0.03750000002167068,optimal,5006.718342632414,0.7777099609375,True,False,0,TP1,1.0,1.0049781799316406,0.5295653343200684,0.0,0.0,-1.1557694801211937e-09,-1.1557694801211937e-09,-8.668271100908953e-08,0.23082236842105233,8.668270779528604e-08,0.0,0.0,0.0,0.0,0.15572368421052604,0.0,0.0,-1.0,-1.0,-75.0,0.15970394736842106,75.0,0.0,0.0,0.0,0.0,0.15572368421052604,0.0,0.0,1.0,1.0,75.0,0.10470394691746489,0.0,75.0,True,24,24,10,0.822405639,822.405639,0.7777099609375,777.7099609375,44.695678062499965,900.0,0.0009137840433333333
TP1,smpc,0,42,2018-12-01 10:30:00+00:00,32064,42,-0.3328537106513977,-1.6642685532569885,-449.8823966375767,0.0,0.0,1837.6600766313013,0.45941501915782534,0.03524899482727051,0.0,0.9954681992530823,1.001037359237671,0.7050352692604065,0.0,0.0,True,True,False,0.07827695198357106,optimal,4781.768557165872,0.16168928146362305,True,False,0,TP1,0.9992156028747559,1.0013452768325806,0.5230677127838135,0.0,0.0,-1.0,-1.0,-75.0,0.2664473684210523,75.0,0.0,-0.28649747371673584,-0.28649747371673584,-21.487310528755188,0.16593015671168476,21.487309455871603,0.0,-0.888273298740387,-0.888273298740387,-66.62049740552902,0.19134868363604735,66.62049861495784,0.0,-1.0,-1.0,-75.0,0.19134868421052603,75.0,0.0,-1.0,-1.0,-75.0,0.1403289469174649,75.0,0.0,True,24,24,10,0.199952329,199.95232900000002,0.16168928146362305,161.68928146362305,38.263047536376966,900.0,0.00022216925444444447
TP1,smpc,0,43,2018-12-01 10:45:00+00:00,32064,43,-0.3706664443016052,-1.8533322215080261,-452.397767773391,0.0,0.0,1907.078837580392,0.476769709395098,0.04684317111968994,0.0,0.9955766797065735,1.0010794401168823,0.7052217125892639,0.0,0.0,True,True,False,0.09375,optimal,4554.616024094044,0.1674177646636963,True,False,0,TP1,0.9988374710083008,1.0013267993927002,0.5259883403778076,0.0,0.0,-1.0,-1.0,-75.0,0.30207236842105234,75.0,0.0,-1.0,-1.0,-75.0,0.20155515671168475,75.0,0.0,-1.0,-1.0,-75.0,0.22697368363604734,75.0,0.0,-1.0,-1.0,-75.0,0.22697368421052602,75.0,0.0,-1.0,-1.0,-75.0,0.17595394691746488,75.0,0.0,True,24,24,10,0.205308055,205.308055,0.1674177646636963,167.4177646636963,37.8902903363037,900.0,0.0002281200611111111
TP1,smpc,0,44,2018-12-01 11:00:00+00:00,32064,44,-0.3882699549198151,-1.9413497745990753,-456.6538352673888,0.0,0.0,2029.9494585590448,0.5074873646397612,0.044629037380218506,0.0,0.9956061244010925,1.0010263919830322,0.7071359753608704,0.0,0.0,True,True,False,0.09210712686181069,optimal,4319.742901052919,0.16094422340393066,True,False,0,TP1,0.9987814426422119,1.0013092756271362,0.528415322303772,0.0,0.0,-1.0,-1.0,-75.0,0.33769736842105236,75.0,0.0,-0.9123800992965698,-0.9123800992965698,-68.42850744724274,0.23405869774912505,68.42850577831271,0.0,-1.0,-1.0,-75.0,0.2625986836360473,75.0,0.0,-1.0,-1.0,-75.0,0.262598684210526,75.0,0.0,-1.0,-1.0,-75.0,0.21157894691746487,75.0,0.0,True,24,24,10,0.198485637,198.485637,0.16094422340393066,160.94422340393066,37.541413596069326,900.0,0.00022053959666666666
TP1,smpc,0,45,2018-12-01 11:15:00+00:00,32064,45,-0.39972800612449644,-1.9986400306224823,-460.7062041864083,0.0,0.0,2124.306105321059,0.5310765263302648,0.04166698455810547,0.0,0.9956444501876831,1.0009765625,0.7084910273551941,0.0,0.0,True,True,False,0.09002104550600051,optimal,4070.7573920370214,0.15370893478393555,True,False,0,TP1,0.9990242123603821,1.0012603998184204,0.5315762162208557,0.0,0.0,-1.0,-1.0,-75.0,0.3733223684210524,75.0,0.0,-0.8011224269866943,-0.8011224269866943,-60.084182024002075,0.262598684210526,60.084182024002025,0.0,-1.0,-1.0,-75.0,0.29822368363604734,75.0,0.0,-1.0,-1.0,-75.0,0.29822368421052603,75.0,0.0,-1.0,-1.0,-75.0,0.24720394691746486,75.0,0.0,True,24,24,10,0.193408011,193.408011,0.15370893478393555,153.70893478393555,39.69907621606444,900.0,0.00021489779
TP1,smpc,0,46,2018-12-01 11:30:00+00:00,32064,46,-0.4166173577308655,-2.0830867886543274,-465.3002506440771,0.0,0.0,2228.7593505582886,0.5571898376395722,0.04035741090774536,0.0,0.9970465898513794,1.0008995532989502,0.7101325392723083,0.0,0.0,True,True,False,0.08107687029987573,optimal,3814.560299945064,0.16148948669433594,True,False,0,TP1,0.998184084892273,1.0014938116073608,0.5383875966072083,0.0,0.0,-1.0,-1.0,-75.0,0.4089473684210524,75.0,0.0,-1.0,-1.0,-75.0,0.29822368421052603,75.0,0.0,-1.0,-1.0,-75.0,0.33384868363604736,75.00000120371456,0.0,-1.0,-1.0,-75.0,0.33384868421052605,75.0,0.0,-0.32409974932670593,-0.32409974932670593,-24.307481199502945,0.25875000048722874,24.307480173757558,0.0,True,24,24,10,0.2011782,201.1782,0.16148948669433594,161.48948669433594,39.688713305664066,900.0,0.00022353133333333333
TP1,smpc,0,47,2018-12-01 11:45:00+00:00,32064,47,-0.4192269444465637,-2.0961347222328186,-467.85725774566345,0.0,0.0,2221.646302855885,0.5554115757139713,0.04556030035018921,0.0,0.9956333637237549,1.0009255409240723,0.7120805978775024,0.0,0.0,True,True,False,0.09375,optimal,3543.2123959142828,0.1620023250579834,True,False,0,TP1,0.9981656670570374,1.001207947731018,0.5385535955429077,0.0,0.0,-1.0,-1.0,-75.0,0.4445723684210524,75.0,0.0,-1.0,-1.0,-75.0,0.33384868421052605,75.0,0.0,-1.0,-1.0,-75.0,0.3694736836360474,75.0,0.0,-1.0,-1.0,-75.0,0.36947368421052607,75.0,0.0,-1.0,-1.0,-75.0,0.29437500048722876,75.0,0.0,True,24,24,10,0.201642729,201.642729,0.1620023250579834,162.0023250579834,39.6404039420166,900.0,0.00022404747666666665
TP1,smpc,0,48,2018-12-01 12:00:00+00:00,32064,48,-0.4431724429130554,-2.215862214565277,-473.92509530777716,0.0,0.0,2398.9278491593914,0.5997319622898478,0.036418795585632324,0.0,0.9955936074256897,1.001332402229309,0.7163861393928528,0.0,0.0,True,True,False,0.09375,optimal,3272.049579508025,0.15662932395935059,True,False,0,TP1,0.9991613626480103,1.0026391744613647,0.5453129410743713,0.0,0.0,1.0,1.0,75.0,0.4050986842105261,0.0,75.0,-1.0,-1.0,-75.0,0.36947368421052607,75.0,0.0,-1.0,-1.0,-75.0,0.4050986836360474,75.0,0.0,-1.0,-1.0,-75.0,0.4050986842105261,75.0,0.0,-1.0,-1.0,-75.0,0.3300000004872288,75.0,0.0,True,24,24,10,0.195686903,195.686903,0.15662932395935059,156.6293239593506,39.05757904064941,900.0,0.0002174298922222222
TP1,smpc,0,49,2018-12-01 12:15:00+00:00,32064,49,-0.545777153968811,-2.728885769844055,-484.6909416685321,0.0,0.0,2856.479421538766,0.7141198553846915,0.04422265291213989,0.0,0.9968478679656982,1.0028133392333984,0.7205712199211121,0.0,0.0,True,True,False,0.09375,optimal,2978.7916623381807,0.1705493927001953,True,False,0,TP1,1.0,1.0036197900772095,0.5503342151641846,0.0,0.0,1.0,1.0,75.0,0.36562499999999976,0.0,75.0,1.0,1.0,75.0,0.32999999999999974,0.0,75.0,1.0,1.0,75.0,0.36562499942552107,0.0,75.0,1.0,1.0,75.0,0.36562499999999976,0.0,75.0,-1.0,-1.0,-75.0,0.3656250004872288,74.9999989742547,0.0,True,24,24,10,0.209610117,209.610117,0.1705493927001953,170.5493927001953,39.0607242998047,900.0,0.00023290013000000002
TP1,smpc,0,50,2018-12-01 12:30:00+00:00,32064,50,-0.39609735608100893,-1.9804867804050446,-480.2827662128948,0.0,0.0,2292.2108546714303,0.5730527136678576,0.03945326805114746,0.0,0.997044026851654,1.0007818937301636,0.7166758179664612,0.0,0.0,True,True,False,0.08105686772614717,optimal,2629.614765214944,0.1563100814819336,True,False,0,TP1,0.9980937242507935,1.0014299154281616,0.5472862124443054,0.0,0.0,-1.0,-1.0,-75.0,0.4012499999999998,75.0,0.0,-1.0,-1.0,-75.0,0.36562499999999976,75.0,0.0,-1.0,-1.0,-75.0,0.4012499994255211,75.0,0.0,-1.0,-1.0,-75.0,0.4012499999999998,75.0,0.0,-0.323032945394516,-0.323032945394516,-24.2274709045887,0.37713304916690843,24.227470581633366,0.0,True,24,24,10,0.194891218,194.891218,0.1563100814819336,156.3100814819336,38.58113651806641,900.0,0.0002165457977777778
TP1,smpc,0,51,2018-12-01 12:45:00+00:00,32064,51,-0.4154866099357605,-2.0774330496788025,-483.8030165772125,0.0,0.0,2202.430199673961,0.5506075499184903,0.045078277587890625,0.0,0.995643138885498,1.0008341073989868,0.7169756293296814,0.0,0.0,True,True,False,0.09344700537621975,optimal,2351.384097457275,0.15822148323059082,True,False,0,TP1,0.9985203742980957,1.0013656616210938,0.5537644028663635,0.0,0.0,-1.0,-1.0,-75.0,0.4368749999999998,75.0,0.0,-1.0,-1.0,-75.0,0.4012499999999998,75.0,0.0,-1.0,-1.0,-75.0,0.4368749994255211,75.0,0.0,-1.0,-1.0,-75.0,0.4368749999999998,75.0,0.0,-0.98384028673172,-0.98384028673172,-73.788021504879,0.412182359381726,73.7880195552621,0.0,True,24,24,10,0.198268956,198.268956,0.15822148323059082,158.22148323059082,40.047472769409175,900.0,0.00022029884
TP1,smpc,0,52,2018-12-01 13:00:00+00:00,32064,52,-0.4057396352291107,-2.0286981761455536,-488.1043926145594,0.0,0.0,2143.0385595280495,0.5357596398820124,0.04390847682952881,0.0,0.9956400394439697,1.0007802248001099,0.7187398672103882,0.0,0.0,True,True,False,0.09375,optimal,2087.2381432447764,0.14704298973083496,True,False,0,TP1,0.9983216524124146,1.0013939142227173,0.5537297129631042,0.0,0.0,-1.0,-1.0,-75.0,0.4724999999999998,75.0,0.0,-1.0,-1.0,-75.0,0.4368749999999998,75.0,0.0,-1.0,-1.0,-75.0,0.4724999994255211,75.0,0.0,-1.0,-1.0,-75.0,0.4724999999999998,75.0,0.0,-1.0,-1.0,-75.0,0.447807359381726,75.0,0.0,True,24,24,10,0.186522832,186.522832,0.14704298973083496,147.04298973083496,39.47984226916504,900.0,0.0002072475911111111
TP1,smpc,0,53,2018-12-01 13:15:00+00:00,32064,53,-0.39258304238319397,-1.9629152119159698,-492.7730002480075,0.0,0.0,2076.5444763791784,0.5191361190947946,0.042072415351867676,0.0,0.995741069316864,1.0007773637771606,0.7131611108779907,0.0,0.0,True,True,False,0.09375,optimal,1827.542218085482,0.1685504913330078,True,False,0,TP1,0.9985536336898804,1.0014457702636719,0.5567498803138733,0.0,0.0,-1.0,-1.0,-75.0,0.5081249999999998,75.0,0.0,-1.0,-1.0,-75.0,0.4724999999999998,75.0,0.0,-1.0,-1.0,-75.0,0.5081249994255211,75.0,0.0,-1.0,-1.0,-75.0,0.5081249999999998,75.0,0.0,-1.0,-1.0,-75.0,0.483432359381726,75.0,0.0,True,24,24,10,0.20811676,208.11676,0.1685504913330078,168.5504913330078,39.5662686669922,900.0,0.00023124084444444445
TP1,smpc,0,54,2018-12-01 13:30:00+00:00,32064,54,-0.3719710111618042,-1.859855055809021,-497.153323529119,0.0,0.0,1975.8075361261685,0.4939518840315421,0.038809120655059814,0.0,0.9958685040473938,1.0006556510925293,0.7163949012756348,0.0,0.0,True,True,False,0.09375,optimal,1578.494267047513,0.1306154727935791,True,False,0,TP1,0.9986311197280884,1.001473069190979,0.5563151240348816,0.0,0.0,-1.0,-1.0,-75.0,0.5437499999999998,75.0,0.0,-1.0,-1.0,-75.0,0.5081249999999998,75.0,0.0,-1.0,-1.0,-75.0,0.5437499994255212,75.00000056800964,-5.687239187891899e-07,-1.0,-1.0,-75.0,0.5437499999999998,75.0,0.0,-1.0,-1.0,-75.0,0.519057359381726,75.0,0.0,True,24,24,10,0.169177637,169.177637,0.1306154727935791,130.6154727935791,38.56216420642089,900.0,0.00018797515222222222
TP1,smpc,0,55,2018-12-01 13:45:00+00:00,32064,55,-0.35138139128685,-1.7569069564342499,-500.10566322816885,0.0,0.0,1862.2801363128801,0.46557003407822,0.03716188669204712,0.0,0.9959057569503784,1.0006269216537476,0.7127001881599426,0.0,0.0,True,True,False,0.09375,optimal,1339.7489328569923,0.5504891872406006,True,False,0,TP1,0.9985918402671814,1.0015530586242676,0.5610867738723755,0.0,0.0,-1.0,-1.0,-75.0,0.5793749999999999,75.0,0.0,-1.0,-1.0,-75.0,0.5437499999999998,75.0,0.0,-1.0,-1.0,-75.0,0.5793749994255212,75.0,0.0,-1.0,-1.0,-75.0,0.5793749999999999,75.0,0.0,-1.0,-1.0,-75.0,0.554682359381726,75.0,0.0,True,24,24,10,0.588338669,588.338669,0.5504891872406006,550.4891872406006,37.849481759399396,900.0,0.0006537096322222222
TP1,smpc,0,56,2018-12-01 14:00:00+00:00,32064,56,-0.33381174206733705,-1.6690587103366852,-501.1530113324625,0.0,0.0,1735.4904918510904,0.43387262296277257,0.039270997047424316,0.0,0.9960423707962036,1.0006452798843384,0.7141545414924622,0.0,0.0,True,True,False,0.09114025980234146,optimal,1115.709110159288,0.3327674865722656,True,False,0,TP1,0.9984594583511353,1.0016093254089355,0.5592004060745239,0.0,0.0,-1.0,-1.0,-75.0,0.6149999999999999,75.0,0.0,-1.0,-1.0,-75.0,0.5793749999999999,75.0,0.0,-1.0,-1.0,-75.0,0.6149999994255212,75.0,0.0,-1.0,-1.0,-75.0,0.6149999999999999,75.0,0.0,-0.8608138561248779,-0.8608138561248779,-64.56103920936584,0.5853488530061748,64.56103739758392,0.0,True,24,24,10,0.371029385,371.029385,0.3327674865722656,332.7674865722656,38.261898427734366,900.0,0.0004122548722222222
TP1,smpc,0,57,2018-12-01 14:15:00+00:00,32064,57,-0.30805549025535583,-1.5402774512767792,-500.7490598363802,0.0,0.0,1556.5721789797153,0.38914304474492883,0.04228013753890991,0.0,0.9955728650093079,1.0006598234176636,0.71990966796875,0.0,0.0,True,True,False,0.09374999888241291,optimal,906.2724307295189,0.7034444808959961,True,False,0,TP1,0.9984385967254639,1.0016260147094727,0.5654013156890869,0.0,0.0,-1.0,-1.0,-75.0,0.6506249999999999,75.0,0.0,-1.0,-1.0,-75.0,0.6149999999999999,75.0,0.0,-1.0,-1.0,-75.0,0.6506249994255212,75.0,0.0,-1.0,-1.0,-75.0,0.6506249999999999,75.0,0.0,-0.9999999403953552,-0.9999999403953552,-74.99999552965164,0.6209738508827594,74.99999709670863,0.0,True,24,24,10,0.741776579,741.7765790000001,0.7034444808959961,703.4444808959961,38.332098104003954,900.0,0.000824196198888889
TP1,smpc,0,58,2018-12-01 14:30:00+00:00,32064,58,-0.2873929440975189,-1.4369647204875946,-500.26367683403805,0.0,0.0,1401.303764816685,0.35032594120417127,0.045562028884887695,0.0,0.9953590631484985,1.0006660223007202,0.7175436615943909,0.0,0.0,True,True,False,0.09375,optimal,717.4595537644961,0.6660559177398682,True,False,0,TP1,0.9980814456939697,1.0016595125198364,0.5654772520065308,0.0,0.0,-1.0,-1.0,-75.0,0.6862499999999999,75.0,0.0,-1.0,-1.0,-75.0,0.6506249999999999,75.0,0.0,-1.0,-1.0,-75.0,0.6862499994255212,75.0,0.0,-1.0,-1.0,-75.0,0.6862499999999999,75.0,0.0,-1.0,-1.0,-75.0,0.6565988508827594,75.0,0.0,True,24,24,10,0.708080079,708.0800790000001,0.6660559177398682,666.0559177398682,42.02416126013186,900.0,0.0007867556433333333
TP1,smpc,0,59,2018-12-01 14:45:00+00:00,32064,59,-0.26428914070129395,-1.3214457035064697,-500.10402966518086,0.0,0.0,1217.6645840830333,0.30441614602075834,0.05074477195739746,0.0,0.9950482845306396,1.000669002532959,0.7181501984596252,0.0,0.0,True,True,False,0.09375,optimal,554.0260128807497,1.0591270923614502,True,False,0,TP1,0.9977039098739624,1.0017364025115967,0.5647526383399963,0.0,0.0,-1.0,-1.0,-75.0,0.7218749999999999,75.0,0.0,-1.0,-1.0,-75.0,0.6862499999999999,75.0,0.0,-1.0,-1.0,-75.0,0.7218749994255212,75.0,0.0,-1.0,-1.0,-75.0,0.7218749999999999,75.0,0.0,-1.0,-1.0,-75.0,0.6922238508827594,75.0,0.0,True,24,24,10,1.09976537,1099.76537,1.0591270923614502,1059.1270923614502,40.63827763854988,900.0,0.0012219615222222222
TP1,smpc,0,60,2018-12-01 15:00:00+00:00,32064,60,-0.23411782085895538,-1.170589104294777,-499.8973308497625,0.0,0.0,1026.471339253708,0.25661783481342704,0.051435232162475586,0.0,0.9948689341545105,1.000691294670105,0.7204389572143555,0.0,0.0,True,True,False,0.09375,optimal,409.26347234504635,0.8659875392913818,True,False,0,TP1,0.9980056285858154,1.001776933670044,0.5625426173210144,0.0,0.0,-1.0,-1.0,-75.0,0.7575,75.0,0.0,-1.0,-1.0,-75.0,0.7218749999999999,75.0,0.0,-1.0,-1.0,-75.0,0.7574999994255213,75.0,0.0,-1.0,-1.0,-75.0,0.7575,75.0,0.0,-1.0,-1.0,-75.0,0.7278488508827594,75.0,0.0,True,24,24,10,0.908963268,908.9632680000001,0.8659875392913818,865.9875392913818,42.97572870861821,900.0,0.0010099591866666667
TP1,smpc,0,61,2018-12-01 15:15:00+00:00,32064,61,-0.20211783051490784,-1.0105891525745392,-500.22238158476284,0.0,0.0,818.9639199249991,0.2047409799812498,0.05275827646255493,0.0,0.9946601986885071,1.000734567642212,0.7162206172943115,0.0,0.0,True,True,False,0.09375,optimal,288.54598454763976,0.79925537109375,True,False,0,TP1,0.9974969029426575,1.0018720626831055,0.5628865361213684,0.0,0.0,-1.0,-1.0,-75.0,0.793125,75.0,0.0,-1.0,-1.0,-75.0,0.7575,75.0,0.0,-1.0,-1.0,-75.0,0.7931249994255213,75.0,0.0,-1.0,-1.0,-75.0,0.793125,75.0,0.0,-1.0,-1.0,-75.0,0.7634738508827594,75.0,0.0,True,24,24,10,0.840359579,840.359579,0.79925537109375,799.25537109375,41.104207906250025,900.0,0.0009337328655555556
TP1,smpc,0,62,2018-12-01 15:30:00+00:00,32064,62,-0.17121743857860566,-0.8560871928930283,-500.1843906418344,0.0,0.0,622.2762566159382,0.15556906415398455,0.053326427936553955,0.0,0.9947428703308105,1.0007944107055664,0.7122974991798401,0.0,0.0,True,True,False,0.09060586765408515,optimal,197.45774648385938,3.4409141540527344,True,False,0,TP1,0.9978429675102234,1.0019053220748901,0.5611637830734253,0.0,0.0,-1.0,-1.0,-75.0,0.82875,75.0,0.0,-1.0,-1.0,-75.0,0.793125,75.0,0.0,-1.0,-1.0,-75.0,0.8287499994255213,75.0,0.0,-1.0,-1.0,-75.0,0.82875,75.0,0.0,-0.8323129415512085,-0.8323129415512085,-62.42347061634064,0.7931249994255213,62.42347182576955,0.0,True,24,24,10,3.481637327,3481.637327,3.4409141540527344,3440.9141540527344,40.72317294726568,900.0,0.003868485918888889
TP1,smpc,0,63,2018-12-01 15:45:00+00:00,32064,63,-0.13296733796596527,-0.6648366898298264,-499.34327364258024,0.0,0.0,353.65935566210163,0.0884148389155254,0.057986438274383545,0.0,0.9941161870956421,1.0008463859558105,0.719199001789093,0.0,0.0,True,True,False,0.09375,optimal,130.4545046424734,0.5501730442047119,True,False,0,TP1,0.9973388314247131,1.001983404159546,0.5640902519226074,0.0,0.0,-1.0,-1.0,-75.0,0.864375,75.0,0.0,-1.0,-1.0,-75.0,0.82875,75.0,0.0,-1.0,-1.0,-75.0,0.8643749994255213,75.0,0.0,-1.0,-1.0,-75.0,0.864375,75.0,0.0,-1.0,-1.0,-75.0,0.8287499994255213,75.0,0.0,True,24,24,10,0.594659326,594.6593260000001,0.5501730442047119,550.1730442047119,44.48628179528813,900.0,0.0006607325844444445
TP1,smpc,0,64,2018-12-01 16:00:00+00:00,32064,64,-0.10003142654895783,-0.5001571327447891,-499.1003302404806,0.0,0.0,141.9999959634429,0.035499998990860725,0.05875742435455322,0.0,0.9936368465423584,1.0008925199508667,0.7188099026679993,0.0,0.0,True,True,False,0.09006529189646244,optimal,95.20560516941735,0.2678377628326416,True,False,0,TP1,0.996778130531311,1.0020297765731812,0.5633283853530884,0.0,0.0,-0.8034822344779968,-0.8034822344779968,-60.26116758584976,0.8929990546032787,60.26116635148819,0.0,-1.0,-1.0,-75.0,0.864375,75.0,0.0,-1.0,-1.0,-75.0,0.8999999994255213,75.0,0.0,-1.0,-1.0,-75.0,0.9,75.0,0.0,-1.0,-1.0,-75.0,0.8643749994255213,75.0,0.0,True,24,24,10,0.306275514,306.27551400000004,0.2678377628326416,267.8377628326416,38.43775116735843,900.0,0.0003403061266666667
TP1,smpc,0,65,2018-12-01 16:15:00+00:00,32064,65,-0.08674861490726471,-0.43374307453632355,-500.33569062861716,0.0,0.0,79.11981652182497,0.019779954130456242,0.06288450956344604,0.0,0.9941462278366089,1.0015391111373901,0.7183616161346436,0.0,0.0,True,True,False,0.04118470810353756,optimal,88.18926071875052,0.11890816688537598,True,False,0,TP1,0.9973295331001282,1.0028387308120728,0.5647143125534058,0.0,0.0,-0.19651776552200317,-0.19651776552200317,-14.73883241415023,0.9,14.73883241415023,0.0,-1.0,-1.0,-75.0,0.9,75.0,0.0,-0.0,-0.0,0.0,0.8999999994255213,0.0,-1.0865093753283145e-06,0.0,0.0,0.0,0.9,0.0,0.0,-1.0,-1.0,-75.0,0.8999999994255213,75.0,0.0,True,24,24,10,0.165460884,165.460884,0.11890816688537598,118.90816688537598,46.55271711462402,900.0,0.00018384542666666668
TP1,smpc,0,66,2018-12-01 16:30:00+00:00,32064,66,-0.026684127748012543,-0.1334206387400627,-480.08897998556677,0.0,0.0,0.0,0.0,0.03932666778564453,0.0,0.9958668351173401,1.0013121366500854,0.7158265113830566,0.0,0.0,True,True,False,0.0,optimal,88.64009356518343,0.1427912712097168,True,False,0,TP1,0.9973220229148865,1.0025341510772705,0.5409007668495178,0.0,0.0,0.0,0.0,0.0,0.9,0.0,0.0,0.0,0.0,0.0,0.9,0.0,0.0,0.0,0.0,0.0,0.8999999994255213,0.0,0.0,0.0,0.0,0.0,0.9,0.0,0.0,0.0,0.0,0.0,0.8999999994255213,0.0,0.0,True,24,24,10,0.184243918,184.243918,0.1427912712097168,142.7912712097168,41.45264679028321,900.0,0.00020471546444444445
TP1,smpc,0,67,2018-12-01 16:45:00+00:00,32064,67,-0.158090740442276,-0.79045370221138,-192.21217576955496,0.0,0.0,0.0,0.0,0.12160825729370117,0.0,0.9923123717308044,1.0000642538070679,0.5604376196861267,0.0,0.0,True,True,False,0.0,optimal,94.57773807129126,0.12631678581237793,True,False,0,TP1,0.9925082921981812,1.0011425018310547,0.31388112902641296,0.0,0.0,0.0,0.0,0.0,0.9,0.0,0.0,0.0,0.0,0.0,0.9,0.0,0.0,0.0,0.0,0.0,0.8999999994255213,0.0,0.0,0.0,0.0,0.0,0.9,0.0,0.0,0.0,0.0,0.0,0.8999999994255213,0.0,0.0,True,24,24,10,0.165919765,165.91976499999998,0.12631678581237793,126.31678581237793,39.60297918762207,900.0,0.00018435529444444445
TP1,smpc,0,68,2018-12-01 17:00:00+00:00,32064,68,-0.4971614360809326,-2.485807180404663,18.777623639152807,0.004694405909788202,0.21936958816440266,0.0,0.0,0.1741269826889038,0.0,0.9898152351379395,1.0,0.5205428004264832,0.0,0.0,True,True,False,0.02497099991887808,optimal,100.56062578751754,0.13707447052001953,True,False,0,TP1,0.9895676374435425,1.0005320310592651,0.29430487751960754,0.0,0.0,0.0,0.0,0.0,0.9,0.0,0.0,0.3317866623401642,0.3317866623401642,24.883999675512314,0.8869031580655199,0.0,24.883999347686768,0.0,0.0,0.0,0.8999999994255213,0.0,0.0,1.0,1.0,75.0,0.8605263157894737,0.0,75.0,0.0,0.0,0.0,0.8999999994255213,0.0,0.0,True,24,24,10,0.175671213,175.671213,0.13707447052001953,137.07447052001953,38.59674247998046,900.0,0.00019519023666666666
TP1,smpc,0,69,2018-12-01 17:15:00+00:00,32064,69,-7.412870407104492,-37.06435203552246,465.37621117272465,0.11634405279318116,5.4367575870253555,0.0,0.0,0.29385507106781006,0.0,0.9822534918785095,1.0,0.7024380564689636,0.0,0.0,True,True,False,0.09375,optimal,106.3148814522043,0.11909198760986328,True,False,0,TP1,0.9832454323768616,1.0,0.5059500336647034,0.0,0.0,1.0,1.0,75.0,0.8605263157894737,0.0,75.0,1.0,1.0,75.0,0.8474294738549936,0.0,75.0,1.0,1.0,75.0,0.860526315214995,0.0,75.0,1.0,1.0,75.0,0.8210526315789474,0.0,75.0,1.0,1.0,75.0,0.860526315214995,0.0,75.0,True,24,24,10,0.157080705,157.080705,0.11909198760986328,119.09198760986328,37.988717390136706,900.0,0.00017453411666666665
TP1,smpc,0,70,2018-12-01 17:30:00+00:00,32064,70,-7.420432090759277,-37.10216045379639,463.3452403068077,0.11583631007670192,5.413030769884281,0.0,0.0,0.29464244842529297,0.0,0.982155978679657,1.0,0.7001290321350098,0.0,0.0,True,True,False,0.09375,optimal,107.52965921868103,0.13776469230651855,True,False,0,TP1,0.9831259846687317,1.0,0.5013449192047119,0.0,0.0,1.0,1.0,75.0,0.8210526315789474,0.0,75.0,1.0,1.0,75.0,0.8079557896444672,0.0,75.0,1.0,1.0,75.0,0.8210526310044687,0.0,75.0,1.0,1.0,75.0,0.781578947368421,0.0,75.0,1.0,1.0,75.0,0.8210526310044687,0.0,75.0,True,24,24,10,0.176502886,176.502886,0.13776469230651855,137.76469230651855,38.73819369348144,900.0,0.00019611431777777778
TP1,smpc,0,71,2018-12-01 17:45:00+00:00,32064,71,-7.466170787811279,-37.3308539390564,466.25789579911725,0.11656447394977931,5.447057867673187,0.0,0.0,0.2957988977432251,0.0,0.982107937335968,1.0,0.7034021019935608,0.0,0.0,True,True,False,0.09375,optimal,108.76189552900142,0.11342358589172363,True,False,0,TP1,0.9831480979919434,1.0,0.5035912990570068,0.0,0.0,1.0,1.0,75.0,0.781578947368421,0.0,75.0,1.0,1.0,75.0,0.7684821054339409,0.0,75.0,1.0,1.0,75.0,0.7815789467939424,0.0,75.0,1.0,1.0,75.0,0.7421052631578947,0.0,75.0,1.0,1.0,75.0,0.7815789467939424,0.0,75.0,True,24,24,10,0.151791086,151.79108599999998,0.11342358589172363,113.42358589172363,38.36750010827636,900.0,0.0001686567622222222
TP1,smpc,0,72,2018-12-01 18:00:00+00:00,32064,72,-7.212060928344727,-36.06030464172363,470.8131974271055,0.11770329935677637,5.250744184305794,0.0,0.0,0.29664361476898193,0.0,0.9822080731391907,1.0,0.7085269093513489,0.0,0.0,True,True,False,0.09375,optimal,109.93906642469264,0.11646175384521484,True,False,0,TP1,0.9827010035514832,1.0,0.5217643976211548,0.0,0.0,1.0,1.0,75.0,0.7421052631578947,0.0,75.0,1.0,1.0,75.0,0.7290084212234146,0.0,75.0,1.0,1.0,75.0,0.742105262583416,0.0,75.0,1.0,1.0,75.0,0.7026315789473684,0.0,75.0,1.0,1.0,75.0,0.742105262583416,0.0,75.0,True,24,24,10,0.154830259,154.83025899999998,0.11646175384521484,116.46175384521484,38.368505154785154,900.0,0.00017203362111111112
TP1,smpc,0,73,2018-12-01 18:15:00+00:00,32064,73,-7.22255802154541,-36.11279010772705,471.49869557392776,0.11787467389348194,5.258389202388229,0.0,0.0,0.2970730662345886,0.0,0.9822813272476196,1.0,0.7096989154815674,0.0,0.0,True,True,False,0.09375,optimal,111.45228028484922,0.13301420211791992,True,False,0,TP1,0.983366847038269,1.0,0.5134855508804321,0.0,0.0,1.0,1.0,75.0,0.7026315789473684,0.0,75.0,1.0,1.0,75.0,0.6895347370128883,0.0,75.0,1.0,1.0,75.0,0.7026315783728897,0.0,75.0,1.0,1.0,75.0,0.6631578947368421,0.0,75.0,1.0,1.0,75.0,0.7026315783728897,0.0,75.0,True,24,24,10,0.17069504,170.69504,0.13301420211791992,133.01420211791992,37.68083788208007,900.0,0.00018966115555555554
TP1,smpc,0,74,2018-12-01 18:30:00+00:00,32064,74,-7.243814945220947,-36.219074726104736,473.0217653936961,0.11825544134842403,5.275375238553196,0.0,0.0,0.29643863439559937,0.0,0.9823445081710815,1.0,0.7114137411117554,0.0,0.0,True,True,False,0.09375,optimal,112.92632669834967,0.11640143394470215,True,False,0,TP1,0.983623206615448,1.0,0.5137389898300171,0.0,0.0,1.0,1.0,75.0,0.6631578947368421,0.0,75.0,1.0,1.0,75.0,0.6500610528023619,0.0,75.0,1.0,1.0,75.0,0.6631578941623634,0.0,75.0,1.0,1.0,75.0,0.6236842105263157,0.0,75.0,1.0,1.0,75.0,0.6631578941623634,0.0,75.0,True,24,24,10,0.155590132,155.59013199999998,0.11640143394470215,116.40143394470215,39.18869805529784,900.0,0.00017287792444444443
TP1,smpc,0,75,2018-12-01 18:45:00+00:00,32064,75,-7.1801862716674805,-35.9009313583374,468.86737926774913,0.11721684481693728,5.229043447283572,0.0,0.0,0.2938251495361328,0.0,0.9825186729431152,1.0,0.7067258954048157,0.0,0.0,True,True,False,0.09375,optimal,114.45722786296008,0.12360167503356934,True,False,0,TP1,0.9838253855705261,1.0,0.49905866384506226,0.0,0.0,1.0,1.0,75.0,0.6236842105263157,0.0,75.0,1.0,1.0,75.0,0.6105873685918356,0.0,75.0,1.0,1.0,75.0,0.623684209951837,0.0,75.0,1.0,1.0,75.0,0.5842105263157894,0.0,75.0,1.0,1.0,75.0,0.623684209951837,0.0,75.0,True,24,24,10,0.163096576,163.096576,0.12360167503356934,123.60167503356934,39.494900966430656,900.0,0.00018121841777777776
TP1,smpc,0,76,2018-12-01 19:00:00+00:00,32064,76,-6.436212539672852,-32.18106269836426,468.93588840134726,0.11723397210033681,4.656533371825378,0.0,0.0,0.2940477132797241,0.0,0.9825036525726318,1.0,0.7068039178848267,0.0,0.0,True,True,False,0.09375,optimal,115.98198042013746,0.14096617698669434,True,False,0,TP1,0.9839261174201965,1.0,0.5032302737236023,0.0,0.0,1.0,1.0,75.0,0.5842105263157894,0.0,75.0,1.0,1.0,75.0,0.5711136843813093,0.0,75.0,1.0,1.0,75.0,0.5842105257413107,0.0,75.0,1.0,1.0,75.0,0.5447368421052631,0.0,75.0,1.0,1.0,75.0,0.5842105257413107,0.0,75.0,True,24,24,10,0.179475635,179.47563499999998,0.14096617698669434,140.96617698669434,38.50945801330566,900.0,0.00019941737222222222
TP1,smpc,0,77,2018-12-01 19:15:00+00:00,32064,77,-6.389327049255371,-31.946635246276855,465.4407527391413,0.11636018818478533,4.6218266746996735,0.0,0.0,0.29268890619277954,0.0,0.9825277924537659,1.0,0.7028682827949524,0.0,0.0,True,True,False,0.09375,optimal,117.96606077215458,0.11584162712097168,True,False,0,TP1,0.9836363792419434,1.0,0.49765342473983765,0.0,0.0,1.0,1.0,75.0,0.5447368421052631,0.0,75.0,1.0,1.0,75.0,0.531640000170783,0.0,75.0,1.0,1.0,75.0,0.5447368415307844,0.0,75.0,1.0,1.0,75.0,0.5052631578947367,0.0,75.0,1.0,1.0,75.0,0.5447368415307844,0.0,75.0,True,24,24,10,0.157040851,157.040851,0.11584162712097168,115.84162712097168,41.19922387902833,900.0,0.00017448983444444445
TP1,smpc,0,78,2018-12-01 19:30:00+00:00,32064,78,-6.29401969909668,-31.4700984954834,458.5608143695481,0.11464020359238702,4.553508886689612,0.0,0.0,0.2876932621002197,0.0,0.9829025864601135,1.0,0.6951119303703308,0.0,0.0,True,True,False,0.09375,optimal,119.95401597346682,0.11818957328796387,True,False,0,TP1,0.984113872051239,1.0,0.48581188917160034,0.0,0.0,1.0,1.0,75.0,0.5052631578947367,0.0,75.0,1.0,1.0,75.0,0.4921663159602566,0.0,75.0,1.0,1.0,75.0,0.5052631573202581,0.0,75.0,1.0,1.0,75.0,0.4657894736842104,0.0,75.0,1.0,1.0,75.0,0.5052631573202581,0.0,75.0,True,24,24,10,0.156204405,156.20440499999998,0.11818957328796387,118.18957328796387,38.01483171203613,900.0,0.00017356045
TP1,smpc,0,79,2018-12-01 19:45:00+00:00,32064,79,-6.272949695587158,-31.36474847793579,456.9909470806124,0.1142477367701531,4.537920104510481,0.0,0.0,0.28707432746887207,0.0,0.9829349517822266,1.0,0.6933459639549255,0.0,0.0,True,True,False,0.09375,optimal,122.02065417494762,0.11581707000732422,True,False,0,TP1,0.9842222929000854,1.0,0.47575128078460693,0.0,0.0,1.0,1.0,75.0,0.4657894736842104,0.0,75.0,1.0,1.0,75.0,0.4526926317497303,0.0,75.0,1.0,1.0,75.0,0.46578947310973173,0.0,75.0,1.0,1.0,75.0,0.4263157894736841,0.0,75.0,1.0,1.0,75.0,0.46578947310973173,0.0,75.0,True,24,24,10,0.15354104,153.54103999999998,0.11581707000732422,115.81707000732422,37.72396999267577,900.0,0.00017060115555555554
TP1,smpc,0,80,2018-12-01 20:00:00+00:00,32064,80,-7.753843498229981,-38.7692174911499,609.0404753385883,0.15226011883464707,5.578810754101469,0.0,0.0,0.3671824336051941,0.0,0.9775164127349854,1.0,0.802770733833313,0.0,0.0,True,True,False,0.05625,optimal,124.04585953972213,0.1302793025970459,True,False,0,TP1,0.9788496494293213,1.0,0.6181272864341736,0.0,0.0,1.0,1.0,75.0,0.4263157894736841,0.0,75.0,0.0,0.0,0.0,0.4526926317497303,0.0,0.0,1.0,1.0,75.0,0.4263157888992054,0.0,75.0,0.0,0.0,0.0,0.4263157894736841,0.0,0.0,1.0,1.0,75.0,0.4263157888992054,0.0,75.0,True,24,24,10,0.167868687,167.868687,0.1302793025970459,130.2793025970459,37.58938440295409,900.0,0.00018652076333333333
TP1,smpc,0,81,2018-12-01 20:15:00+00:00,32064,81,-10.527321815490723,-52.63660907745361,832.71536825373,0.2081788420634325,7.627672773204167,0.0,0.0,0.44841498136520386,0.0,0.9735767245292664,1.0,0.9829866290092468,0.0,0.0,True,True,False,0.0,optimal,124.98045146060886,0.11504817008972168,True,False,0,TP1,0.975124180316925,1.0,0.8316478133201599,0.0,0.0,0.0,0.0,0.0,0.4263157894736841,0.0,0.0,0.0,0.0,0.0,0.4526926317497303,0.0,0.0,0.0,0.0,0.0,0.4263157888992054,0.0,0.0,0.0,0.0,0.0,0.4263157894736841,0.0,0.0,0.0,0.0,0.0,0.4263157888992054,0.0,0.0,True,24,24,10,0.153453582,153.453582,0.11504817008972168,115.04817008972168,38.405411910278325,900.0,0.00017050398
TP1,smpc,0,82,2018-12-01 20:30:00+00:00,32064,82,-10.47482967376709,-52.37414836883545,830.7967224700405,0.20769918061751014,7.610097977825571,0.0,0.0,0.4474632143974304,0.0,0.9736256003379822,1.0,0.980729341506958,0.0,0.0,True,True,False,0.0,optimal,123.93966080648585,0.1115570068359375,True,False,0,TP1,0.9748812317848206,1.0,0.8303414583206177,0.0,0.0,0.0,0.0,0.0,0.4263157894736841,0.0,0.0,0.0,0.0,0.0,0.4526926317497303,0.0,0.0,0.0,0.0,0.0,0.4263157888992054,0.0,0.0,0.0,0.0,0.0,0.4263157894736841,0.0,0.0,0.0,0.0,0.0,0.4263157888992054,0.0,0.0,True,24,24,10,0.149659082,149.659082,0.1115570068359375,111.5570068359375,38.1020751640625,900.0,0.0001662878688888889
TP1,smpc,0,83,2018-12-01 20:45:00+00:00,32064,83,-10.444377899169922,-52.22188949584961,828.3566555630841,0.20708916389077103,7.587746964957851,0.0,0.0,0.4463895559310913,0.0,0.9736673831939697,1.0,0.97785884141922,0.0,0.0,True,True,False,0.0,optimal,122.90479414120314,0.1319141387939453,True,False,0,TP1,0.9747694730758667,1.0,0.8286539912223816,0.0,0.0,0.0,0.0,0.0,0.4263157894736841,0.0,0.0,0.0,0.0,0.0,0.4526926317497303,0.0,0.0,0.0,0.0,0.0,0.4263157888992054,0.0,0.0,0.0,0.0,0.0,0.4263157894736841,0.0,0.0,0.0,0.0,0.0,0.4263157888992054,0.0,0.0,True,24,24,10,0.169668098,169.668098,0.1319141387939453,131.9141387939453,37.753959206054674,900.0,0.0001885201088888889
TP1,smpc,0,84,2018-12-01 21:00:00+00:00,32064,84,-10.133447647094727,-50.66723823547363,823.1601645522915,0.20579004113807287,7.350820269451963,0.0,0.0,0.44413912296295166,0.0,0.9738083481788635,1.0,0.9717556834220886,0.0,0.0,True,True,False,0.0,optimal,121.87540272457171,0.11620926856994629,True,False,0,TP1,0.9752237796783447,1.0,0.8228272795677185,0.0,0.0,0.0,0.0,0.0,0.4263157894736841,0.0,0.0,0.0,0.0,0.0,0.4526926317497303,0.0,0.0,0.0,0.0,0.0,0.4263157888992054,0.0,0.0,0.0,0.0,0.0,0.4263157894736841,0.0,0.0,0.0,0.0,0.0,0.4263157888992054,0.0,0.0,True,24,24,10,0.154712334,154.712334,0.11620926856994629,116.20926856994629,38.50306543005372,900.0,0.00017190259333333335
TP1,smpc,0,85,2018-12-01 21:15:00+00:00,32064,85,-10.010462760925293,-50.052313804626465,813.181178754121,0.20329529468853025,7.2617079262743,0.0,0.0,0.438647985458374,0.0,0.9741195440292358,1.0,0.9600904583930969,0.0,0.0,True,True,False,0.0,optimal,120.87602271969342,0.11129903793334961,True,False,0,TP1,0.9752089381217957,1.0,0.8175249099731445,0.0,0.0,0.0,0.0,0.0,0.4263157894736841,0.0,0.0,0.0,0.0,0.0,0.4526926317497303,0.0,0.0,0.0,0.0,0.0,0.4263157888992054,0.0,0.0,0.0,0.0,0.0,0.4263157894736841,0.0,0.0,0.0,0.0,0.0,0.4263157888992054,0.0,0.0,True,24,24,10,0.148805834,148.805834,0.11129903793334961,111.29903793334961,37.50679606665039,900.0,0.00016533981555555554
TP1,smpc,0,86,2018-12-01 21:30:00+00:00,32064,86,-9.897696495056152,-49.48848247528076,804.0408679798929,0.20101021699497323,7.180084951060444,0.0,0.0,0.43352800607681274,0.0,0.9744136929512024,1.0,0.9492343068122864,0.0,0.0,True,True,False,0.0,optimal,119.9341650213405,0.1295323371887207,True,False,0,TP1,0.975878119468689,1.0,0.7941582202911377,0.0,0.0,0.0,0.0,0.0,0.4263157894736841,0.0,0.0,0.0,0.0,0.0,0.4526926317497303,0.0,0.0,0.0,0.0,0.0,0.4263157888992054,0.0,0.0,0.0,0.0,0.0,0.4263157894736841,0.0,0.0,0.0,0.0,0.0,0.4263157888992054,0.0,0.0,True,24,24,10,0.169871462,169.871462,0.1295323371887207,129.5323371887207,40.3391248112793,900.0,0.0001887460688888889
TP1,smpc,0,87,2018-12-01 21:45:00+00:00,32064,87,-9.788318634033203,-48.941593170166016,795.1613995148819,0.19879034987872046,7.100791297667895,0.0,0.0,0.4286845326423645,0.0,0.9746556878089905,1.0,0.9387811422348022,0.0,0.0,True,True,False,0.0,optimal,119.00954137771896,0.1281599998474121,True,False,0,TP1,0.9756794571876526,1.0,0.7951309084892273,0.0,0.0,0.0,0.0,0.0,0.4263157894736841,0.0,0.0,0.0,0.0,0.0,0.4526926317497303,0.0,0.0,0.0,0.0,0.0,0.4263157888992054,0.0,0.0,0.0,0.0,0.0,0.4263157894736841,0.0,0.0,0.0,0.0,0.0,0.4263157888992054,0.0,0.0,True,24,24,10,0.167180394,167.180394,0.1281599998474121,128.1599998474121,39.0203941525879,900.0,0.00018575599333333335
TP1,smpc,0,88,2018-12-01 22:00:00+00:00,32064,88,-9.0570707321167,-45.285353660583496,788.8077545319447,0.19720193863298618,6.541188304456152,0.0,0.0,0.4257895350456238,0.0,0.9747820496559143,1.0,0.931304395198822,0.0,0.0,True,True,False,0.0,optimal,118.15633775871038,0.11287713050842285,True,False,0,TP1,0.9761680960655212,1.0,0.7899580597877502,0.0,0.0,0.0,0.0,0.0,0.4263157894736841,0.0,0.0,0.0,0.0,0.0,0.4526926317497303,0.0,0.0,0.0,0.0,0.0,0.4263157888992054,0.0,0.0,0.0,0.0,0.0,0.4263157894736841,0.0,0.0,0.0,0.0,0.0,0.4263157888992054,0.0,0.0,True,24,24,10,0.155499623,155.499623,0.11287713050842285,112.87713050842285,42.622492491577155,900.0,0.0001727773588888889
TP1,smpc,0,89,2018-12-01 22:15:00+00:00,32064,89,-8.966618537902832,-44.83309268951416,780.8918848563735,0.19522297121409338,6.475545955171477,0.0,0.0,0.4218527674674988,0.0,0.9750090837478638,1.0,0.9219874739646912,0.0,0.0,True,True,False,0.0,optimal,117.60427989955143,0.1186208724975586,True,False,0,TP1,0.976265549659729,1.0,0.773966908454895,0.0,0.0,0.0,0.0,0.0,0.4263157894736841,0.0,0.0,0.0,0.0,0.0,0.4526926317497303,0.0,0.0,0.0,0.0,0.0,0.4263157888992054,0.0,0.0,0.0,0.0,0.0,0.4263157894736841,0.0,0.0,0.0,0.0,0.0,0.4263157888992054,0.0,0.0,True,24,24,10,0.160013856,160.013856,0.1186208724975586,118.6208724975586,41.39298350244142,900.0,0.00017779317333333335
TP1,smpc,0,90,2018-12-01 22:30:00+00:00,32064,90,-8.866731643676758,-44.33365821838379,772.1345714305698,0.19303364285764246,6.402925933588,0.0,0.0,0.41763657331466675,0.0,0.9752291440963745,1.0,0.91168212890625,0.0,0.0,True,True,False,0.0,optimal,117.01780117983202,0.14223313331604004,True,False,0,TP1,0.9766659140586853,1.0,0.7686393857002258,0.0,0.0,0.0,0.0,0.0,0.4263157894736841,0.0,0.0,0.0,0.0,0.0,0.4526926317497303,0.0,0.0,0.0,0.0,0.0,0.4263157888992054,0.0,0.0,0.0,0.0,0.0,0.4263157894736841,0.0,0.0,0.0,0.0,0.0,0.4263157888992054,0.0,0.0,True,24,24,10,0.183960566,183.960566,0.14223313331604004,142.23313331604004,41.727432683959954,900.0,0.0002044006288888889
TP1,smpc,0,91,2018-12-01 22:45:00+00:00,32064,91,-8.787224769592285,-43.936123847961426,765.1597232766107,0.1912899308191527,6.345087005271295,0.0,0.0,0.4143167734146118,0.0,0.97539883852005,1.0,0.9034740924835205,0.0,0.0,True,True,False,0.0,optimal,116.48980048618753,0.11553692817687988,True,False,0,TP1,0.976496160030365,1.0,0.767997682094574,0.0,0.0,0.0,0.0,0.0,0.4263157894736841,0.0,0.0,0.0,0.0,0.0,0.4526926317497303,0.0,0.0,0.0,0.0,0.0,0.4263157888992054,0.0,0.0,0.0,0.0,0.0,0.4263157894736841,0.0,0.0,0.0,0.0,0.0,0.4263157888992054,0.0,0.0,True,24,24,10,0.155384216,155.38421599999998,0.11553692817687988,115.53692817687988,39.84728782312011,900.0,0.00017264912888888888
TP1,smpc,0,92,2018-12-01 23:00:00+00:00,32064,92,-9.43191146850586,-47.1595573425293,758.9831263546785,0.18974578158866962,6.8441303419033135,0.0,0.0,0.4111858606338501,0.0,0.97556072473526,1.0,0.8962047100067139,0.0,0.0,True,True,False,0.0,optimal,115.99862636704322,0.1168510913848877,True,False,0,TP1,0.9769660830497742,1.0,0.7559736967086792,0.0,0.0,0.0,0.0,0.0,0.4263157894736841,0.0,0.0,0.0,0.0,0.0,0.4526926317497303,0.0,0.0,0.0,0.0,0.0,0.4263157888992054,0.0,0.0,0.0,0.0,0.0,0.4263157894736841,0.0,0.0,0.0,0.0,0.0,0.4263157888992054,0.0,0.0,True,24,24,10,0.156415656,156.41565599999998,0.1168510913848877,116.8510913848877,39.56456461511229,900.0,0.0001737951733333333
TP1,smpc,0,93,2018-12-01 23:15:00+00:00,32064,93,-9.3526029586792,-46.763014793395996,752.5833163217612,0.1881458290804403,6.786420054931482,0.0,0.0,0.4078901410102844,0.0,0.975732147693634,1.0,0.8886721134185791,0.0,0.0,True,True,False,0.0,optimal,115.09350076081458,0.14158153533935547,True,False,0,TP1,0.9767388701438904,1.0,0.7563628554344177,0.0,0.0,0.0,0.0,0.0,0.4263157894736841,0.0,0.0,0.0,0.0,0.0,0.4526926317497303,0.0,0.0,0.0,0.0,0.0,0.4263157888992054,0.0,0.0,0.0,0.0,0.0,0.4263157894736841,0.0,0.0,0.0,0.0,0.0,0.4263157888992054,0.0,0.0,True,24,24,10,0.182530419,182.530419,0.14158153533935547,141.58153533935547,40.94888366064453,900.0,0.00020281157666666666
TP1,smpc,0,94,2018-12-01 23:30:00+00:00,32064,94,-9.28535270690918,-46.4267635345459,747.0929130931836,0.1867732282732959,6.736910343817783,0.0,0.0,0.40566855669021606,0.0,0.9758028388023376,1.0,0.8822135925292969,0.0,0.0,True,True,False,0.0,optimal,114.23928814713614,0.11831927299499512,True,False,0,TP1,0.976783037185669,1.0,0.747792661190033,0.0,0.0,0.0,0.0,0.0,0.4263157894736841,0.0,0.0,0.0,0.0,0.0,0.4526926317497303,0.0,0.0,0.0,0.0,0.0,0.4263157888992054,0.0,0.0,0.0,0.0,0.0,0.4263157894736841,0.0,0.0,0.0,0.0,0.0,0.4263157888992054,0.0,0.0,True,24,24,10,0.15758401,157.58401,0.11831927299499512,118.31927299499512,39.26473700500488,900.0,0.00017509334444444443
TP1,smpc,0,95,2018-12-01 23:45:00+00:00,32064,95,-9.229866027832031,-46.149330139160156,742.5868930422439,0.18564672326056098,6.696277308008434,0.0,0.0,0.4036197066307068,0.0,0.9758662581443787,1.0,0.8769124150276184,0.0,0.0,True,True,False,0.0,optimal,113.58028070748045,0.11444258689880371,True,False,0,TP1,0.9770409464836121,1.0,0.7335445880889893,0.0,0.0,0.0,0.0,0.0,0.4263157894736841,0.0,0.0,0.0,0.0,0.0,0.4526926317497303,0.0,0.0,0.0,0.0,0.0,0.4263157888992054,0.0,0.0,0.0,0.0,0.0,0.4263157894736841,0.0,0.0,0.0,0.0,0.0,0.4263157888992054,0.0,0.0,True,24,24,10,0.153241973,153.241973,0.11444258689880371,114.44258689880371,38.79938610119629,900.0,0.0001702688588888889
